# OmniSplat 3D - Authentic Saarpolygon Google Earth 3D Digital Twin
# Katja Pfeiffer & Oliver Sachse - Authentic 3-Segment Spatial Polygon

v -38.0000 0.0000 34.0000 0.430 0.400 0.360
v 38.0000 0.0000 34.0000 0.430 0.400 0.360
v 38.0000 0.6000 34.0000 0.430 0.400 0.360
v -38.0000 0.6000 34.0000 0.430 0.400 0.360
v 38.0000 0.0000 -34.0000 0.430 0.400 0.360
v -38.0000 0.0000 -34.0000 0.430 0.400 0.360
v -38.0000 0.6000 -34.0000 0.430 0.400 0.360
v 38.0000 0.6000 -34.0000 0.430 0.400 0.360
v -38.0000 0.6000 -34.0000 0.430 0.400 0.360
v 38.0000 0.6000 -34.0000 0.430 0.400 0.360
v 38.0000 0.6000 34.0000 0.430 0.400 0.360
v -38.0000 0.6000 34.0000 0.430 0.400 0.360
v -38.0000 0.0000 -34.0000 0.430 0.400 0.360
v 38.0000 0.0000 -34.0000 0.430 0.400 0.360
v 38.0000 0.0000 34.0000 0.430 0.400 0.360
v -38.0000 0.0000 34.0000 0.430 0.400 0.360
v 38.0000 0.0000 34.0000 0.430 0.400 0.360
v 38.0000 0.0000 -34.0000 0.430 0.400 0.360
v 38.0000 0.6000 -34.0000 0.430 0.400 0.360
v 38.0000 0.6000 34.0000 0.430 0.400 0.360
v -38.0000 0.0000 -34.0000 0.430 0.400 0.360
v -38.0000 0.0000 34.0000 0.430 0.400 0.360
v -38.0000 0.6000 34.0000 0.430 0.400 0.360
v -38.0000 0.6000 -34.0000 0.430 0.400 0.360
v -32.0000 0.6000 28.0000 0.430 0.400 0.360
v 32.0000 0.6000 28.0000 0.430 0.400 0.360
v 32.0000 1.2000 28.0000 0.430 0.400 0.360
v -32.0000 1.2000 28.0000 0.430 0.400 0.360
v 32.0000 0.6000 -28.0000 0.430 0.400 0.360
v -32.0000 0.6000 -28.0000 0.430 0.400 0.360
v -32.0000 1.2000 -28.0000 0.430 0.400 0.360
v 32.0000 1.2000 -28.0000 0.430 0.400 0.360
v -32.0000 1.2000 -28.0000 0.430 0.400 0.360
v 32.0000 1.2000 -28.0000 0.430 0.400 0.360
v 32.0000 1.2000 28.0000 0.430 0.400 0.360
v -32.0000 1.2000 28.0000 0.430 0.400 0.360
v -32.0000 0.6000 -28.0000 0.430 0.400 0.360
v 32.0000 0.6000 -28.0000 0.430 0.400 0.360
v 32.0000 0.6000 28.0000 0.430 0.400 0.360
v -32.0000 0.6000 28.0000 0.430 0.400 0.360
v 32.0000 0.6000 28.0000 0.430 0.400 0.360
v 32.0000 0.6000 -28.0000 0.430 0.400 0.360
v 32.0000 1.2000 -28.0000 0.430 0.400 0.360
v 32.0000 1.2000 28.0000 0.430 0.400 0.360
v -32.0000 0.6000 -28.0000 0.430 0.400 0.360
v -32.0000 0.6000 28.0000 0.430 0.400 0.360
v -32.0000 1.2000 28.0000 0.430 0.400 0.360
v -32.0000 1.2000 -28.0000 0.430 0.400 0.360
v -26.0000 1.2000 23.0000 0.540 0.510 0.470
v 26.0000 1.2000 23.0000 0.540 0.510 0.470
v 26.0000 1.8000 23.0000 0.540 0.510 0.470
v -26.0000 1.8000 23.0000 0.540 0.510 0.470
v 26.0000 1.2000 -23.0000 0.540 0.510 0.470
v -26.0000 1.2000 -23.0000 0.540 0.510 0.470
v -26.0000 1.8000 -23.0000 0.540 0.510 0.470
v 26.0000 1.8000 -23.0000 0.540 0.510 0.470
v -26.0000 1.8000 -23.0000 0.540 0.510 0.470
v 26.0000 1.8000 -23.0000 0.540 0.510 0.470
v 26.0000 1.8000 23.0000 0.540 0.510 0.470
v -26.0000 1.8000 23.0000 0.540 0.510 0.470
v -26.0000 1.2000 -23.0000 0.540 0.510 0.470
v 26.0000 1.2000 -23.0000 0.540 0.510 0.470
v 26.0000 1.2000 23.0000 0.540 0.510 0.470
v -26.0000 1.2000 23.0000 0.540 0.510 0.470
v 26.0000 1.2000 23.0000 0.540 0.510 0.470
v 26.0000 1.2000 -23.0000 0.540 0.510 0.470
v 26.0000 1.8000 -23.0000 0.540 0.510 0.470
v 26.0000 1.8000 23.0000 0.540 0.510 0.470
v -26.0000 1.2000 -23.0000 0.540 0.510 0.470
v -26.0000 1.2000 23.0000 0.540 0.510 0.470
v -26.0000 1.8000 23.0000 0.540 0.510 0.470
v -26.0000 1.8000 -23.0000 0.540 0.510 0.470
v -22.0000 1.8000 19.0000 0.540 0.510 0.470
v 22.0000 1.8000 19.0000 0.540 0.510 0.470
v 22.0000 2.2000 19.0000 0.540 0.510 0.470
v -22.0000 2.2000 19.0000 0.540 0.510 0.470
v 22.0000 1.8000 -19.0000 0.540 0.510 0.470
v -22.0000 1.8000 -19.0000 0.540 0.510 0.470
v -22.0000 2.2000 -19.0000 0.540 0.510 0.470
v 22.0000 2.2000 -19.0000 0.540 0.510 0.470
v -22.0000 2.2000 -19.0000 0.540 0.510 0.470
v 22.0000 2.2000 -19.0000 0.540 0.510 0.470
v 22.0000 2.2000 19.0000 0.540 0.510 0.470
v -22.0000 2.2000 19.0000 0.540 0.510 0.470
v -22.0000 1.8000 -19.0000 0.540 0.510 0.470
v 22.0000 1.8000 -19.0000 0.540 0.510 0.470
v 22.0000 1.8000 19.0000 0.540 0.510 0.470
v -22.0000 1.8000 19.0000 0.540 0.510 0.470
v 22.0000 1.8000 19.0000 0.540 0.510 0.470
v 22.0000 1.8000 -19.0000 0.540 0.510 0.470
v 22.0000 2.2000 -19.0000 0.540 0.510 0.470
v 22.0000 2.2000 19.0000 0.540 0.510 0.470
v -22.0000 1.8000 -19.0000 0.540 0.510 0.470
v -22.0000 1.8000 19.0000 0.540 0.510 0.470
v -22.0000 2.2000 19.0000 0.540 0.510 0.470
v -22.0000 2.2000 -19.0000 0.540 0.510 0.470
v -8.0000 2.0750 -17.0000 0.600 0.580 0.540
v 8.0000 2.0750 -17.0000 0.600 0.580 0.540
v 8.0000 2.2250 -17.0000 0.600 0.580 0.540
v -8.0000 2.2250 -17.0000 0.600 0.580 0.540
v 8.0000 2.0750 -23.0000 0.600 0.580 0.540
v -8.0000 2.0750 -23.0000 0.600 0.580 0.540
v -8.0000 2.2250 -23.0000 0.600 0.580 0.540
v 8.0000 2.2250 -23.0000 0.600 0.580 0.540
v -8.0000 2.2250 -23.0000 0.600 0.580 0.540
v 8.0000 2.2250 -23.0000 0.600 0.580 0.540
v 8.0000 2.2250 -17.0000 0.600 0.580 0.540
v -8.0000 2.2250 -17.0000 0.600 0.580 0.540
v -8.0000 2.0750 -23.0000 0.600 0.580 0.540
v 8.0000 2.0750 -23.0000 0.600 0.580 0.540
v 8.0000 2.0750 -17.0000 0.600 0.580 0.540
v -8.0000 2.0750 -17.0000 0.600 0.580 0.540
v 8.0000 2.0750 -17.0000 0.600 0.580 0.540
v 8.0000 2.0750 -23.0000 0.600 0.580 0.540
v 8.0000 2.2250 -23.0000 0.600 0.580 0.540
v 8.0000 2.2250 -17.0000 0.600 0.580 0.540
v -8.0000 2.0750 -23.0000 0.600 0.580 0.540
v -8.0000 2.0750 -17.0000 0.600 0.580 0.540
v -8.0000 2.2250 -17.0000 0.600 0.580 0.540
v -8.0000 2.2250 -23.0000 0.600 0.580 0.540
v -8.0000 2.0750 23.0000 0.600 0.580 0.540
v 8.0000 2.0750 23.0000 0.600 0.580 0.540
v 8.0000 2.2250 23.0000 0.600 0.580 0.540
v -8.0000 2.2250 23.0000 0.600 0.580 0.540
v 8.0000 2.0750 17.0000 0.600 0.580 0.540
v -8.0000 2.0750 17.0000 0.600 0.580 0.540
v -8.0000 2.2250 17.0000 0.600 0.580 0.540
v 8.0000 2.2250 17.0000 0.600 0.580 0.540
v -8.0000 2.2250 17.0000 0.600 0.580 0.540
v 8.0000 2.2250 17.0000 0.600 0.580 0.540
v 8.0000 2.2250 23.0000 0.600 0.580 0.540
v -8.0000 2.2250 23.0000 0.600 0.580 0.540
v -8.0000 2.0750 17.0000 0.600 0.580 0.540
v 8.0000 2.0750 17.0000 0.600 0.580 0.540
v 8.0000 2.0750 23.0000 0.600 0.580 0.540
v -8.0000 2.0750 23.0000 0.600 0.580 0.540
v 8.0000 2.0750 23.0000 0.600 0.580 0.540
v 8.0000 2.0750 17.0000 0.600 0.580 0.540
v 8.0000 2.2250 17.0000 0.600 0.580 0.540
v 8.0000 2.2250 23.0000 0.600 0.580 0.540
v -8.0000 2.0750 17.0000 0.600 0.580 0.540
v -8.0000 2.0750 23.0000 0.600 0.580 0.540
v -8.0000 2.2250 23.0000 0.600 0.580 0.540
v -8.0000 2.2250 17.0000 0.600 0.580 0.540
v 9.5000 0.6000 17.2500 0.720 0.700 0.670
v 17.5000 0.6000 17.2500 0.720 0.700 0.670
v 17.5000 2.2000 17.2500 0.720 0.700 0.670
v 9.5000 2.2000 17.2500 0.720 0.700 0.670
v 17.5000 0.6000 9.7500 0.720 0.700 0.670
v 9.5000 0.6000 9.7500 0.720 0.700 0.670
v 9.5000 2.2000 9.7500 0.720 0.700 0.670
v 17.5000 2.2000 9.7500 0.720 0.700 0.670
v 9.5000 2.2000 9.7500 0.720 0.700 0.670
v 17.5000 2.2000 9.7500 0.720 0.700 0.670
v 17.5000 2.2000 17.2500 0.720 0.700 0.670
v 9.5000 2.2000 17.2500 0.720 0.700 0.670
v 9.5000 0.6000 9.7500 0.720 0.700 0.670
v 17.5000 0.6000 9.7500 0.720 0.700 0.670
v 17.5000 0.6000 17.2500 0.720 0.700 0.670
v 9.5000 0.6000 17.2500 0.720 0.700 0.670
v 17.5000 0.6000 17.2500 0.720 0.700 0.670
v 17.5000 0.6000 9.7500 0.720 0.700 0.670
v 17.5000 2.2000 9.7500 0.720 0.700 0.670
v 17.5000 2.2000 17.2500 0.720 0.700 0.670
v 9.5000 0.6000 9.7500 0.720 0.700 0.670
v 9.5000 0.6000 17.2500 0.720 0.700 0.670
v 9.5000 2.2000 17.2500 0.720 0.700 0.670
v 9.5000 2.2000 9.7500 0.720 0.700 0.670
v -17.5000 0.6000 -9.7500 0.720 0.700 0.670
v -9.5000 0.6000 -9.7500 0.720 0.700 0.670
v -9.5000 2.2000 -9.7500 0.720 0.700 0.670
v -17.5000 2.2000 -9.7500 0.720 0.700 0.670
v -9.5000 0.6000 -17.2500 0.720 0.700 0.670
v -17.5000 0.6000 -17.2500 0.720 0.700 0.670
v -17.5000 2.2000 -17.2500 0.720 0.700 0.670
v -9.5000 2.2000 -17.2500 0.720 0.700 0.670
v -17.5000 2.2000 -17.2500 0.720 0.700 0.670
v -9.5000 2.2000 -17.2500 0.720 0.700 0.670
v -9.5000 2.2000 -9.7500 0.720 0.700 0.670
v -17.5000 2.2000 -9.7500 0.720 0.700 0.670
v -17.5000 0.6000 -17.2500 0.720 0.700 0.670
v -9.5000 0.6000 -17.2500 0.720 0.700 0.670
v -9.5000 0.6000 -9.7500 0.720 0.700 0.670
v -17.5000 0.6000 -9.7500 0.720 0.700 0.670
v -9.5000 0.6000 -9.7500 0.720 0.700 0.670
v -9.5000 0.6000 -17.2500 0.720 0.700 0.670
v -9.5000 2.2000 -17.2500 0.720 0.700 0.670
v -9.5000 2.2000 -9.7500 0.720 0.700 0.670
v -17.5000 0.6000 -17.2500 0.720 0.700 0.670
v -17.5000 0.6000 -9.7500 0.720 0.700 0.670
v -17.5000 2.2000 -9.7500 0.720 0.700 0.670
v -17.5000 2.2000 -17.2500 0.720 0.700 0.670
v 18.4000 0.6750 15.5000 0.720 0.700 0.670
v 19.6000 0.6750 15.5000 0.720 0.700 0.670
v 19.6000 0.9250 15.5000 0.720 0.700 0.670
v 18.4000 0.9250 15.5000 0.720 0.700 0.670
v 19.6000 0.6750 11.5000 0.720 0.700 0.670
v 18.4000 0.6750 11.5000 0.720 0.700 0.670
v 18.4000 0.9250 11.5000 0.720 0.700 0.670
v 19.6000 0.9250 11.5000 0.720 0.700 0.670
v 18.4000 0.9250 11.5000 0.720 0.700 0.670
v 19.6000 0.9250 11.5000 0.720 0.700 0.670
v 19.6000 0.9250 15.5000 0.720 0.700 0.670
v 18.4000 0.9250 15.5000 0.720 0.700 0.670
v 18.4000 0.6750 11.5000 0.720 0.700 0.670
v 19.6000 0.6750 11.5000 0.720 0.700 0.670
v 19.6000 0.6750 15.5000 0.720 0.700 0.670
v 18.4000 0.6750 15.5000 0.720 0.700 0.670
v 19.6000 0.6750 15.5000 0.720 0.700 0.670
v 19.6000 0.6750 11.5000 0.720 0.700 0.670
v 19.6000 0.9250 11.5000 0.720 0.700 0.670
v 19.6000 0.9250 15.5000 0.720 0.700 0.670
v 18.4000 0.6750 11.5000 0.720 0.700 0.670
v 18.4000 0.6750 15.5000 0.720 0.700 0.670
v 18.4000 0.9250 15.5000 0.720 0.700 0.670
v 18.4000 0.9250 11.5000 0.720 0.700 0.670
v -19.6000 0.6750 -11.5000 0.720 0.700 0.670
v -18.4000 0.6750 -11.5000 0.720 0.700 0.670
v -18.4000 0.9250 -11.5000 0.720 0.700 0.670
v -19.6000 0.9250 -11.5000 0.720 0.700 0.670
v -18.4000 0.6750 -15.5000 0.720 0.700 0.670
v -19.6000 0.6750 -15.5000 0.720 0.700 0.670
v -19.6000 0.9250 -15.5000 0.720 0.700 0.670
v -18.4000 0.9250 -15.5000 0.720 0.700 0.670
v -19.6000 0.9250 -15.5000 0.720 0.700 0.670
v -18.4000 0.9250 -15.5000 0.720 0.700 0.670
v -18.4000 0.9250 -11.5000 0.720 0.700 0.670
v -19.6000 0.9250 -11.5000 0.720 0.700 0.670
v -19.6000 0.6750 -15.5000 0.720 0.700 0.670
v -18.4000 0.6750 -15.5000 0.720 0.700 0.670
v -18.4000 0.6750 -11.5000 0.720 0.700 0.670
v -19.6000 0.6750 -11.5000 0.720 0.700 0.670
v -18.4000 0.6750 -11.5000 0.720 0.700 0.670
v -18.4000 0.6750 -15.5000 0.720 0.700 0.670
v -18.4000 0.9250 -15.5000 0.720 0.700 0.670
v -18.4000 0.9250 -11.5000 0.720 0.700 0.670
v -19.6000 0.6750 -15.5000 0.720 0.700 0.670
v -19.6000 0.6750 -11.5000 0.720 0.700 0.670
v -19.6000 0.9250 -11.5000 0.720 0.700 0.670
v -19.6000 0.9250 -15.5000 0.720 0.700 0.670
v 18.0417 0.7917 15.5000 0.720 0.700 0.670
v 19.2417 0.7917 15.5000 0.720 0.700 0.670
v 19.2417 1.0417 15.5000 0.720 0.700 0.670
v 18.0417 1.0417 15.5000 0.720 0.700 0.670
v 19.2417 0.7917 11.5000 0.720 0.700 0.670
v 18.0417 0.7917 11.5000 0.720 0.700 0.670
v 18.0417 1.0417 11.5000 0.720 0.700 0.670
v 19.2417 1.0417 11.5000 0.720 0.700 0.670
v 18.0417 1.0417 11.5000 0.720 0.700 0.670
v 19.2417 1.0417 11.5000 0.720 0.700 0.670
v 19.2417 1.0417 15.5000 0.720 0.700 0.670
v 18.0417 1.0417 15.5000 0.720 0.700 0.670
v 18.0417 0.7917 11.5000 0.720 0.700 0.670
v 19.2417 0.7917 11.5000 0.720 0.700 0.670
v 19.2417 0.7917 15.5000 0.720 0.700 0.670
v 18.0417 0.7917 15.5000 0.720 0.700 0.670
v 19.2417 0.7917 15.5000 0.720 0.700 0.670
v 19.2417 0.7917 11.5000 0.720 0.700 0.670
v 19.2417 1.0417 11.5000 0.720 0.700 0.670
v 19.2417 1.0417 15.5000 0.720 0.700 0.670
v 18.0417 0.7917 11.5000 0.720 0.700 0.670
v 18.0417 0.7917 15.5000 0.720 0.700 0.670
v 18.0417 1.0417 15.5000 0.720 0.700 0.670
v 18.0417 1.0417 11.5000 0.720 0.700 0.670
v -19.2417 0.7917 -11.5000 0.720 0.700 0.670
v -18.0417 0.7917 -11.5000 0.720 0.700 0.670
v -18.0417 1.0417 -11.5000 0.720 0.700 0.670
v -19.2417 1.0417 -11.5000 0.720 0.700 0.670
v -18.0417 0.7917 -15.5000 0.720 0.700 0.670
v -19.2417 0.7917 -15.5000 0.720 0.700 0.670
v -19.2417 1.0417 -15.5000 0.720 0.700 0.670
v -18.0417 1.0417 -15.5000 0.720 0.700 0.670
v -19.2417 1.0417 -15.5000 0.720 0.700 0.670
v -18.0417 1.0417 -15.5000 0.720 0.700 0.670
v -18.0417 1.0417 -11.5000 0.720 0.700 0.670
v -19.2417 1.0417 -11.5000 0.720 0.700 0.670
v -19.2417 0.7917 -15.5000 0.720 0.700 0.670
v -18.0417 0.7917 -15.5000 0.720 0.700 0.670
v -18.0417 0.7917 -11.5000 0.720 0.700 0.670
v -19.2417 0.7917 -11.5000 0.720 0.700 0.670
v -18.0417 0.7917 -11.5000 0.720 0.700 0.670
v -18.0417 0.7917 -15.5000 0.720 0.700 0.670
v -18.0417 1.0417 -15.5000 0.720 0.700 0.670
v -18.0417 1.0417 -11.5000 0.720 0.700 0.670
v -19.2417 0.7917 -15.5000 0.720 0.700 0.670
v -19.2417 0.7917 -11.5000 0.720 0.700 0.670
v -19.2417 1.0417 -11.5000 0.720 0.700 0.670
v -19.2417 1.0417 -15.5000 0.720 0.700 0.670
v 17.6833 0.9083 15.5000 0.720 0.700 0.670
v 18.8833 0.9083 15.5000 0.720 0.700 0.670
v 18.8833 1.1583 15.5000 0.720 0.700 0.670
v 17.6833 1.1583 15.5000 0.720 0.700 0.670
v 18.8833 0.9083 11.5000 0.720 0.700 0.670
v 17.6833 0.9083 11.5000 0.720 0.700 0.670
v 17.6833 1.1583 11.5000 0.720 0.700 0.670
v 18.8833 1.1583 11.5000 0.720 0.700 0.670
v 17.6833 1.1583 11.5000 0.720 0.700 0.670
v 18.8833 1.1583 11.5000 0.720 0.700 0.670
v 18.8833 1.1583 15.5000 0.720 0.700 0.670
v 17.6833 1.1583 15.5000 0.720 0.700 0.670
v 17.6833 0.9083 11.5000 0.720 0.700 0.670
v 18.8833 0.9083 11.5000 0.720 0.700 0.670
v 18.8833 0.9083 15.5000 0.720 0.700 0.670
v 17.6833 0.9083 15.5000 0.720 0.700 0.670
v 18.8833 0.9083 15.5000 0.720 0.700 0.670
v 18.8833 0.9083 11.5000 0.720 0.700 0.670
v 18.8833 1.1583 11.5000 0.720 0.700 0.670
v 18.8833 1.1583 15.5000 0.720 0.700 0.670
v 17.6833 0.9083 11.5000 0.720 0.700 0.670
v 17.6833 0.9083 15.5000 0.720 0.700 0.670
v 17.6833 1.1583 15.5000 0.720 0.700 0.670
v 17.6833 1.1583 11.5000 0.720 0.700 0.670
v -18.8833 0.9083 -11.5000 0.720 0.700 0.670
v -17.6833 0.9083 -11.5000 0.720 0.700 0.670
v -17.6833 1.1583 -11.5000 0.720 0.700 0.670
v -18.8833 1.1583 -11.5000 0.720 0.700 0.670
v -17.6833 0.9083 -15.5000 0.720 0.700 0.670
v -18.8833 0.9083 -15.5000 0.720 0.700 0.670
v -18.8833 1.1583 -15.5000 0.720 0.700 0.670
v -17.6833 1.1583 -15.5000 0.720 0.700 0.670
v -18.8833 1.1583 -15.5000 0.720 0.700 0.670
v -17.6833 1.1583 -15.5000 0.720 0.700 0.670
v -17.6833 1.1583 -11.5000 0.720 0.700 0.670
v -18.8833 1.1583 -11.5000 0.720 0.700 0.670
v -18.8833 0.9083 -15.5000 0.720 0.700 0.670
v -17.6833 0.9083 -15.5000 0.720 0.700 0.670
v -17.6833 0.9083 -11.5000 0.720 0.700 0.670
v -18.8833 0.9083 -11.5000 0.720 0.700 0.670
v -17.6833 0.9083 -11.5000 0.720 0.700 0.670
v -17.6833 0.9083 -15.5000 0.720 0.700 0.670
v -17.6833 1.1583 -15.5000 0.720 0.700 0.670
v -17.6833 1.1583 -11.5000 0.720 0.700 0.670
v -18.8833 0.9083 -15.5000 0.720 0.700 0.670
v -18.8833 0.9083 -11.5000 0.720 0.700 0.670
v -18.8833 1.1583 -11.5000 0.720 0.700 0.670
v -18.8833 1.1583 -15.5000 0.720 0.700 0.670
v 17.3250 1.0250 15.5000 0.720 0.700 0.670
v 18.5250 1.0250 15.5000 0.720 0.700 0.670
v 18.5250 1.2750 15.5000 0.720 0.700 0.670
v 17.3250 1.2750 15.5000 0.720 0.700 0.670
v 18.5250 1.0250 11.5000 0.720 0.700 0.670
v 17.3250 1.0250 11.5000 0.720 0.700 0.670
v 17.3250 1.2750 11.5000 0.720 0.700 0.670
v 18.5250 1.2750 11.5000 0.720 0.700 0.670
v 17.3250 1.2750 11.5000 0.720 0.700 0.670
v 18.5250 1.2750 11.5000 0.720 0.700 0.670
v 18.5250 1.2750 15.5000 0.720 0.700 0.670
v 17.3250 1.2750 15.5000 0.720 0.700 0.670
v 17.3250 1.0250 11.5000 0.720 0.700 0.670
v 18.5250 1.0250 11.5000 0.720 0.700 0.670
v 18.5250 1.0250 15.5000 0.720 0.700 0.670
v 17.3250 1.0250 15.5000 0.720 0.700 0.670
v 18.5250 1.0250 15.5000 0.720 0.700 0.670
v 18.5250 1.0250 11.5000 0.720 0.700 0.670
v 18.5250 1.2750 11.5000 0.720 0.700 0.670
v 18.5250 1.2750 15.5000 0.720 0.700 0.670
v 17.3250 1.0250 11.5000 0.720 0.700 0.670
v 17.3250 1.0250 15.5000 0.720 0.700 0.670
v 17.3250 1.2750 15.5000 0.720 0.700 0.670
v 17.3250 1.2750 11.5000 0.720 0.700 0.670
v -18.5250 1.0250 -11.5000 0.720 0.700 0.670
v -17.3250 1.0250 -11.5000 0.720 0.700 0.670
v -17.3250 1.2750 -11.5000 0.720 0.700 0.670
v -18.5250 1.2750 -11.5000 0.720 0.700 0.670
v -17.3250 1.0250 -15.5000 0.720 0.700 0.670
v -18.5250 1.0250 -15.5000 0.720 0.700 0.670
v -18.5250 1.2750 -15.5000 0.720 0.700 0.670
v -17.3250 1.2750 -15.5000 0.720 0.700 0.670
v -18.5250 1.2750 -15.5000 0.720 0.700 0.670
v -17.3250 1.2750 -15.5000 0.720 0.700 0.670
v -17.3250 1.2750 -11.5000 0.720 0.700 0.670
v -18.5250 1.2750 -11.5000 0.720 0.700 0.670
v -18.5250 1.0250 -15.5000 0.720 0.700 0.670
v -17.3250 1.0250 -15.5000 0.720 0.700 0.670
v -17.3250 1.0250 -11.5000 0.720 0.700 0.670
v -18.5250 1.0250 -11.5000 0.720 0.700 0.670
v -17.3250 1.0250 -11.5000 0.720 0.700 0.670
v -17.3250 1.0250 -15.5000 0.720 0.700 0.670
v -17.3250 1.2750 -15.5000 0.720 0.700 0.670
v -17.3250 1.2750 -11.5000 0.720 0.700 0.670
v -18.5250 1.0250 -15.5000 0.720 0.700 0.670
v -18.5250 1.0250 -11.5000 0.720 0.700 0.670
v -18.5250 1.2750 -11.5000 0.720 0.700 0.670
v -18.5250 1.2750 -15.5000 0.720 0.700 0.670
v 16.9667 1.1417 15.5000 0.720 0.700 0.670
v 18.1667 1.1417 15.5000 0.720 0.700 0.670
v 18.1667 1.3917 15.5000 0.720 0.700 0.670
v 16.9667 1.3917 15.5000 0.720 0.700 0.670
v 18.1667 1.1417 11.5000 0.720 0.700 0.670
v 16.9667 1.1417 11.5000 0.720 0.700 0.670
v 16.9667 1.3917 11.5000 0.720 0.700 0.670
v 18.1667 1.3917 11.5000 0.720 0.700 0.670
v 16.9667 1.3917 11.5000 0.720 0.700 0.670
v 18.1667 1.3917 11.5000 0.720 0.700 0.670
v 18.1667 1.3917 15.5000 0.720 0.700 0.670
v 16.9667 1.3917 15.5000 0.720 0.700 0.670
v 16.9667 1.1417 11.5000 0.720 0.700 0.670
v 18.1667 1.1417 11.5000 0.720 0.700 0.670
v 18.1667 1.1417 15.5000 0.720 0.700 0.670
v 16.9667 1.1417 15.5000 0.720 0.700 0.670
v 18.1667 1.1417 15.5000 0.720 0.700 0.670
v 18.1667 1.1417 11.5000 0.720 0.700 0.670
v 18.1667 1.3917 11.5000 0.720 0.700 0.670
v 18.1667 1.3917 15.5000 0.720 0.700 0.670
v 16.9667 1.1417 11.5000 0.720 0.700 0.670
v 16.9667 1.1417 15.5000 0.720 0.700 0.670
v 16.9667 1.3917 15.5000 0.720 0.700 0.670
v 16.9667 1.3917 11.5000 0.720 0.700 0.670
v -18.1667 1.1417 -11.5000 0.720 0.700 0.670
v -16.9667 1.1417 -11.5000 0.720 0.700 0.670
v -16.9667 1.3917 -11.5000 0.720 0.700 0.670
v -18.1667 1.3917 -11.5000 0.720 0.700 0.670
v -16.9667 1.1417 -15.5000 0.720 0.700 0.670
v -18.1667 1.1417 -15.5000 0.720 0.700 0.670
v -18.1667 1.3917 -15.5000 0.720 0.700 0.670
v -16.9667 1.3917 -15.5000 0.720 0.700 0.670
v -18.1667 1.3917 -15.5000 0.720 0.700 0.670
v -16.9667 1.3917 -15.5000 0.720 0.700 0.670
v -16.9667 1.3917 -11.5000 0.720 0.700 0.670
v -18.1667 1.3917 -11.5000 0.720 0.700 0.670
v -18.1667 1.1417 -15.5000 0.720 0.700 0.670
v -16.9667 1.1417 -15.5000 0.720 0.700 0.670
v -16.9667 1.1417 -11.5000 0.720 0.700 0.670
v -18.1667 1.1417 -11.5000 0.720 0.700 0.670
v -16.9667 1.1417 -11.5000 0.720 0.700 0.670
v -16.9667 1.1417 -15.5000 0.720 0.700 0.670
v -16.9667 1.3917 -15.5000 0.720 0.700 0.670
v -16.9667 1.3917 -11.5000 0.720 0.700 0.670
v -18.1667 1.1417 -15.5000 0.720 0.700 0.670
v -18.1667 1.1417 -11.5000 0.720 0.700 0.670
v -18.1667 1.3917 -11.5000 0.720 0.700 0.670
v -18.1667 1.3917 -15.5000 0.720 0.700 0.670
v 16.6083 1.2583 15.5000 0.720 0.700 0.670
v 17.8083 1.2583 15.5000 0.720 0.700 0.670
v 17.8083 1.5083 15.5000 0.720 0.700 0.670
v 16.6083 1.5083 15.5000 0.720 0.700 0.670
v 17.8083 1.2583 11.5000 0.720 0.700 0.670
v 16.6083 1.2583 11.5000 0.720 0.700 0.670
v 16.6083 1.5083 11.5000 0.720 0.700 0.670
v 17.8083 1.5083 11.5000 0.720 0.700 0.670
v 16.6083 1.5083 11.5000 0.720 0.700 0.670
v 17.8083 1.5083 11.5000 0.720 0.700 0.670
v 17.8083 1.5083 15.5000 0.720 0.700 0.670
v 16.6083 1.5083 15.5000 0.720 0.700 0.670
v 16.6083 1.2583 11.5000 0.720 0.700 0.670
v 17.8083 1.2583 11.5000 0.720 0.700 0.670
v 17.8083 1.2583 15.5000 0.720 0.700 0.670
v 16.6083 1.2583 15.5000 0.720 0.700 0.670
v 17.8083 1.2583 15.5000 0.720 0.700 0.670
v 17.8083 1.2583 11.5000 0.720 0.700 0.670
v 17.8083 1.5083 11.5000 0.720 0.700 0.670
v 17.8083 1.5083 15.5000 0.720 0.700 0.670
v 16.6083 1.2583 11.5000 0.720 0.700 0.670
v 16.6083 1.2583 15.5000 0.720 0.700 0.670
v 16.6083 1.5083 15.5000 0.720 0.700 0.670
v 16.6083 1.5083 11.5000 0.720 0.700 0.670
v -17.8083 1.2583 -11.5000 0.720 0.700 0.670
v -16.6083 1.2583 -11.5000 0.720 0.700 0.670
v -16.6083 1.5083 -11.5000 0.720 0.700 0.670
v -17.8083 1.5083 -11.5000 0.720 0.700 0.670
v -16.6083 1.2583 -15.5000 0.720 0.700 0.670
v -17.8083 1.2583 -15.5000 0.720 0.700 0.670
v -17.8083 1.5083 -15.5000 0.720 0.700 0.670
v -16.6083 1.5083 -15.5000 0.720 0.700 0.670
v -17.8083 1.5083 -15.5000 0.720 0.700 0.670
v -16.6083 1.5083 -15.5000 0.720 0.700 0.670
v -16.6083 1.5083 -11.5000 0.720 0.700 0.670
v -17.8083 1.5083 -11.5000 0.720 0.700 0.670
v -17.8083 1.2583 -15.5000 0.720 0.700 0.670
v -16.6083 1.2583 -15.5000 0.720 0.700 0.670
v -16.6083 1.2583 -11.5000 0.720 0.700 0.670
v -17.8083 1.2583 -11.5000 0.720 0.700 0.670
v -16.6083 1.2583 -11.5000 0.720 0.700 0.670
v -16.6083 1.2583 -15.5000 0.720 0.700 0.670
v -16.6083 1.5083 -15.5000 0.720 0.700 0.670
v -16.6083 1.5083 -11.5000 0.720 0.700 0.670
v -17.8083 1.2583 -15.5000 0.720 0.700 0.670
v -17.8083 1.2583 -11.5000 0.720 0.700 0.670
v -17.8083 1.5083 -11.5000 0.720 0.700 0.670
v -17.8083 1.5083 -15.5000 0.720 0.700 0.670
v 16.2500 1.3750 15.5000 0.720 0.700 0.670
v 17.4500 1.3750 15.5000 0.720 0.700 0.670
v 17.4500 1.6250 15.5000 0.720 0.700 0.670
v 16.2500 1.6250 15.5000 0.720 0.700 0.670
v 17.4500 1.3750 11.5000 0.720 0.700 0.670
v 16.2500 1.3750 11.5000 0.720 0.700 0.670
v 16.2500 1.6250 11.5000 0.720 0.700 0.670
v 17.4500 1.6250 11.5000 0.720 0.700 0.670
v 16.2500 1.6250 11.5000 0.720 0.700 0.670
v 17.4500 1.6250 11.5000 0.720 0.700 0.670
v 17.4500 1.6250 15.5000 0.720 0.700 0.670
v 16.2500 1.6250 15.5000 0.720 0.700 0.670
v 16.2500 1.3750 11.5000 0.720 0.700 0.670
v 17.4500 1.3750 11.5000 0.720 0.700 0.670
v 17.4500 1.3750 15.5000 0.720 0.700 0.670
v 16.2500 1.3750 15.5000 0.720 0.700 0.670
v 17.4500 1.3750 15.5000 0.720 0.700 0.670
v 17.4500 1.3750 11.5000 0.720 0.700 0.670
v 17.4500 1.6250 11.5000 0.720 0.700 0.670
v 17.4500 1.6250 15.5000 0.720 0.700 0.670
v 16.2500 1.3750 11.5000 0.720 0.700 0.670
v 16.2500 1.3750 15.5000 0.720 0.700 0.670
v 16.2500 1.6250 15.5000 0.720 0.700 0.670
v 16.2500 1.6250 11.5000 0.720 0.700 0.670
v -17.4500 1.3750 -11.5000 0.720 0.700 0.670
v -16.2500 1.3750 -11.5000 0.720 0.700 0.670
v -16.2500 1.6250 -11.5000 0.720 0.700 0.670
v -17.4500 1.6250 -11.5000 0.720 0.700 0.670
v -16.2500 1.3750 -15.5000 0.720 0.700 0.670
v -17.4500 1.3750 -15.5000 0.720 0.700 0.670
v -17.4500 1.6250 -15.5000 0.720 0.700 0.670
v -16.2500 1.6250 -15.5000 0.720 0.700 0.670
v -17.4500 1.6250 -15.5000 0.720 0.700 0.670
v -16.2500 1.6250 -15.5000 0.720 0.700 0.670
v -16.2500 1.6250 -11.5000 0.720 0.700 0.670
v -17.4500 1.6250 -11.5000 0.720 0.700 0.670
v -17.4500 1.3750 -15.5000 0.720 0.700 0.670
v -16.2500 1.3750 -15.5000 0.720 0.700 0.670
v -16.2500 1.3750 -11.5000 0.720 0.700 0.670
v -17.4500 1.3750 -11.5000 0.720 0.700 0.670
v -16.2500 1.3750 -11.5000 0.720 0.700 0.670
v -16.2500 1.3750 -15.5000 0.720 0.700 0.670
v -16.2500 1.6250 -15.5000 0.720 0.700 0.670
v -16.2500 1.6250 -11.5000 0.720 0.700 0.670
v -17.4500 1.3750 -15.5000 0.720 0.700 0.670
v -17.4500 1.3750 -11.5000 0.720 0.700 0.670
v -17.4500 1.6250 -11.5000 0.720 0.700 0.670
v -17.4500 1.6250 -15.5000 0.720 0.700 0.670
v 15.8917 1.4917 15.5000 0.720 0.700 0.670
v 17.0917 1.4917 15.5000 0.720 0.700 0.670
v 17.0917 1.7417 15.5000 0.720 0.700 0.670
v 15.8917 1.7417 15.5000 0.720 0.700 0.670
v 17.0917 1.4917 11.5000 0.720 0.700 0.670
v 15.8917 1.4917 11.5000 0.720 0.700 0.670
v 15.8917 1.7417 11.5000 0.720 0.700 0.670
v 17.0917 1.7417 11.5000 0.720 0.700 0.670
v 15.8917 1.7417 11.5000 0.720 0.700 0.670
v 17.0917 1.7417 11.5000 0.720 0.700 0.670
v 17.0917 1.7417 15.5000 0.720 0.700 0.670
v 15.8917 1.7417 15.5000 0.720 0.700 0.670
v 15.8917 1.4917 11.5000 0.720 0.700 0.670
v 17.0917 1.4917 11.5000 0.720 0.700 0.670
v 17.0917 1.4917 15.5000 0.720 0.700 0.670
v 15.8917 1.4917 15.5000 0.720 0.700 0.670
v 17.0917 1.4917 15.5000 0.720 0.700 0.670
v 17.0917 1.4917 11.5000 0.720 0.700 0.670
v 17.0917 1.7417 11.5000 0.720 0.700 0.670
v 17.0917 1.7417 15.5000 0.720 0.700 0.670
v 15.8917 1.4917 11.5000 0.720 0.700 0.670
v 15.8917 1.4917 15.5000 0.720 0.700 0.670
v 15.8917 1.7417 15.5000 0.720 0.700 0.670
v 15.8917 1.7417 11.5000 0.720 0.700 0.670
v -17.0917 1.4917 -11.5000 0.720 0.700 0.670
v -15.8917 1.4917 -11.5000 0.720 0.700 0.670
v -15.8917 1.7417 -11.5000 0.720 0.700 0.670
v -17.0917 1.7417 -11.5000 0.720 0.700 0.670
v -15.8917 1.4917 -15.5000 0.720 0.700 0.670
v -17.0917 1.4917 -15.5000 0.720 0.700 0.670
v -17.0917 1.7417 -15.5000 0.720 0.700 0.670
v -15.8917 1.7417 -15.5000 0.720 0.700 0.670
v -17.0917 1.7417 -15.5000 0.720 0.700 0.670
v -15.8917 1.7417 -15.5000 0.720 0.700 0.670
v -15.8917 1.7417 -11.5000 0.720 0.700 0.670
v -17.0917 1.7417 -11.5000 0.720 0.700 0.670
v -17.0917 1.4917 -15.5000 0.720 0.700 0.670
v -15.8917 1.4917 -15.5000 0.720 0.700 0.670
v -15.8917 1.4917 -11.5000 0.720 0.700 0.670
v -17.0917 1.4917 -11.5000 0.720 0.700 0.670
v -15.8917 1.4917 -11.5000 0.720 0.700 0.670
v -15.8917 1.4917 -15.5000 0.720 0.700 0.670
v -15.8917 1.7417 -15.5000 0.720 0.700 0.670
v -15.8917 1.7417 -11.5000 0.720 0.700 0.670
v -17.0917 1.4917 -15.5000 0.720 0.700 0.670
v -17.0917 1.4917 -11.5000 0.720 0.700 0.670
v -17.0917 1.7417 -11.5000 0.720 0.700 0.670
v -17.0917 1.7417 -15.5000 0.720 0.700 0.670
v 15.5333 1.6083 15.5000 0.720 0.700 0.670
v 16.7333 1.6083 15.5000 0.720 0.700 0.670
v 16.7333 1.8583 15.5000 0.720 0.700 0.670
v 15.5333 1.8583 15.5000 0.720 0.700 0.670
v 16.7333 1.6083 11.5000 0.720 0.700 0.670
v 15.5333 1.6083 11.5000 0.720 0.700 0.670
v 15.5333 1.8583 11.5000 0.720 0.700 0.670
v 16.7333 1.8583 11.5000 0.720 0.700 0.670
v 15.5333 1.8583 11.5000 0.720 0.700 0.670
v 16.7333 1.8583 11.5000 0.720 0.700 0.670
v 16.7333 1.8583 15.5000 0.720 0.700 0.670
v 15.5333 1.8583 15.5000 0.720 0.700 0.670
v 15.5333 1.6083 11.5000 0.720 0.700 0.670
v 16.7333 1.6083 11.5000 0.720 0.700 0.670
v 16.7333 1.6083 15.5000 0.720 0.700 0.670
v 15.5333 1.6083 15.5000 0.720 0.700 0.670
v 16.7333 1.6083 15.5000 0.720 0.700 0.670
v 16.7333 1.6083 11.5000 0.720 0.700 0.670
v 16.7333 1.8583 11.5000 0.720 0.700 0.670
v 16.7333 1.8583 15.5000 0.720 0.700 0.670
v 15.5333 1.6083 11.5000 0.720 0.700 0.670
v 15.5333 1.6083 15.5000 0.720 0.700 0.670
v 15.5333 1.8583 15.5000 0.720 0.700 0.670
v 15.5333 1.8583 11.5000 0.720 0.700 0.670
v -16.7333 1.6083 -11.5000 0.720 0.700 0.670
v -15.5333 1.6083 -11.5000 0.720 0.700 0.670
v -15.5333 1.8583 -11.5000 0.720 0.700 0.670
v -16.7333 1.8583 -11.5000 0.720 0.700 0.670
v -15.5333 1.6083 -15.5000 0.720 0.700 0.670
v -16.7333 1.6083 -15.5000 0.720 0.700 0.670
v -16.7333 1.8583 -15.5000 0.720 0.700 0.670
v -15.5333 1.8583 -15.5000 0.720 0.700 0.670
v -16.7333 1.8583 -15.5000 0.720 0.700 0.670
v -15.5333 1.8583 -15.5000 0.720 0.700 0.670
v -15.5333 1.8583 -11.5000 0.720 0.700 0.670
v -16.7333 1.8583 -11.5000 0.720 0.700 0.670
v -16.7333 1.6083 -15.5000 0.720 0.700 0.670
v -15.5333 1.6083 -15.5000 0.720 0.700 0.670
v -15.5333 1.6083 -11.5000 0.720 0.700 0.670
v -16.7333 1.6083 -11.5000 0.720 0.700 0.670
v -15.5333 1.6083 -11.5000 0.720 0.700 0.670
v -15.5333 1.6083 -15.5000 0.720 0.700 0.670
v -15.5333 1.8583 -15.5000 0.720 0.700 0.670
v -15.5333 1.8583 -11.5000 0.720 0.700 0.670
v -16.7333 1.6083 -15.5000 0.720 0.700 0.670
v -16.7333 1.6083 -11.5000 0.720 0.700 0.670
v -16.7333 1.8583 -11.5000 0.720 0.700 0.670
v -16.7333 1.8583 -15.5000 0.720 0.700 0.670
v 15.1750 1.7250 15.5000 0.720 0.700 0.670
v 16.3750 1.7250 15.5000 0.720 0.700 0.670
v 16.3750 1.9750 15.5000 0.720 0.700 0.670
v 15.1750 1.9750 15.5000 0.720 0.700 0.670
v 16.3750 1.7250 11.5000 0.720 0.700 0.670
v 15.1750 1.7250 11.5000 0.720 0.700 0.670
v 15.1750 1.9750 11.5000 0.720 0.700 0.670
v 16.3750 1.9750 11.5000 0.720 0.700 0.670
v 15.1750 1.9750 11.5000 0.720 0.700 0.670
v 16.3750 1.9750 11.5000 0.720 0.700 0.670
v 16.3750 1.9750 15.5000 0.720 0.700 0.670
v 15.1750 1.9750 15.5000 0.720 0.700 0.670
v 15.1750 1.7250 11.5000 0.720 0.700 0.670
v 16.3750 1.7250 11.5000 0.720 0.700 0.670
v 16.3750 1.7250 15.5000 0.720 0.700 0.670
v 15.1750 1.7250 15.5000 0.720 0.700 0.670
v 16.3750 1.7250 15.5000 0.720 0.700 0.670
v 16.3750 1.7250 11.5000 0.720 0.700 0.670
v 16.3750 1.9750 11.5000 0.720 0.700 0.670
v 16.3750 1.9750 15.5000 0.720 0.700 0.670
v 15.1750 1.7250 11.5000 0.720 0.700 0.670
v 15.1750 1.7250 15.5000 0.720 0.700 0.670
v 15.1750 1.9750 15.5000 0.720 0.700 0.670
v 15.1750 1.9750 11.5000 0.720 0.700 0.670
v -16.3750 1.7250 -11.5000 0.720 0.700 0.670
v -15.1750 1.7250 -11.5000 0.720 0.700 0.670
v -15.1750 1.9750 -11.5000 0.720 0.700 0.670
v -16.3750 1.9750 -11.5000 0.720 0.700 0.670
v -15.1750 1.7250 -15.5000 0.720 0.700 0.670
v -16.3750 1.7250 -15.5000 0.720 0.700 0.670
v -16.3750 1.9750 -15.5000 0.720 0.700 0.670
v -15.1750 1.9750 -15.5000 0.720 0.700 0.670
v -16.3750 1.9750 -15.5000 0.720 0.700 0.670
v -15.1750 1.9750 -15.5000 0.720 0.700 0.670
v -15.1750 1.9750 -11.5000 0.720 0.700 0.670
v -16.3750 1.9750 -11.5000 0.720 0.700 0.670
v -16.3750 1.7250 -15.5000 0.720 0.700 0.670
v -15.1750 1.7250 -15.5000 0.720 0.700 0.670
v -15.1750 1.7250 -11.5000 0.720 0.700 0.670
v -16.3750 1.7250 -11.5000 0.720 0.700 0.670
v -15.1750 1.7250 -11.5000 0.720 0.700 0.670
v -15.1750 1.7250 -15.5000 0.720 0.700 0.670
v -15.1750 1.9750 -15.5000 0.720 0.700 0.670
v -15.1750 1.9750 -11.5000 0.720 0.700 0.670
v -16.3750 1.7250 -15.5000 0.720 0.700 0.670
v -16.3750 1.7250 -11.5000 0.720 0.700 0.670
v -16.3750 1.9750 -11.5000 0.720 0.700 0.670
v -16.3750 1.9750 -15.5000 0.720 0.700 0.670
v 14.8167 1.8417 15.5000 0.720 0.700 0.670
v 16.0167 1.8417 15.5000 0.720 0.700 0.670
v 16.0167 2.0917 15.5000 0.720 0.700 0.670
v 14.8167 2.0917 15.5000 0.720 0.700 0.670
v 16.0167 1.8417 11.5000 0.720 0.700 0.670
v 14.8167 1.8417 11.5000 0.720 0.700 0.670
v 14.8167 2.0917 11.5000 0.720 0.700 0.670
v 16.0167 2.0917 11.5000 0.720 0.700 0.670
v 14.8167 2.0917 11.5000 0.720 0.700 0.670
v 16.0167 2.0917 11.5000 0.720 0.700 0.670
v 16.0167 2.0917 15.5000 0.720 0.700 0.670
v 14.8167 2.0917 15.5000 0.720 0.700 0.670
v 14.8167 1.8417 11.5000 0.720 0.700 0.670
v 16.0167 1.8417 11.5000 0.720 0.700 0.670
v 16.0167 1.8417 15.5000 0.720 0.700 0.670
v 14.8167 1.8417 15.5000 0.720 0.700 0.670
v 16.0167 1.8417 15.5000 0.720 0.700 0.670
v 16.0167 1.8417 11.5000 0.720 0.700 0.670
v 16.0167 2.0917 11.5000 0.720 0.700 0.670
v 16.0167 2.0917 15.5000 0.720 0.700 0.670
v 14.8167 1.8417 11.5000 0.720 0.700 0.670
v 14.8167 1.8417 15.5000 0.720 0.700 0.670
v 14.8167 2.0917 15.5000 0.720 0.700 0.670
v 14.8167 2.0917 11.5000 0.720 0.700 0.670
v -16.0167 1.8417 -11.5000 0.720 0.700 0.670
v -14.8167 1.8417 -11.5000 0.720 0.700 0.670
v -14.8167 2.0917 -11.5000 0.720 0.700 0.670
v -16.0167 2.0917 -11.5000 0.720 0.700 0.670
v -14.8167 1.8417 -15.5000 0.720 0.700 0.670
v -16.0167 1.8417 -15.5000 0.720 0.700 0.670
v -16.0167 2.0917 -15.5000 0.720 0.700 0.670
v -14.8167 2.0917 -15.5000 0.720 0.700 0.670
v -16.0167 2.0917 -15.5000 0.720 0.700 0.670
v -14.8167 2.0917 -15.5000 0.720 0.700 0.670
v -14.8167 2.0917 -11.5000 0.720 0.700 0.670
v -16.0167 2.0917 -11.5000 0.720 0.700 0.670
v -16.0167 1.8417 -15.5000 0.720 0.700 0.670
v -14.8167 1.8417 -15.5000 0.720 0.700 0.670
v -14.8167 1.8417 -11.5000 0.720 0.700 0.670
v -16.0167 1.8417 -11.5000 0.720 0.700 0.670
v -14.8167 1.8417 -11.5000 0.720 0.700 0.670
v -14.8167 1.8417 -15.5000 0.720 0.700 0.670
v -14.8167 2.0917 -15.5000 0.720 0.700 0.670
v -14.8167 2.0917 -11.5000 0.720 0.700 0.670
v -16.0167 1.8417 -15.5000 0.720 0.700 0.670
v -16.0167 1.8417 -11.5000 0.720 0.700 0.670
v -16.0167 2.0917 -11.5000 0.720 0.700 0.670
v -16.0167 2.0917 -15.5000 0.720 0.700 0.670
v 14.4583 1.9583 15.5000 0.720 0.700 0.670
v 15.6583 1.9583 15.5000 0.720 0.700 0.670
v 15.6583 2.2083 15.5000 0.720 0.700 0.670
v 14.4583 2.2083 15.5000 0.720 0.700 0.670
v 15.6583 1.9583 11.5000 0.720 0.700 0.670
v 14.4583 1.9583 11.5000 0.720 0.700 0.670
v 14.4583 2.2083 11.5000 0.720 0.700 0.670
v 15.6583 2.2083 11.5000 0.720 0.700 0.670
v 14.4583 2.2083 11.5000 0.720 0.700 0.670
v 15.6583 2.2083 11.5000 0.720 0.700 0.670
v 15.6583 2.2083 15.5000 0.720 0.700 0.670
v 14.4583 2.2083 15.5000 0.720 0.700 0.670
v 14.4583 1.9583 11.5000 0.720 0.700 0.670
v 15.6583 1.9583 11.5000 0.720 0.700 0.670
v 15.6583 1.9583 15.5000 0.720 0.700 0.670
v 14.4583 1.9583 15.5000 0.720 0.700 0.670
v 15.6583 1.9583 15.5000 0.720 0.700 0.670
v 15.6583 1.9583 11.5000 0.720 0.700 0.670
v 15.6583 2.2083 11.5000 0.720 0.700 0.670
v 15.6583 2.2083 15.5000 0.720 0.700 0.670
v 14.4583 1.9583 11.5000 0.720 0.700 0.670
v 14.4583 1.9583 15.5000 0.720 0.700 0.670
v 14.4583 2.2083 15.5000 0.720 0.700 0.670
v 14.4583 2.2083 11.5000 0.720 0.700 0.670
v -15.6583 1.9583 -11.5000 0.720 0.700 0.670
v -14.4583 1.9583 -11.5000 0.720 0.700 0.670
v -14.4583 2.2083 -11.5000 0.720 0.700 0.670
v -15.6583 2.2083 -11.5000 0.720 0.700 0.670
v -14.4583 1.9583 -15.5000 0.720 0.700 0.670
v -15.6583 1.9583 -15.5000 0.720 0.700 0.670
v -15.6583 2.2083 -15.5000 0.720 0.700 0.670
v -14.4583 2.2083 -15.5000 0.720 0.700 0.670
v -15.6583 2.2083 -15.5000 0.720 0.700 0.670
v -14.4583 2.2083 -15.5000 0.720 0.700 0.670
v -14.4583 2.2083 -11.5000 0.720 0.700 0.670
v -15.6583 2.2083 -11.5000 0.720 0.700 0.670
v -15.6583 1.9583 -15.5000 0.720 0.700 0.670
v -14.4583 1.9583 -15.5000 0.720 0.700 0.670
v -14.4583 1.9583 -11.5000 0.720 0.700 0.670
v -15.6583 1.9583 -11.5000 0.720 0.700 0.670
v -14.4583 1.9583 -11.5000 0.720 0.700 0.670
v -14.4583 1.9583 -15.5000 0.720 0.700 0.670
v -14.4583 2.2083 -15.5000 0.720 0.700 0.670
v -14.4583 2.2083 -11.5000 0.720 0.700 0.670
v -15.6583 1.9583 -15.5000 0.720 0.700 0.670
v -15.6583 1.9583 -11.5000 0.720 0.700 0.670
v -15.6583 2.2083 -11.5000 0.720 0.700 0.670
v -15.6583 2.2083 -15.5000 0.720 0.700 0.670
v 10.8000 2.0000 16.2000 0.340 0.310 0.290
v 16.2000 2.0000 16.2000 0.340 0.310 0.290
v 16.2000 2.5000 16.2000 0.340 0.310 0.290
v 10.8000 2.5000 16.2000 0.340 0.310 0.290
v 16.2000 2.0000 10.8000 0.340 0.310 0.290
v 10.8000 2.0000 10.8000 0.340 0.310 0.290
v 10.8000 2.5000 10.8000 0.340 0.310 0.290
v 16.2000 2.5000 10.8000 0.340 0.310 0.290
v 10.8000 2.5000 10.8000 0.340 0.310 0.290
v 16.2000 2.5000 10.8000 0.340 0.310 0.290
v 16.2000 2.5000 16.2000 0.340 0.310 0.290
v 10.8000 2.5000 16.2000 0.340 0.310 0.290
v 10.8000 2.0000 10.8000 0.340 0.310 0.290
v 16.2000 2.0000 10.8000 0.340 0.310 0.290
v 16.2000 2.0000 16.2000 0.340 0.310 0.290
v 10.8000 2.0000 16.2000 0.340 0.310 0.290
v 16.2000 2.0000 16.2000 0.340 0.310 0.290
v 16.2000 2.0000 10.8000 0.340 0.310 0.290
v 16.2000 2.5000 10.8000 0.340 0.310 0.290
v 16.2000 2.5000 16.2000 0.340 0.310 0.290
v 10.8000 2.0000 10.8000 0.340 0.310 0.290
v 10.8000 2.0000 16.2000 0.340 0.310 0.290
v 10.8000 2.5000 16.2000 0.340 0.310 0.290
v 10.8000 2.5000 10.8000 0.340 0.310 0.290
v -16.2000 2.0000 -10.8000 0.340 0.310 0.290
v -10.8000 2.0000 -10.8000 0.340 0.310 0.290
v -10.8000 2.5000 -10.8000 0.340 0.310 0.290
v -16.2000 2.5000 -10.8000 0.340 0.310 0.290
v -10.8000 2.0000 -16.2000 0.340 0.310 0.290
v -16.2000 2.0000 -16.2000 0.340 0.310 0.290
v -16.2000 2.5000 -16.2000 0.340 0.310 0.290
v -10.8000 2.5000 -16.2000 0.340 0.310 0.290
v -16.2000 2.5000 -16.2000 0.340 0.310 0.290
v -10.8000 2.5000 -16.2000 0.340 0.310 0.290
v -10.8000 2.5000 -10.8000 0.340 0.310 0.290
v -16.2000 2.5000 -10.8000 0.340 0.310 0.290
v -16.2000 2.0000 -16.2000 0.340 0.310 0.290
v -10.8000 2.0000 -16.2000 0.340 0.310 0.290
v -10.8000 2.0000 -10.8000 0.340 0.310 0.290
v -16.2000 2.0000 -10.8000 0.340 0.310 0.290
v -10.8000 2.0000 -10.8000 0.340 0.310 0.290
v -10.8000 2.0000 -16.2000 0.340 0.310 0.290
v -10.8000 2.5000 -16.2000 0.340 0.310 0.290
v -10.8000 2.5000 -10.8000 0.340 0.310 0.290
v -16.2000 2.0000 -16.2000 0.340 0.310 0.290
v -16.2000 2.0000 -10.8000 0.340 0.310 0.290
v -16.2000 2.5000 -10.8000 0.340 0.310 0.290
v -16.2000 2.5000 -16.2000 0.340 0.310 0.290
v 12.1691 0.6440 11.6000 0.500 0.460 0.440
v 12.1691 0.6440 15.4000 0.500 0.460 0.440
v 14.8309 3.3560 15.4000 0.500 0.460 0.440
v 14.8309 3.3560 11.6000 0.500 0.460 0.440
v -14.8309 27.1440 11.6000 0.500 0.460 0.440
v -14.8309 27.1440 15.4000 0.500 0.460 0.440
v -12.1691 29.8560 15.4000 0.500 0.460 0.440
v -12.1691 29.8560 11.6000 0.500 0.460 0.440
v 12.0816 0.5548 11.4750 0.580 0.540 0.500
v 12.0816 0.5548 11.9250 0.580 0.540 0.500
v 12.3968 0.8759 11.9250 0.580 0.540 0.500
v 12.3968 0.8759 11.4750 0.580 0.540 0.500
v -14.9184 27.0548 11.4750 0.580 0.540 0.500
v -14.9184 27.0548 11.9250 0.580 0.540 0.500
v -14.6032 27.3759 11.9250 0.580 0.540 0.500
v -14.6032 27.3759 11.4750 0.580 0.540 0.500
v 12.0816 0.5548 15.0750 0.580 0.540 0.500
v 12.0816 0.5548 15.5250 0.580 0.540 0.500
v 12.3968 0.8759 15.5250 0.580 0.540 0.500
v 12.3968 0.8759 15.0750 0.580 0.540 0.500
v -14.9184 27.0548 15.0750 0.580 0.540 0.500
v -14.9184 27.0548 15.5250 0.580 0.540 0.500
v -14.6032 27.3759 15.5250 0.580 0.540 0.500
v -14.6032 27.3759 15.0750 0.580 0.540 0.500
v 14.6032 3.1241 15.0750 0.580 0.540 0.500
v 14.6032 3.1241 15.5250 0.580 0.540 0.500
v 14.9184 3.4452 15.5250 0.580 0.540 0.500
v 14.9184 3.4452 15.0750 0.580 0.540 0.500
v -12.3968 29.6241 15.0750 0.580 0.540 0.500
v -12.3968 29.6241 15.5250 0.580 0.540 0.500
v -12.0816 29.9452 15.5250 0.580 0.540 0.500
v -12.0816 29.9452 15.0750 0.580 0.540 0.500
v 14.6032 3.1241 11.4750 0.580 0.540 0.500
v 14.6032 3.1241 11.9250 0.580 0.540 0.500
v 14.9184 3.4452 11.9250 0.580 0.540 0.500
v 14.9184 3.4452 11.4750 0.580 0.540 0.500
v -12.3968 29.6241 11.4750 0.580 0.540 0.500
v -12.3968 29.6241 11.9250 0.580 0.540 0.500
v -12.0816 29.9452 11.9250 0.580 0.540 0.500
v -12.0816 29.9452 11.4750 0.580 0.540 0.500
v 12.3611 0.8085 11.7255 0.580 0.540 0.500
v 12.1921 0.8085 11.5846 0.580 0.540 0.500
v 12.1172 0.6222 11.6745 0.580 0.540 0.500
v 12.2862 0.6222 11.8154 0.580 0.540 0.500
v 9.3611 3.7530 15.3255 0.580 0.540 0.500
v 9.1921 3.7530 15.1846 0.580 0.540 0.500
v 9.1172 3.5667 15.2745 0.580 0.540 0.500
v 9.2862 3.5667 15.4154 0.580 0.540 0.500
v 12.1921 0.8085 15.4154 0.580 0.540 0.500
v 12.3611 0.8085 15.2745 0.580 0.540 0.500
v 12.2862 0.6222 15.1846 0.580 0.540 0.500
v 12.1172 0.6222 15.3255 0.580 0.540 0.500
v 9.1921 3.7530 11.8154 0.580 0.540 0.500
v 9.3611 3.7530 11.6745 0.580 0.540 0.500
v 9.2862 3.5667 11.5846 0.580 0.540 0.500
v 9.1172 3.5667 11.7255 0.580 0.540 0.500
v 12.3487 0.7249 15.4100 0.580 0.540 0.500
v 12.3487 0.7249 15.1900 0.580 0.540 0.500
v 12.1296 0.7059 15.1900 0.580 0.540 0.500
v 12.1296 0.7059 15.4100 0.580 0.540 0.500
v 11.8704 6.2386 15.4100 0.580 0.540 0.500
v 11.8704 6.2386 15.1900 0.580 0.540 0.500
v 11.6513 6.2196 15.1900 0.580 0.540 0.500
v 11.6513 6.2196 15.4100 0.580 0.540 0.500
v 14.7683 3.3944 15.4100 0.580 0.540 0.500
v 14.7683 3.3944 15.1900 0.580 0.540 0.500
v 14.7534 3.1749 15.1900 0.580 0.540 0.500
v 14.7534 3.1749 15.4100 0.580 0.540 0.500
v 9.2466 3.7696 15.4100 0.580 0.540 0.500
v 9.2466 3.7696 15.1900 0.580 0.540 0.500
v 9.2317 3.5501 15.1900 0.580 0.540 0.500
v 9.2317 3.5501 15.4100 0.580 0.540 0.500
v 9.3792 3.7998 11.7000 0.500 0.460 0.440
v 9.0992 3.7998 11.7000 0.500 0.460 0.440
v 9.0992 3.5198 11.7000 0.500 0.460 0.440
v 9.3792 3.5198 11.7000 0.500 0.460 0.440
v 9.3792 3.7998 15.3000 0.500 0.460 0.440
v 9.0992 3.7998 15.3000 0.500 0.460 0.440
v 9.0992 3.5198 15.3000 0.500 0.460 0.440
v 9.3792 3.5198 15.3000 0.500 0.460 0.440
v 9.1392 3.7579 15.1600 0.500 0.460 0.440
v 9.1392 3.7579 15.4400 0.500 0.460 0.440
v 9.3391 3.5617 15.4400 0.500 0.460 0.440
v 9.3391 3.5617 15.1600 0.500 0.460 0.440
v 11.6609 6.3271 15.1600 0.500 0.460 0.440
v 11.6609 6.3271 15.4400 0.500 0.460 0.440
v 11.8608 6.1310 15.4400 0.500 0.460 0.440
v 11.8608 6.1310 15.1600 0.500 0.460 0.440
v 11.6208 6.3691 15.3000 0.500 0.460 0.440
v 11.9008 6.3691 15.3000 0.500 0.460 0.440
v 11.9008 6.0891 15.3000 0.500 0.460 0.440
v 11.6208 6.0891 15.3000 0.500 0.460 0.440
v 11.6208 6.3691 11.7000 0.500 0.460 0.440
v 11.9008 6.3691 11.7000 0.500 0.460 0.440
v 11.9008 6.0891 11.7000 0.500 0.460 0.440
v 11.6208 6.0891 11.7000 0.500 0.460 0.440
v 11.6609 6.3271 11.8400 0.500 0.460 0.440
v 11.6609 6.3271 11.5600 0.500 0.460 0.440
v 11.8608 6.1310 11.5600 0.500 0.460 0.440
v 11.8608 6.1310 11.8400 0.500 0.460 0.440
v 9.1392 3.7579 11.8400 0.500 0.460 0.440
v 9.1392 3.7579 11.5600 0.500 0.460 0.440
v 9.3391 3.5617 11.5600 0.500 0.460 0.440
v 9.3391 3.5617 11.8400 0.500 0.460 0.440
v 9.3611 3.7530 11.7255 0.580 0.540 0.500
v 9.1921 3.7530 11.5846 0.580 0.540 0.500
v 9.1172 3.5667 11.6745 0.580 0.540 0.500
v 9.2862 3.5667 11.8154 0.580 0.540 0.500
v 6.3611 6.6974 15.3255 0.580 0.540 0.500
v 6.1921 6.6974 15.1846 0.580 0.540 0.500
v 6.1172 6.5111 15.2745 0.580 0.540 0.500
v 6.2862 6.5111 15.4154 0.580 0.540 0.500
v 9.1921 3.7530 15.4154 0.580 0.540 0.500
v 9.3611 3.7530 15.2745 0.580 0.540 0.500
v 9.2862 3.5667 15.1846 0.580 0.540 0.500
v 9.1172 3.5667 15.3255 0.580 0.540 0.500
v 6.1921 6.6974 11.8154 0.580 0.540 0.500
v 6.3611 6.6974 11.6745 0.580 0.540 0.500
v 6.2862 6.5111 11.5846 0.580 0.540 0.500
v 6.1172 6.5111 11.7255 0.580 0.540 0.500
v 9.3487 3.6693 15.4100 0.580 0.540 0.500
v 9.3487 3.6693 15.1900 0.580 0.540 0.500
v 9.1296 3.6503 15.1900 0.580 0.540 0.500
v 9.1296 3.6503 15.4100 0.580 0.540 0.500
v 8.8704 9.1830 15.4100 0.580 0.540 0.500
v 8.8704 9.1830 15.1900 0.580 0.540 0.500
v 8.6513 9.1640 15.1900 0.580 0.540 0.500
v 8.6513 9.1640 15.4100 0.580 0.540 0.500
v 11.7683 6.3388 15.4100 0.580 0.540 0.500
v 11.7683 6.3388 15.1900 0.580 0.540 0.500
v 11.7534 6.1193 15.1900 0.580 0.540 0.500
v 11.7534 6.1193 15.4100 0.580 0.540 0.500
v 6.2466 6.7140 15.4100 0.580 0.540 0.500
v 6.2466 6.7140 15.1900 0.580 0.540 0.500
v 6.2317 6.4945 15.1900 0.580 0.540 0.500
v 6.2317 6.4945 15.4100 0.580 0.540 0.500
v 6.3792 6.7443 11.7000 0.500 0.460 0.440
v 6.0992 6.7443 11.7000 0.500 0.460 0.440
v 6.0992 6.4643 11.7000 0.500 0.460 0.440
v 6.3792 6.4643 11.7000 0.500 0.460 0.440
v 6.3792 6.7443 15.3000 0.500 0.460 0.440
v 6.0992 6.7443 15.3000 0.500 0.460 0.440
v 6.0992 6.4643 15.3000 0.500 0.460 0.440
v 6.3792 6.4643 15.3000 0.500 0.460 0.440
v 6.1392 6.7023 15.1600 0.500 0.460 0.440
v 6.1392 6.7023 15.4400 0.500 0.460 0.440
v 6.3391 6.5062 15.4400 0.500 0.460 0.440
v 6.3391 6.5062 15.1600 0.500 0.460 0.440
v 8.6609 9.2716 15.1600 0.500 0.460 0.440
v 8.6609 9.2716 15.4400 0.500 0.460 0.440
v 8.8608 9.0755 15.4400 0.500 0.460 0.440
v 8.8608 9.0755 15.1600 0.500 0.460 0.440
v 8.6208 9.3135 15.3000 0.500 0.460 0.440
v 8.9008 9.3135 15.3000 0.500 0.460 0.440
v 8.9008 9.0335 15.3000 0.500 0.460 0.440
v 8.6208 9.0335 15.3000 0.500 0.460 0.440
v 8.6208 9.3135 11.7000 0.500 0.460 0.440
v 8.9008 9.3135 11.7000 0.500 0.460 0.440
v 8.9008 9.0335 11.7000 0.500 0.460 0.440
v 8.6208 9.0335 11.7000 0.500 0.460 0.440
v 8.6609 9.2716 11.8400 0.500 0.460 0.440
v 8.6609 9.2716 11.5600 0.500 0.460 0.440
v 8.8608 9.0755 11.5600 0.500 0.460 0.440
v 8.8608 9.0755 11.8400 0.500 0.460 0.440
v 6.1392 6.7023 11.8400 0.500 0.460 0.440
v 6.1392 6.7023 11.5600 0.500 0.460 0.440
v 6.3391 6.5062 11.5600 0.500 0.460 0.440
v 6.3391 6.5062 11.8400 0.500 0.460 0.440
v 6.3611 6.6974 11.7255 0.580 0.540 0.500
v 6.1921 6.6974 11.5846 0.580 0.540 0.500
v 6.1172 6.5111 11.6745 0.580 0.540 0.500
v 6.2862 6.5111 11.8154 0.580 0.540 0.500
v 3.3611 9.6418 15.3255 0.580 0.540 0.500
v 3.1921 9.6418 15.1846 0.580 0.540 0.500
v 3.1172 9.4556 15.2745 0.580 0.540 0.500
v 3.2862 9.4556 15.4154 0.580 0.540 0.500
v 6.1921 6.6974 15.4154 0.580 0.540 0.500
v 6.3611 6.6974 15.2745 0.580 0.540 0.500
v 6.2862 6.5111 15.1846 0.580 0.540 0.500
v 6.1172 6.5111 15.3255 0.580 0.540 0.500
v 3.1921 9.6418 11.8154 0.580 0.540 0.500
v 3.3611 9.6418 11.6745 0.580 0.540 0.500
v 3.2862 9.4556 11.5846 0.580 0.540 0.500
v 3.1172 9.4556 11.7255 0.580 0.540 0.500
v 6.3487 6.6138 15.4100 0.580 0.540 0.500
v 6.3487 6.6138 15.1900 0.580 0.540 0.500
v 6.1296 6.5948 15.1900 0.580 0.540 0.500
v 6.1296 6.5948 15.4100 0.580 0.540 0.500
v 5.8704 12.1275 15.4100 0.580 0.540 0.500
v 5.8704 12.1275 15.1900 0.580 0.540 0.500
v 5.6513 12.1085 15.1900 0.580 0.540 0.500
v 5.6513 12.1085 15.4100 0.580 0.540 0.500
v 8.7683 9.2833 15.4100 0.580 0.540 0.500
v 8.7683 9.2833 15.1900 0.580 0.540 0.500
v 8.7534 9.0638 15.1900 0.580 0.540 0.500
v 8.7534 9.0638 15.4100 0.580 0.540 0.500
v 3.2466 9.6584 15.4100 0.580 0.540 0.500
v 3.2466 9.6584 15.1900 0.580 0.540 0.500
v 3.2317 9.4390 15.1900 0.580 0.540 0.500
v 3.2317 9.4390 15.4100 0.580 0.540 0.500
v 3.3792 9.6887 11.7000 0.500 0.460 0.440
v 3.0992 9.6887 11.7000 0.500 0.460 0.440
v 3.0992 9.4087 11.7000 0.500 0.460 0.440
v 3.3792 9.4087 11.7000 0.500 0.460 0.440
v 3.3792 9.6887 15.3000 0.500 0.460 0.440
v 3.0992 9.6887 15.3000 0.500 0.460 0.440
v 3.0992 9.4087 15.3000 0.500 0.460 0.440
v 3.3792 9.4087 15.3000 0.500 0.460 0.440
v 3.1392 9.6468 15.1600 0.500 0.460 0.440
v 3.1392 9.6468 15.4400 0.500 0.460 0.440
v 3.3391 9.4506 15.4400 0.500 0.460 0.440
v 3.3391 9.4506 15.1600 0.500 0.460 0.440
v 5.6609 12.2160 15.1600 0.500 0.460 0.440
v 5.6609 12.2160 15.4400 0.500 0.460 0.440
v 5.8608 12.0199 15.4400 0.500 0.460 0.440
v 5.8608 12.0199 15.1600 0.500 0.460 0.440
v 5.6208 12.2580 15.3000 0.500 0.460 0.440
v 5.9008 12.2580 15.3000 0.500 0.460 0.440
v 5.9008 11.9780 15.3000 0.500 0.460 0.440
v 5.6208 11.9780 15.3000 0.500 0.460 0.440
v 5.6208 12.2580 11.7000 0.500 0.460 0.440
v 5.9008 12.2580 11.7000 0.500 0.460 0.440
v 5.9008 11.9780 11.7000 0.500 0.460 0.440
v 5.6208 11.9780 11.7000 0.500 0.460 0.440
v 5.6609 12.2160 11.8400 0.500 0.460 0.440
v 5.6609 12.2160 11.5600 0.500 0.460 0.440
v 5.8608 12.0199 11.5600 0.500 0.460 0.440
v 5.8608 12.0199 11.8400 0.500 0.460 0.440
v 3.1392 9.6468 11.8400 0.500 0.460 0.440
v 3.1392 9.6468 11.5600 0.500 0.460 0.440
v 3.3391 9.4506 11.5600 0.500 0.460 0.440
v 3.3391 9.4506 11.8400 0.500 0.460 0.440
v 3.3611 9.6418 11.7255 0.580 0.540 0.500
v 3.1921 9.6418 11.5846 0.580 0.540 0.500
v 3.1172 9.4556 11.6745 0.580 0.540 0.500
v 3.2862 9.4556 11.8154 0.580 0.540 0.500
v 0.3611 12.5863 15.3255 0.580 0.540 0.500
v 0.1921 12.5863 15.1846 0.580 0.540 0.500
v 0.1172 12.4000 15.2745 0.580 0.540 0.500
v 0.2862 12.4000 15.4154 0.580 0.540 0.500
v 3.1921 9.6418 15.4154 0.580 0.540 0.500
v 3.3611 9.6418 15.2745 0.580 0.540 0.500
v 3.2862 9.4556 15.1846 0.580 0.540 0.500
v 3.1172 9.4556 15.3255 0.580 0.540 0.500
v 0.1921 12.5863 11.8154 0.580 0.540 0.500
v 0.3611 12.5863 11.6745 0.580 0.540 0.500
v 0.2862 12.4000 11.5846 0.580 0.540 0.500
v 0.1172 12.4000 11.7255 0.580 0.540 0.500
v 3.3487 9.5582 15.4100 0.580 0.540 0.500
v 3.3487 9.5582 15.1900 0.580 0.540 0.500
v 3.1296 9.5392 15.1900 0.580 0.540 0.500
v 3.1296 9.5392 15.4100 0.580 0.540 0.500
v 2.8704 15.0719 15.4100 0.580 0.540 0.500
v 2.8704 15.0719 15.1900 0.580 0.540 0.500
v 2.6513 15.0529 15.1900 0.580 0.540 0.500
v 2.6513 15.0529 15.4100 0.580 0.540 0.500
v 5.7683 12.2277 15.4100 0.580 0.540 0.500
v 5.7683 12.2277 15.1900 0.580 0.540 0.500
v 5.7534 12.0082 15.1900 0.580 0.540 0.500
v 5.7534 12.0082 15.4100 0.580 0.540 0.500
v 0.2466 12.6029 15.4100 0.580 0.540 0.500
v 0.2466 12.6029 15.1900 0.580 0.540 0.500
v 0.2317 12.3834 15.1900 0.580 0.540 0.500
v 0.2317 12.3834 15.4100 0.580 0.540 0.500
v 0.3792 12.6331 11.7000 0.500 0.460 0.440
v 0.0992 12.6331 11.7000 0.500 0.460 0.440
v 0.0992 12.3531 11.7000 0.500 0.460 0.440
v 0.3792 12.3531 11.7000 0.500 0.460 0.440
v 0.3792 12.6331 15.3000 0.500 0.460 0.440
v 0.0992 12.6331 15.3000 0.500 0.460 0.440
v 0.0992 12.3531 15.3000 0.500 0.460 0.440
v 0.3792 12.3531 15.3000 0.500 0.460 0.440
v 0.1392 12.5912 15.1600 0.500 0.460 0.440
v 0.1392 12.5912 15.4400 0.500 0.460 0.440
v 0.3391 12.3951 15.4400 0.500 0.460 0.440
v 0.3391 12.3951 15.1600 0.500 0.460 0.440
v 2.6609 15.1605 15.1600 0.500 0.460 0.440
v 2.6609 15.1605 15.4400 0.500 0.460 0.440
v 2.8608 14.9643 15.4400 0.500 0.460 0.440
v 2.8608 14.9643 15.1600 0.500 0.460 0.440
v 2.6208 15.2024 15.3000 0.500 0.460 0.440
v 2.9008 15.2024 15.3000 0.500 0.460 0.440
v 2.9008 14.9224 15.3000 0.500 0.460 0.440
v 2.6208 14.9224 15.3000 0.500 0.460 0.440
v 2.6208 15.2024 11.7000 0.500 0.460 0.440
v 2.9008 15.2024 11.7000 0.500 0.460 0.440
v 2.9008 14.9224 11.7000 0.500 0.460 0.440
v 2.6208 14.9224 11.7000 0.500 0.460 0.440
v 2.6609 15.1605 11.8400 0.500 0.460 0.440
v 2.6609 15.1605 11.5600 0.500 0.460 0.440
v 2.8608 14.9643 11.5600 0.500 0.460 0.440
v 2.8608 14.9643 11.8400 0.500 0.460 0.440
v 0.1392 12.5912 11.8400 0.500 0.460 0.440
v 0.1392 12.5912 11.5600 0.500 0.460 0.440
v 0.3391 12.3951 11.5600 0.500 0.460 0.440
v 0.3391 12.3951 11.8400 0.500 0.460 0.440
v 0.3611 12.5863 11.7255 0.580 0.540 0.500
v 0.1921 12.5863 11.5846 0.580 0.540 0.500
v 0.1172 12.4000 11.6745 0.580 0.540 0.500
v 0.2862 12.4000 11.8154 0.580 0.540 0.500
v -2.6389 15.5307 15.3255 0.580 0.540 0.500
v -2.8079 15.5307 15.1846 0.580 0.540 0.500
v -2.8828 15.3445 15.2745 0.580 0.540 0.500
v -2.7138 15.3445 15.4154 0.580 0.540 0.500
v 0.1921 12.5863 15.4154 0.580 0.540 0.500
v 0.3611 12.5863 15.2745 0.580 0.540 0.500
v 0.2862 12.4000 15.1846 0.580 0.540 0.500
v 0.1172 12.4000 15.3255 0.580 0.540 0.500
v -2.8079 15.5307 11.8154 0.580 0.540 0.500
v -2.6389 15.5307 11.6745 0.580 0.540 0.500
v -2.7138 15.3445 11.5846 0.580 0.540 0.500
v -2.8828 15.3445 11.7255 0.580 0.540 0.500
v 0.3487 12.5027 15.4100 0.580 0.540 0.500
v 0.3487 12.5027 15.1900 0.580 0.540 0.500
v 0.1296 12.4836 15.1900 0.580 0.540 0.500
v 0.1296 12.4836 15.4100 0.580 0.540 0.500
v -0.1296 18.0164 15.4100 0.580 0.540 0.500
v -0.1296 18.0164 15.1900 0.580 0.540 0.500
v -0.3487 17.9973 15.1900 0.580 0.540 0.500
v -0.3487 17.9973 15.4100 0.580 0.540 0.500
v 2.7683 15.1722 15.4100 0.580 0.540 0.500
v 2.7683 15.1722 15.1900 0.580 0.540 0.500
v 2.7534 14.9527 15.1900 0.580 0.540 0.500
v 2.7534 14.9527 15.4100 0.580 0.540 0.500
v -2.7534 15.5473 15.4100 0.580 0.540 0.500
v -2.7534 15.5473 15.1900 0.580 0.540 0.500
v -2.7683 15.3278 15.1900 0.580 0.540 0.500
v -2.7683 15.3278 15.4100 0.580 0.540 0.500
v -2.6208 15.5776 11.7000 0.500 0.460 0.440
v -2.9008 15.5776 11.7000 0.500 0.460 0.440
v -2.9008 15.2976 11.7000 0.500 0.460 0.440
v -2.6208 15.2976 11.7000 0.500 0.460 0.440
v -2.6208 15.5776 15.3000 0.500 0.460 0.440
v -2.9008 15.5776 15.3000 0.500 0.460 0.440
v -2.9008 15.2976 15.3000 0.500 0.460 0.440
v -2.6208 15.2976 15.3000 0.500 0.460 0.440
v -2.8608 15.5357 15.1600 0.500 0.460 0.440
v -2.8608 15.5357 15.4400 0.500 0.460 0.440
v -2.6609 15.3395 15.4400 0.500 0.460 0.440
v -2.6609 15.3395 15.1600 0.500 0.460 0.440
v -0.3391 18.1049 15.1600 0.500 0.460 0.440
v -0.3391 18.1049 15.4400 0.500 0.460 0.440
v -0.1392 17.9088 15.4400 0.500 0.460 0.440
v -0.1392 17.9088 15.1600 0.500 0.460 0.440
v -0.3792 18.1469 15.3000 0.500 0.460 0.440
v -0.0992 18.1469 15.3000 0.500 0.460 0.440
v -0.0992 17.8669 15.3000 0.500 0.460 0.440
v -0.3792 17.8669 15.3000 0.500 0.460 0.440
v -0.3792 18.1469 11.7000 0.500 0.460 0.440
v -0.0992 18.1469 11.7000 0.500 0.460 0.440
v -0.0992 17.8669 11.7000 0.500 0.460 0.440
v -0.3792 17.8669 11.7000 0.500 0.460 0.440
v -0.3391 18.1049 11.8400 0.500 0.460 0.440
v -0.3391 18.1049 11.5600 0.500 0.460 0.440
v -0.1392 17.9088 11.5600 0.500 0.460 0.440
v -0.1392 17.9088 11.8400 0.500 0.460 0.440
v -2.8608 15.5357 11.8400 0.500 0.460 0.440
v -2.8608 15.5357 11.5600 0.500 0.460 0.440
v -2.6609 15.3395 11.5600 0.500 0.460 0.440
v -2.6609 15.3395 11.8400 0.500 0.460 0.440
v -2.6389 15.5307 11.7255 0.580 0.540 0.500
v -2.8079 15.5307 11.5846 0.580 0.540 0.500
v -2.8828 15.3445 11.6745 0.580 0.540 0.500
v -2.7138 15.3445 11.8154 0.580 0.540 0.500
v -5.6389 18.4752 15.3255 0.580 0.540 0.500
v -5.8079 18.4752 15.1846 0.580 0.540 0.500
v -5.8828 18.2889 15.2745 0.580 0.540 0.500
v -5.7138 18.2889 15.4154 0.580 0.540 0.500
v -2.8079 15.5307 15.4154 0.580 0.540 0.500
v -2.6389 15.5307 15.2745 0.580 0.540 0.500
v -2.7138 15.3445 15.1846 0.580 0.540 0.500
v -2.8828 15.3445 15.3255 0.580 0.540 0.500
v -5.8079 18.4752 11.8154 0.580 0.540 0.500
v -5.6389 18.4752 11.6745 0.580 0.540 0.500
v -5.7138 18.2889 11.5846 0.580 0.540 0.500
v -5.8828 18.2889 11.7255 0.580 0.540 0.500
v -2.6513 15.4471 15.4100 0.580 0.540 0.500
v -2.6513 15.4471 15.1900 0.580 0.540 0.500
v -2.8704 15.4281 15.1900 0.580 0.540 0.500
v -2.8704 15.4281 15.4100 0.580 0.540 0.500
v -3.1296 20.9608 15.4100 0.580 0.540 0.500
v -3.1296 20.9608 15.1900 0.580 0.540 0.500
v -3.3487 20.9418 15.1900 0.580 0.540 0.500
v -3.3487 20.9418 15.4100 0.580 0.540 0.500
v -0.2317 18.1166 15.4100 0.580 0.540 0.500
v -0.2317 18.1166 15.1900 0.580 0.540 0.500
v -0.2466 17.8971 15.1900 0.580 0.540 0.500
v -0.2466 17.8971 15.4100 0.580 0.540 0.500
v -5.7534 18.4918 15.4100 0.580 0.540 0.500
v -5.7534 18.4918 15.1900 0.580 0.540 0.500
v -5.7683 18.2723 15.1900 0.580 0.540 0.500
v -5.7683 18.2723 15.4100 0.580 0.540 0.500
v -5.6208 18.5220 11.7000 0.500 0.460 0.440
v -5.9008 18.5220 11.7000 0.500 0.460 0.440
v -5.9008 18.2420 11.7000 0.500 0.460 0.440
v -5.6208 18.2420 11.7000 0.500 0.460 0.440
v -5.6208 18.5220 15.3000 0.500 0.460 0.440
v -5.9008 18.5220 15.3000 0.500 0.460 0.440
v -5.9008 18.2420 15.3000 0.500 0.460 0.440
v -5.6208 18.2420 15.3000 0.500 0.460 0.440
v -5.8608 18.4801 15.1600 0.500 0.460 0.440
v -5.8608 18.4801 15.4400 0.500 0.460 0.440
v -5.6609 18.2840 15.4400 0.500 0.460 0.440
v -5.6609 18.2840 15.1600 0.500 0.460 0.440
v -3.3391 21.0494 15.1600 0.500 0.460 0.440
v -3.3391 21.0494 15.4400 0.500 0.460 0.440
v -3.1392 20.8532 15.4400 0.500 0.460 0.440
v -3.1392 20.8532 15.1600 0.500 0.460 0.440
v -3.3792 21.0913 15.3000 0.500 0.460 0.440
v -3.0992 21.0913 15.3000 0.500 0.460 0.440
v -3.0992 20.8113 15.3000 0.500 0.460 0.440
v -3.3792 20.8113 15.3000 0.500 0.460 0.440
v -3.3792 21.0913 11.7000 0.500 0.460 0.440
v -3.0992 21.0913 11.7000 0.500 0.460 0.440
v -3.0992 20.8113 11.7000 0.500 0.460 0.440
v -3.3792 20.8113 11.7000 0.500 0.460 0.440
v -3.3391 21.0494 11.8400 0.500 0.460 0.440
v -3.3391 21.0494 11.5600 0.500 0.460 0.440
v -3.1392 20.8532 11.5600 0.500 0.460 0.440
v -3.1392 20.8532 11.8400 0.500 0.460 0.440
v -5.8608 18.4801 11.8400 0.500 0.460 0.440
v -5.8608 18.4801 11.5600 0.500 0.460 0.440
v -5.6609 18.2840 11.5600 0.500 0.460 0.440
v -5.6609 18.2840 11.8400 0.500 0.460 0.440
v -5.6389 18.4752 11.7255 0.580 0.540 0.500
v -5.8079 18.4752 11.5846 0.580 0.540 0.500
v -5.8828 18.2889 11.6745 0.580 0.540 0.500
v -5.7138 18.2889 11.8154 0.580 0.540 0.500
v -8.6389 21.4196 15.3255 0.580 0.540 0.500
v -8.8079 21.4196 15.1846 0.580 0.540 0.500
v -8.8828 21.2333 15.2745 0.580 0.540 0.500
v -8.7138 21.2333 15.4154 0.580 0.540 0.500
v -5.8079 18.4752 15.4154 0.580 0.540 0.500
v -5.6389 18.4752 15.2745 0.580 0.540 0.500
v -5.7138 18.2889 15.1846 0.580 0.540 0.500
v -5.8828 18.2889 15.3255 0.580 0.540 0.500
v -8.8079 21.4196 11.8154 0.580 0.540 0.500
v -8.6389 21.4196 11.6745 0.580 0.540 0.500
v -8.7138 21.2333 11.5846 0.580 0.540 0.500
v -8.8828 21.2333 11.7255 0.580 0.540 0.500
v -5.6513 18.3915 15.4100 0.580 0.540 0.500
v -5.6513 18.3915 15.1900 0.580 0.540 0.500
v -5.8704 18.3725 15.1900 0.580 0.540 0.500
v -5.8704 18.3725 15.4100 0.580 0.540 0.500
v -6.1296 23.9052 15.4100 0.580 0.540 0.500
v -6.1296 23.9052 15.1900 0.580 0.540 0.500
v -6.3487 23.8862 15.1900 0.580 0.540 0.500
v -6.3487 23.8862 15.4100 0.580 0.540 0.500
v -3.2317 21.0610 15.4100 0.580 0.540 0.500
v -3.2317 21.0610 15.1900 0.580 0.540 0.500
v -3.2466 20.8416 15.1900 0.580 0.540 0.500
v -3.2466 20.8416 15.4100 0.580 0.540 0.500
v -8.7534 21.4362 15.4100 0.580 0.540 0.500
v -8.7534 21.4362 15.1900 0.580 0.540 0.500
v -8.7683 21.2167 15.1900 0.580 0.540 0.500
v -8.7683 21.2167 15.4100 0.580 0.540 0.500
v -8.6208 21.4665 11.7000 0.500 0.460 0.440
v -8.9008 21.4665 11.7000 0.500 0.460 0.440
v -8.9008 21.1865 11.7000 0.500 0.460 0.440
v -8.6208 21.1865 11.7000 0.500 0.460 0.440
v -8.6208 21.4665 15.3000 0.500 0.460 0.440
v -8.9008 21.4665 15.3000 0.500 0.460 0.440
v -8.9008 21.1865 15.3000 0.500 0.460 0.440
v -8.6208 21.1865 15.3000 0.500 0.460 0.440
v -8.8608 21.4245 15.1600 0.500 0.460 0.440
v -8.8608 21.4245 15.4400 0.500 0.460 0.440
v -8.6609 21.2284 15.4400 0.500 0.460 0.440
v -8.6609 21.2284 15.1600 0.500 0.460 0.440
v -6.3391 23.9938 15.1600 0.500 0.460 0.440
v -6.3391 23.9938 15.4400 0.500 0.460 0.440
v -6.1392 23.7977 15.4400 0.500 0.460 0.440
v -6.1392 23.7977 15.1600 0.500 0.460 0.440
v -6.3792 24.0357 15.3000 0.500 0.460 0.440
v -6.0992 24.0357 15.3000 0.500 0.460 0.440
v -6.0992 23.7557 15.3000 0.500 0.460 0.440
v -6.3792 23.7557 15.3000 0.500 0.460 0.440
v -6.3792 24.0357 11.7000 0.500 0.460 0.440
v -6.0992 24.0357 11.7000 0.500 0.460 0.440
v -6.0992 23.7557 11.7000 0.500 0.460 0.440
v -6.3792 23.7557 11.7000 0.500 0.460 0.440
v -6.3391 23.9938 11.8400 0.500 0.460 0.440
v -6.3391 23.9938 11.5600 0.500 0.460 0.440
v -6.1392 23.7977 11.5600 0.500 0.460 0.440
v -6.1392 23.7977 11.8400 0.500 0.460 0.440
v -8.8608 21.4245 11.8400 0.500 0.460 0.440
v -8.8608 21.4245 11.5600 0.500 0.460 0.440
v -8.6609 21.2284 11.5600 0.500 0.460 0.440
v -8.6609 21.2284 11.8400 0.500 0.460 0.440
v -8.6389 21.4196 11.7255 0.580 0.540 0.500
v -8.8079 21.4196 11.5846 0.580 0.540 0.500
v -8.8828 21.2333 11.6745 0.580 0.540 0.500
v -8.7138 21.2333 11.8154 0.580 0.540 0.500
v -11.6389 24.3641 15.3255 0.580 0.540 0.500
v -11.8079 24.3641 15.1846 0.580 0.540 0.500
v -11.8828 24.1778 15.2745 0.580 0.540 0.500
v -11.7138 24.1778 15.4154 0.580 0.540 0.500
v -8.8079 21.4196 15.4154 0.580 0.540 0.500
v -8.6389 21.4196 15.2745 0.580 0.540 0.500
v -8.7138 21.2333 15.1846 0.580 0.540 0.500
v -8.8828 21.2333 15.3255 0.580 0.540 0.500
v -11.8079 24.3641 11.8154 0.580 0.540 0.500
v -11.6389 24.3641 11.6745 0.580 0.540 0.500
v -11.7138 24.1778 11.5846 0.580 0.540 0.500
v -11.8828 24.1778 11.7255 0.580 0.540 0.500
v -8.6513 21.3360 15.4100 0.580 0.540 0.500
v -8.6513 21.3360 15.1900 0.580 0.540 0.500
v -8.8704 21.3170 15.1900 0.580 0.540 0.500
v -8.8704 21.3170 15.4100 0.580 0.540 0.500
v -9.1296 26.8497 15.4100 0.580 0.540 0.500
v -9.1296 26.8497 15.1900 0.580 0.540 0.500
v -9.3487 26.8307 15.1900 0.580 0.540 0.500
v -9.3487 26.8307 15.4100 0.580 0.540 0.500
v -6.2317 24.0055 15.4100 0.580 0.540 0.500
v -6.2317 24.0055 15.1900 0.580 0.540 0.500
v -6.2466 23.7860 15.1900 0.580 0.540 0.500
v -6.2466 23.7860 15.4100 0.580 0.540 0.500
v -11.7534 24.3807 15.4100 0.580 0.540 0.500
v -11.7534 24.3807 15.1900 0.580 0.540 0.500
v -11.7683 24.1612 15.1900 0.580 0.540 0.500
v -11.7683 24.1612 15.4100 0.580 0.540 0.500
v -11.6208 24.4109 11.7000 0.500 0.460 0.440
v -11.9008 24.4109 11.7000 0.500 0.460 0.440
v -11.9008 24.1309 11.7000 0.500 0.460 0.440
v -11.6208 24.1309 11.7000 0.500 0.460 0.440
v -11.6208 24.4109 15.3000 0.500 0.460 0.440
v -11.9008 24.4109 15.3000 0.500 0.460 0.440
v -11.9008 24.1309 15.3000 0.500 0.460 0.440
v -11.6208 24.1309 15.3000 0.500 0.460 0.440
v -11.8608 24.3690 15.1600 0.500 0.460 0.440
v -11.8608 24.3690 15.4400 0.500 0.460 0.440
v -11.6609 24.1729 15.4400 0.500 0.460 0.440
v -11.6609 24.1729 15.1600 0.500 0.460 0.440
v -9.3391 26.9383 15.1600 0.500 0.460 0.440
v -9.3391 26.9383 15.4400 0.500 0.460 0.440
v -9.1392 26.7421 15.4400 0.500 0.460 0.440
v -9.1392 26.7421 15.1600 0.500 0.460 0.440
v -9.3792 26.9802 15.3000 0.500 0.460 0.440
v -9.0992 26.9802 15.3000 0.500 0.460 0.440
v -9.0992 26.7002 15.3000 0.500 0.460 0.440
v -9.3792 26.7002 15.3000 0.500 0.460 0.440
v -9.3792 26.9802 11.7000 0.500 0.460 0.440
v -9.0992 26.9802 11.7000 0.500 0.460 0.440
v -9.0992 26.7002 11.7000 0.500 0.460 0.440
v -9.3792 26.7002 11.7000 0.500 0.460 0.440
v -9.3391 26.9383 11.8400 0.500 0.460 0.440
v -9.3391 26.9383 11.5600 0.500 0.460 0.440
v -9.1392 26.7421 11.5600 0.500 0.460 0.440
v -9.1392 26.7421 11.8400 0.500 0.460 0.440
v -11.8608 24.3690 11.8400 0.500 0.460 0.440
v -11.8608 24.3690 11.5600 0.500 0.460 0.440
v -11.6609 24.1729 11.5600 0.500 0.460 0.440
v -11.6609 24.1729 11.8400 0.500 0.460 0.440
v -11.6389 24.3641 11.7255 0.580 0.540 0.500
v -11.8079 24.3641 11.5846 0.580 0.540 0.500
v -11.8828 24.1778 11.6745 0.580 0.540 0.500
v -11.7138 24.1778 11.8154 0.580 0.540 0.500
v -14.6389 27.3085 15.3255 0.580 0.540 0.500
v -14.8079 27.3085 15.1846 0.580 0.540 0.500
v -14.8828 27.1222 15.2745 0.580 0.540 0.500
v -14.7138 27.1222 15.4154 0.580 0.540 0.500
v -11.8079 24.3641 15.4154 0.580 0.540 0.500
v -11.6389 24.3641 15.2745 0.580 0.540 0.500
v -11.7138 24.1778 15.1846 0.580 0.540 0.500
v -11.8828 24.1778 15.3255 0.580 0.540 0.500
v -14.8079 27.3085 11.8154 0.580 0.540 0.500
v -14.6389 27.3085 11.6745 0.580 0.540 0.500
v -14.7138 27.1222 11.5846 0.580 0.540 0.500
v -14.8828 27.1222 11.7255 0.580 0.540 0.500
v -11.6513 24.2804 15.4100 0.580 0.540 0.500
v -11.6513 24.2804 15.1900 0.580 0.540 0.500
v -11.8704 24.2614 15.1900 0.580 0.540 0.500
v -11.8704 24.2614 15.4100 0.580 0.540 0.500
v -12.1296 29.7941 15.4100 0.580 0.540 0.500
v -12.1296 29.7941 15.1900 0.580 0.540 0.500
v -12.3487 29.7751 15.1900 0.580 0.540 0.500
v -12.3487 29.7751 15.4100 0.580 0.540 0.500
v -9.2317 26.9499 15.4100 0.580 0.540 0.500
v -9.2317 26.9499 15.1900 0.580 0.540 0.500
v -9.2466 26.7304 15.1900 0.580 0.540 0.500
v -9.2466 26.7304 15.4100 0.580 0.540 0.500
v -14.7534 27.3251 15.4100 0.580 0.540 0.500
v -14.7534 27.3251 15.1900 0.580 0.540 0.500
v -14.7683 27.1056 15.1900 0.580 0.540 0.500
v -14.7683 27.1056 15.4100 0.580 0.540 0.500
v -14.6208 27.3554 11.7000 0.500 0.460 0.440
v -14.9008 27.3554 11.7000 0.500 0.460 0.440
v -14.9008 27.0754 11.7000 0.500 0.460 0.440
v -14.6208 27.0754 11.7000 0.500 0.460 0.440
v -14.6208 27.3554 15.3000 0.500 0.460 0.440
v -14.9008 27.3554 15.3000 0.500 0.460 0.440
v -14.9008 27.0754 15.3000 0.500 0.460 0.440
v -14.6208 27.0754 15.3000 0.500 0.460 0.440
v -14.8608 27.3134 15.1600 0.500 0.460 0.440
v -14.8608 27.3134 15.4400 0.500 0.460 0.440
v -14.6609 27.1173 15.4400 0.500 0.460 0.440
v -14.6609 27.1173 15.1600 0.500 0.460 0.440
v -12.3391 29.8827 15.1600 0.500 0.460 0.440
v -12.3391 29.8827 15.4400 0.500 0.460 0.440
v -12.1392 29.6866 15.4400 0.500 0.460 0.440
v -12.1392 29.6866 15.1600 0.500 0.460 0.440
v -12.3792 29.9246 15.3000 0.500 0.460 0.440
v -12.0992 29.9246 15.3000 0.500 0.460 0.440
v -12.0992 29.6446 15.3000 0.500 0.460 0.440
v -12.3792 29.6446 15.3000 0.500 0.460 0.440
v -12.3792 29.9246 11.7000 0.500 0.460 0.440
v -12.0992 29.9246 11.7000 0.500 0.460 0.440
v -12.0992 29.6446 11.7000 0.500 0.460 0.440
v -12.3792 29.6446 11.7000 0.500 0.460 0.440
v -12.3391 29.8827 11.8400 0.500 0.460 0.440
v -12.3391 29.8827 11.5600 0.500 0.460 0.440
v -12.1392 29.6866 11.5600 0.500 0.460 0.440
v -12.1392 29.6866 11.8400 0.500 0.460 0.440
v -14.8608 27.3134 11.8400 0.500 0.460 0.440
v -14.8608 27.3134 11.5600 0.500 0.460 0.440
v -14.6609 27.1173 11.5600 0.500 0.460 0.440
v -14.6609 27.1173 11.8400 0.500 0.460 0.440
v 13.6021 2.9099 14.3000 0.340 0.310 0.290
v 13.6021 2.9099 12.7000 0.340 0.310 0.290
v 13.3979 2.6901 12.7000 0.340 0.310 0.290
v 13.3979 2.6901 14.3000 0.340 0.310 0.290
v -13.3979 28.0099 14.3000 0.340 0.310 0.290
v -13.3979 28.0099 12.7000 0.340 0.310 0.290
v -13.6021 27.7901 12.7000 0.340 0.310 0.290
v -13.6021 27.7901 14.3000 0.340 0.310 0.290
v 12.6000 2.6900 14.2000 0.580 0.540 0.500
v 14.4000 2.6900 14.2000 0.580 0.540 0.500
v 14.4000 2.9100 14.2000 0.580 0.540 0.500
v 12.6000 2.9100 14.2000 0.580 0.540 0.500
v 14.4000 2.6900 12.8000 0.580 0.540 0.500
v 12.6000 2.6900 12.8000 0.580 0.540 0.500
v 12.6000 2.9100 12.8000 0.580 0.540 0.500
v 14.4000 2.9100 12.8000 0.580 0.540 0.500
v 12.6000 2.9100 12.8000 0.580 0.540 0.500
v 14.4000 2.9100 12.8000 0.580 0.540 0.500
v 14.4000 2.9100 14.2000 0.580 0.540 0.500
v 12.6000 2.9100 14.2000 0.580 0.540 0.500
v 12.6000 2.6900 12.8000 0.580 0.540 0.500
v 14.4000 2.6900 12.8000 0.580 0.540 0.500
v 14.4000 2.6900 14.2000 0.580 0.540 0.500
v 12.6000 2.6900 14.2000 0.580 0.540 0.500
v 14.4000 2.6900 14.2000 0.580 0.540 0.500
v 14.4000 2.6900 12.8000 0.580 0.540 0.500
v 14.4000 2.9100 12.8000 0.580 0.540 0.500
v 14.4000 2.9100 14.2000 0.580 0.540 0.500
v 12.6000 2.6900 12.8000 0.580 0.540 0.500
v 12.6000 2.6900 14.2000 0.580 0.540 0.500
v 12.6000 2.9100 14.2000 0.580 0.540 0.500
v 12.6000 2.9100 12.8000 0.580 0.540 0.500
v 11.4750 3.7358 14.2000 0.580 0.540 0.500
v 13.2750 3.7358 14.2000 0.580 0.540 0.500
v 13.2750 3.9558 14.2000 0.580 0.540 0.500
v 11.4750 3.9558 14.2000 0.580 0.540 0.500
v 13.2750 3.7358 12.8000 0.580 0.540 0.500
v 11.4750 3.7358 12.8000 0.580 0.540 0.500
v 11.4750 3.9558 12.8000 0.580 0.540 0.500
v 13.2750 3.9558 12.8000 0.580 0.540 0.500
v 11.4750 3.9558 12.8000 0.580 0.540 0.500
v 13.2750 3.9558 12.8000 0.580 0.540 0.500
v 13.2750 3.9558 14.2000 0.580 0.540 0.500
v 11.4750 3.9558 14.2000 0.580 0.540 0.500
v 11.4750 3.7358 12.8000 0.580 0.540 0.500
v 13.2750 3.7358 12.8000 0.580 0.540 0.500
v 13.2750 3.7358 14.2000 0.580 0.540 0.500
v 11.4750 3.7358 14.2000 0.580 0.540 0.500
v 13.2750 3.7358 14.2000 0.580 0.540 0.500
v 13.2750 3.7358 12.8000 0.580 0.540 0.500
v 13.2750 3.9558 12.8000 0.580 0.540 0.500
v 13.2750 3.9558 14.2000 0.580 0.540 0.500
v 11.4750 3.7358 12.8000 0.580 0.540 0.500
v 11.4750 3.7358 14.2000 0.580 0.540 0.500
v 11.4750 3.9558 14.2000 0.580 0.540 0.500
v 11.4750 3.9558 12.8000 0.580 0.540 0.500
v 10.3500 4.7817 14.2000 0.580 0.540 0.500
v 12.1500 4.7817 14.2000 0.580 0.540 0.500
v 12.1500 5.0017 14.2000 0.580 0.540 0.500
v 10.3500 5.0017 14.2000 0.580 0.540 0.500
v 12.1500 4.7817 12.8000 0.580 0.540 0.500
v 10.3500 4.7817 12.8000 0.580 0.540 0.500
v 10.3500 5.0017 12.8000 0.580 0.540 0.500
v 12.1500 5.0017 12.8000 0.580 0.540 0.500
v 10.3500 5.0017 12.8000 0.580 0.540 0.500
v 12.1500 5.0017 12.8000 0.580 0.540 0.500
v 12.1500 5.0017 14.2000 0.580 0.540 0.500
v 10.3500 5.0017 14.2000 0.580 0.540 0.500
v 10.3500 4.7817 12.8000 0.580 0.540 0.500
v 12.1500 4.7817 12.8000 0.580 0.540 0.500
v 12.1500 4.7817 14.2000 0.580 0.540 0.500
v 10.3500 4.7817 14.2000 0.580 0.540 0.500
v 12.1500 4.7817 14.2000 0.580 0.540 0.500
v 12.1500 4.7817 12.8000 0.580 0.540 0.500
v 12.1500 5.0017 12.8000 0.580 0.540 0.500
v 12.1500 5.0017 14.2000 0.580 0.540 0.500
v 10.3500 4.7817 12.8000 0.580 0.540 0.500
v 10.3500 4.7817 14.2000 0.580 0.540 0.500
v 10.3500 5.0017 14.2000 0.580 0.540 0.500
v 10.3500 5.0017 12.8000 0.580 0.540 0.500
v 9.2250 5.8275 14.2000 0.580 0.540 0.500
v 11.0250 5.8275 14.2000 0.580 0.540 0.500
v 11.0250 6.0475 14.2000 0.580 0.540 0.500
v 9.2250 6.0475 14.2000 0.580 0.540 0.500
v 11.0250 5.8275 12.8000 0.580 0.540 0.500
v 9.2250 5.8275 12.8000 0.580 0.540 0.500
v 9.2250 6.0475 12.8000 0.580 0.540 0.500
v 11.0250 6.0475 12.8000 0.580 0.540 0.500
v 9.2250 6.0475 12.8000 0.580 0.540 0.500
v 11.0250 6.0475 12.8000 0.580 0.540 0.500
v 11.0250 6.0475 14.2000 0.580 0.540 0.500
v 9.2250 6.0475 14.2000 0.580 0.540 0.500
v 9.2250 5.8275 12.8000 0.580 0.540 0.500
v 11.0250 5.8275 12.8000 0.580 0.540 0.500
v 11.0250 5.8275 14.2000 0.580 0.540 0.500
v 9.2250 5.8275 14.2000 0.580 0.540 0.500
v 11.0250 5.8275 14.2000 0.580 0.540 0.500
v 11.0250 5.8275 12.8000 0.580 0.540 0.500
v 11.0250 6.0475 12.8000 0.580 0.540 0.500
v 11.0250 6.0475 14.2000 0.580 0.540 0.500
v 9.2250 5.8275 12.8000 0.580 0.540 0.500
v 9.2250 5.8275 14.2000 0.580 0.540 0.500
v 9.2250 6.0475 14.2000 0.580 0.540 0.500
v 9.2250 6.0475 12.8000 0.580 0.540 0.500
v 8.1000 6.8733 14.2000 0.580 0.540 0.500
v 9.9000 6.8733 14.2000 0.580 0.540 0.500
v 9.9000 7.0933 14.2000 0.580 0.540 0.500
v 8.1000 7.0933 14.2000 0.580 0.540 0.500
v 9.9000 6.8733 12.8000 0.580 0.540 0.500
v 8.1000 6.8733 12.8000 0.580 0.540 0.500
v 8.1000 7.0933 12.8000 0.580 0.540 0.500
v 9.9000 7.0933 12.8000 0.580 0.540 0.500
v 8.1000 7.0933 12.8000 0.580 0.540 0.500
v 9.9000 7.0933 12.8000 0.580 0.540 0.500
v 9.9000 7.0933 14.2000 0.580 0.540 0.500
v 8.1000 7.0933 14.2000 0.580 0.540 0.500
v 8.1000 6.8733 12.8000 0.580 0.540 0.500
v 9.9000 6.8733 12.8000 0.580 0.540 0.500
v 9.9000 6.8733 14.2000 0.580 0.540 0.500
v 8.1000 6.8733 14.2000 0.580 0.540 0.500
v 9.9000 6.8733 14.2000 0.580 0.540 0.500
v 9.9000 6.8733 12.8000 0.580 0.540 0.500
v 9.9000 7.0933 12.8000 0.580 0.540 0.500
v 9.9000 7.0933 14.2000 0.580 0.540 0.500
v 8.1000 6.8733 12.8000 0.580 0.540 0.500
v 8.1000 6.8733 14.2000 0.580 0.540 0.500
v 8.1000 7.0933 14.2000 0.580 0.540 0.500
v 8.1000 7.0933 12.8000 0.580 0.540 0.500
v 6.9750 7.9192 14.2000 0.580 0.540 0.500
v 8.7750 7.9192 14.2000 0.580 0.540 0.500
v 8.7750 8.1392 14.2000 0.580 0.540 0.500
v 6.9750 8.1392 14.2000 0.580 0.540 0.500
v 8.7750 7.9192 12.8000 0.580 0.540 0.500
v 6.9750 7.9192 12.8000 0.580 0.540 0.500
v 6.9750 8.1392 12.8000 0.580 0.540 0.500
v 8.7750 8.1392 12.8000 0.580 0.540 0.500
v 6.9750 8.1392 12.8000 0.580 0.540 0.500
v 8.7750 8.1392 12.8000 0.580 0.540 0.500
v 8.7750 8.1392 14.2000 0.580 0.540 0.500
v 6.9750 8.1392 14.2000 0.580 0.540 0.500
v 6.9750 7.9192 12.8000 0.580 0.540 0.500
v 8.7750 7.9192 12.8000 0.580 0.540 0.500
v 8.7750 7.9192 14.2000 0.580 0.540 0.500
v 6.9750 7.9192 14.2000 0.580 0.540 0.500
v 8.7750 7.9192 14.2000 0.580 0.540 0.500
v 8.7750 7.9192 12.8000 0.580 0.540 0.500
v 8.7750 8.1392 12.8000 0.580 0.540 0.500
v 8.7750 8.1392 14.2000 0.580 0.540 0.500
v 6.9750 7.9192 12.8000 0.580 0.540 0.500
v 6.9750 7.9192 14.2000 0.580 0.540 0.500
v 6.9750 8.1392 14.2000 0.580 0.540 0.500
v 6.9750 8.1392 12.8000 0.580 0.540 0.500
v 5.8500 8.9650 14.2000 0.580 0.540 0.500
v 7.6500 8.9650 14.2000 0.580 0.540 0.500
v 7.6500 9.1850 14.2000 0.580 0.540 0.500
v 5.8500 9.1850 14.2000 0.580 0.540 0.500
v 7.6500 8.9650 12.8000 0.580 0.540 0.500
v 5.8500 8.9650 12.8000 0.580 0.540 0.500
v 5.8500 9.1850 12.8000 0.580 0.540 0.500
v 7.6500 9.1850 12.8000 0.580 0.540 0.500
v 5.8500 9.1850 12.8000 0.580 0.540 0.500
v 7.6500 9.1850 12.8000 0.580 0.540 0.500
v 7.6500 9.1850 14.2000 0.580 0.540 0.500
v 5.8500 9.1850 14.2000 0.580 0.540 0.500
v 5.8500 8.9650 12.8000 0.580 0.540 0.500
v 7.6500 8.9650 12.8000 0.580 0.540 0.500
v 7.6500 8.9650 14.2000 0.580 0.540 0.500
v 5.8500 8.9650 14.2000 0.580 0.540 0.500
v 7.6500 8.9650 14.2000 0.580 0.540 0.500
v 7.6500 8.9650 12.8000 0.580 0.540 0.500
v 7.6500 9.1850 12.8000 0.580 0.540 0.500
v 7.6500 9.1850 14.2000 0.580 0.540 0.500
v 5.8500 8.9650 12.8000 0.580 0.540 0.500
v 5.8500 8.9650 14.2000 0.580 0.540 0.500
v 5.8500 9.1850 14.2000 0.580 0.540 0.500
v 5.8500 9.1850 12.8000 0.580 0.540 0.500
v 4.7250 10.0108 14.2000 0.580 0.540 0.500
v 6.5250 10.0108 14.2000 0.580 0.540 0.500
v 6.5250 10.2308 14.2000 0.580 0.540 0.500
v 4.7250 10.2308 14.2000 0.580 0.540 0.500
v 6.5250 10.0108 12.8000 0.580 0.540 0.500
v 4.7250 10.0108 12.8000 0.580 0.540 0.500
v 4.7250 10.2308 12.8000 0.580 0.540 0.500
v 6.5250 10.2308 12.8000 0.580 0.540 0.500
v 4.7250 10.2308 12.8000 0.580 0.540 0.500
v 6.5250 10.2308 12.8000 0.580 0.540 0.500
v 6.5250 10.2308 14.2000 0.580 0.540 0.500
v 4.7250 10.2308 14.2000 0.580 0.540 0.500
v 4.7250 10.0108 12.8000 0.580 0.540 0.500
v 6.5250 10.0108 12.8000 0.580 0.540 0.500
v 6.5250 10.0108 14.2000 0.580 0.540 0.500
v 4.7250 10.0108 14.2000 0.580 0.540 0.500
v 6.5250 10.0108 14.2000 0.580 0.540 0.500
v 6.5250 10.0108 12.8000 0.580 0.540 0.500
v 6.5250 10.2308 12.8000 0.580 0.540 0.500
v 6.5250 10.2308 14.2000 0.580 0.540 0.500
v 4.7250 10.0108 12.8000 0.580 0.540 0.500
v 4.7250 10.0108 14.2000 0.580 0.540 0.500
v 4.7250 10.2308 14.2000 0.580 0.540 0.500
v 4.7250 10.2308 12.8000 0.580 0.540 0.500
v 3.6000 11.0567 14.2000 0.580 0.540 0.500
v 5.4000 11.0567 14.2000 0.580 0.540 0.500
v 5.4000 11.2767 14.2000 0.580 0.540 0.500
v 3.6000 11.2767 14.2000 0.580 0.540 0.500
v 5.4000 11.0567 12.8000 0.580 0.540 0.500
v 3.6000 11.0567 12.8000 0.580 0.540 0.500
v 3.6000 11.2767 12.8000 0.580 0.540 0.500
v 5.4000 11.2767 12.8000 0.580 0.540 0.500
v 3.6000 11.2767 12.8000 0.580 0.540 0.500
v 5.4000 11.2767 12.8000 0.580 0.540 0.500
v 5.4000 11.2767 14.2000 0.580 0.540 0.500
v 3.6000 11.2767 14.2000 0.580 0.540 0.500
v 3.6000 11.0567 12.8000 0.580 0.540 0.500
v 5.4000 11.0567 12.8000 0.580 0.540 0.500
v 5.4000 11.0567 14.2000 0.580 0.540 0.500
v 3.6000 11.0567 14.2000 0.580 0.540 0.500
v 5.4000 11.0567 14.2000 0.580 0.540 0.500
v 5.4000 11.0567 12.8000 0.580 0.540 0.500
v 5.4000 11.2767 12.8000 0.580 0.540 0.500
v 5.4000 11.2767 14.2000 0.580 0.540 0.500
v 3.6000 11.0567 12.8000 0.580 0.540 0.500
v 3.6000 11.0567 14.2000 0.580 0.540 0.500
v 3.6000 11.2767 14.2000 0.580 0.540 0.500
v 3.6000 11.2767 12.8000 0.580 0.540 0.500
v 2.4750 12.1025 14.2000 0.580 0.540 0.500
v 4.2750 12.1025 14.2000 0.580 0.540 0.500
v 4.2750 12.3225 14.2000 0.580 0.540 0.500
v 2.4750 12.3225 14.2000 0.580 0.540 0.500
v 4.2750 12.1025 12.8000 0.580 0.540 0.500
v 2.4750 12.1025 12.8000 0.580 0.540 0.500
v 2.4750 12.3225 12.8000 0.580 0.540 0.500
v 4.2750 12.3225 12.8000 0.580 0.540 0.500
v 2.4750 12.3225 12.8000 0.580 0.540 0.500
v 4.2750 12.3225 12.8000 0.580 0.540 0.500
v 4.2750 12.3225 14.2000 0.580 0.540 0.500
v 2.4750 12.3225 14.2000 0.580 0.540 0.500
v 2.4750 12.1025 12.8000 0.580 0.540 0.500
v 4.2750 12.1025 12.8000 0.580 0.540 0.500
v 4.2750 12.1025 14.2000 0.580 0.540 0.500
v 2.4750 12.1025 14.2000 0.580 0.540 0.500
v 4.2750 12.1025 14.2000 0.580 0.540 0.500
v 4.2750 12.1025 12.8000 0.580 0.540 0.500
v 4.2750 12.3225 12.8000 0.580 0.540 0.500
v 4.2750 12.3225 14.2000 0.580 0.540 0.500
v 2.4750 12.1025 12.8000 0.580 0.540 0.500
v 2.4750 12.1025 14.2000 0.580 0.540 0.500
v 2.4750 12.3225 14.2000 0.580 0.540 0.500
v 2.4750 12.3225 12.8000 0.580 0.540 0.500
v 1.3500 13.1483 14.2000 0.580 0.540 0.500
v 3.1500 13.1483 14.2000 0.580 0.540 0.500
v 3.1500 13.3683 14.2000 0.580 0.540 0.500
v 1.3500 13.3683 14.2000 0.580 0.540 0.500
v 3.1500 13.1483 12.8000 0.580 0.540 0.500
v 1.3500 13.1483 12.8000 0.580 0.540 0.500
v 1.3500 13.3683 12.8000 0.580 0.540 0.500
v 3.1500 13.3683 12.8000 0.580 0.540 0.500
v 1.3500 13.3683 12.8000 0.580 0.540 0.500
v 3.1500 13.3683 12.8000 0.580 0.540 0.500
v 3.1500 13.3683 14.2000 0.580 0.540 0.500
v 1.3500 13.3683 14.2000 0.580 0.540 0.500
v 1.3500 13.1483 12.8000 0.580 0.540 0.500
v 3.1500 13.1483 12.8000 0.580 0.540 0.500
v 3.1500 13.1483 14.2000 0.580 0.540 0.500
v 1.3500 13.1483 14.2000 0.580 0.540 0.500
v 3.1500 13.1483 14.2000 0.580 0.540 0.500
v 3.1500 13.1483 12.8000 0.580 0.540 0.500
v 3.1500 13.3683 12.8000 0.580 0.540 0.500
v 3.1500 13.3683 14.2000 0.580 0.540 0.500
v 1.3500 13.1483 12.8000 0.580 0.540 0.500
v 1.3500 13.1483 14.2000 0.580 0.540 0.500
v 1.3500 13.3683 14.2000 0.580 0.540 0.500
v 1.3500 13.3683 12.8000 0.580 0.540 0.500
v 0.2250 14.1942 14.2000 0.580 0.540 0.500
v 2.0250 14.1942 14.2000 0.580 0.540 0.500
v 2.0250 14.4142 14.2000 0.580 0.540 0.500
v 0.2250 14.4142 14.2000 0.580 0.540 0.500
v 2.0250 14.1942 12.8000 0.580 0.540 0.500
v 0.2250 14.1942 12.8000 0.580 0.540 0.500
v 0.2250 14.4142 12.8000 0.580 0.540 0.500
v 2.0250 14.4142 12.8000 0.580 0.540 0.500
v 0.2250 14.4142 12.8000 0.580 0.540 0.500
v 2.0250 14.4142 12.8000 0.580 0.540 0.500
v 2.0250 14.4142 14.2000 0.580 0.540 0.500
v 0.2250 14.4142 14.2000 0.580 0.540 0.500
v 0.2250 14.1942 12.8000 0.580 0.540 0.500
v 2.0250 14.1942 12.8000 0.580 0.540 0.500
v 2.0250 14.1942 14.2000 0.580 0.540 0.500
v 0.2250 14.1942 14.2000 0.580 0.540 0.500
v 2.0250 14.1942 14.2000 0.580 0.540 0.500
v 2.0250 14.1942 12.8000 0.580 0.540 0.500
v 2.0250 14.4142 12.8000 0.580 0.540 0.500
v 2.0250 14.4142 14.2000 0.580 0.540 0.500
v 0.2250 14.1942 12.8000 0.580 0.540 0.500
v 0.2250 14.1942 14.2000 0.580 0.540 0.500
v 0.2250 14.4142 14.2000 0.580 0.540 0.500
v 0.2250 14.4142 12.8000 0.580 0.540 0.500
v -0.9000 15.2400 14.2000 0.580 0.540 0.500
v 0.9000 15.2400 14.2000 0.580 0.540 0.500
v 0.9000 15.4600 14.2000 0.580 0.540 0.500
v -0.9000 15.4600 14.2000 0.580 0.540 0.500
v 0.9000 15.2400 12.8000 0.580 0.540 0.500
v -0.9000 15.2400 12.8000 0.580 0.540 0.500
v -0.9000 15.4600 12.8000 0.580 0.540 0.500
v 0.9000 15.4600 12.8000 0.580 0.540 0.500
v -0.9000 15.4600 12.8000 0.580 0.540 0.500
v 0.9000 15.4600 12.8000 0.580 0.540 0.500
v 0.9000 15.4600 14.2000 0.580 0.540 0.500
v -0.9000 15.4600 14.2000 0.580 0.540 0.500
v -0.9000 15.2400 12.8000 0.580 0.540 0.500
v 0.9000 15.2400 12.8000 0.580 0.540 0.500
v 0.9000 15.2400 14.2000 0.580 0.540 0.500
v -0.9000 15.2400 14.2000 0.580 0.540 0.500
v 0.9000 15.2400 14.2000 0.580 0.540 0.500
v 0.9000 15.2400 12.8000 0.580 0.540 0.500
v 0.9000 15.4600 12.8000 0.580 0.540 0.500
v 0.9000 15.4600 14.2000 0.580 0.540 0.500
v -0.9000 15.2400 12.8000 0.580 0.540 0.500
v -0.9000 15.2400 14.2000 0.580 0.540 0.500
v -0.9000 15.4600 14.2000 0.580 0.540 0.500
v -0.9000 15.4600 12.8000 0.580 0.540 0.500
v -2.0250 16.2858 14.2000 0.580 0.540 0.500
v -0.2250 16.2858 14.2000 0.580 0.540 0.500
v -0.2250 16.5058 14.2000 0.580 0.540 0.500
v -2.0250 16.5058 14.2000 0.580 0.540 0.500
v -0.2250 16.2858 12.8000 0.580 0.540 0.500
v -2.0250 16.2858 12.8000 0.580 0.540 0.500
v -2.0250 16.5058 12.8000 0.580 0.540 0.500
v -0.2250 16.5058 12.8000 0.580 0.540 0.500
v -2.0250 16.5058 12.8000 0.580 0.540 0.500
v -0.2250 16.5058 12.8000 0.580 0.540 0.500
v -0.2250 16.5058 14.2000 0.580 0.540 0.500
v -2.0250 16.5058 14.2000 0.580 0.540 0.500
v -2.0250 16.2858 12.8000 0.580 0.540 0.500
v -0.2250 16.2858 12.8000 0.580 0.540 0.500
v -0.2250 16.2858 14.2000 0.580 0.540 0.500
v -2.0250 16.2858 14.2000 0.580 0.540 0.500
v -0.2250 16.2858 14.2000 0.580 0.540 0.500
v -0.2250 16.2858 12.8000 0.580 0.540 0.500
v -0.2250 16.5058 12.8000 0.580 0.540 0.500
v -0.2250 16.5058 14.2000 0.580 0.540 0.500
v -2.0250 16.2858 12.8000 0.580 0.540 0.500
v -2.0250 16.2858 14.2000 0.580 0.540 0.500
v -2.0250 16.5058 14.2000 0.580 0.540 0.500
v -2.0250 16.5058 12.8000 0.580 0.540 0.500
v -3.1500 17.3317 14.2000 0.580 0.540 0.500
v -1.3500 17.3317 14.2000 0.580 0.540 0.500
v -1.3500 17.5517 14.2000 0.580 0.540 0.500
v -3.1500 17.5517 14.2000 0.580 0.540 0.500
v -1.3500 17.3317 12.8000 0.580 0.540 0.500
v -3.1500 17.3317 12.8000 0.580 0.540 0.500
v -3.1500 17.5517 12.8000 0.580 0.540 0.500
v -1.3500 17.5517 12.8000 0.580 0.540 0.500
v -3.1500 17.5517 12.8000 0.580 0.540 0.500
v -1.3500 17.5517 12.8000 0.580 0.540 0.500
v -1.3500 17.5517 14.2000 0.580 0.540 0.500
v -3.1500 17.5517 14.2000 0.580 0.540 0.500
v -3.1500 17.3317 12.8000 0.580 0.540 0.500
v -1.3500 17.3317 12.8000 0.580 0.540 0.500
v -1.3500 17.3317 14.2000 0.580 0.540 0.500
v -3.1500 17.3317 14.2000 0.580 0.540 0.500
v -1.3500 17.3317 14.2000 0.580 0.540 0.500
v -1.3500 17.3317 12.8000 0.580 0.540 0.500
v -1.3500 17.5517 12.8000 0.580 0.540 0.500
v -1.3500 17.5517 14.2000 0.580 0.540 0.500
v -3.1500 17.3317 12.8000 0.580 0.540 0.500
v -3.1500 17.3317 14.2000 0.580 0.540 0.500
v -3.1500 17.5517 14.2000 0.580 0.540 0.500
v -3.1500 17.5517 12.8000 0.580 0.540 0.500
v -4.2750 18.3775 14.2000 0.580 0.540 0.500
v -2.4750 18.3775 14.2000 0.580 0.540 0.500
v -2.4750 18.5975 14.2000 0.580 0.540 0.500
v -4.2750 18.5975 14.2000 0.580 0.540 0.500
v -2.4750 18.3775 12.8000 0.580 0.540 0.500
v -4.2750 18.3775 12.8000 0.580 0.540 0.500
v -4.2750 18.5975 12.8000 0.580 0.540 0.500
v -2.4750 18.5975 12.8000 0.580 0.540 0.500
v -4.2750 18.5975 12.8000 0.580 0.540 0.500
v -2.4750 18.5975 12.8000 0.580 0.540 0.500
v -2.4750 18.5975 14.2000 0.580 0.540 0.500
v -4.2750 18.5975 14.2000 0.580 0.540 0.500
v -4.2750 18.3775 12.8000 0.580 0.540 0.500
v -2.4750 18.3775 12.8000 0.580 0.540 0.500
v -2.4750 18.3775 14.2000 0.580 0.540 0.500
v -4.2750 18.3775 14.2000 0.580 0.540 0.500
v -2.4750 18.3775 14.2000 0.580 0.540 0.500
v -2.4750 18.3775 12.8000 0.580 0.540 0.500
v -2.4750 18.5975 12.8000 0.580 0.540 0.500
v -2.4750 18.5975 14.2000 0.580 0.540 0.500
v -4.2750 18.3775 12.8000 0.580 0.540 0.500
v -4.2750 18.3775 14.2000 0.580 0.540 0.500
v -4.2750 18.5975 14.2000 0.580 0.540 0.500
v -4.2750 18.5975 12.8000 0.580 0.540 0.500
v -5.4000 19.4233 14.2000 0.580 0.540 0.500
v -3.6000 19.4233 14.2000 0.580 0.540 0.500
v -3.6000 19.6433 14.2000 0.580 0.540 0.500
v -5.4000 19.6433 14.2000 0.580 0.540 0.500
v -3.6000 19.4233 12.8000 0.580 0.540 0.500
v -5.4000 19.4233 12.8000 0.580 0.540 0.500
v -5.4000 19.6433 12.8000 0.580 0.540 0.500
v -3.6000 19.6433 12.8000 0.580 0.540 0.500
v -5.4000 19.6433 12.8000 0.580 0.540 0.500
v -3.6000 19.6433 12.8000 0.580 0.540 0.500
v -3.6000 19.6433 14.2000 0.580 0.540 0.500
v -5.4000 19.6433 14.2000 0.580 0.540 0.500
v -5.4000 19.4233 12.8000 0.580 0.540 0.500
v -3.6000 19.4233 12.8000 0.580 0.540 0.500
v -3.6000 19.4233 14.2000 0.580 0.540 0.500
v -5.4000 19.4233 14.2000 0.580 0.540 0.500
v -3.6000 19.4233 14.2000 0.580 0.540 0.500
v -3.6000 19.4233 12.8000 0.580 0.540 0.500
v -3.6000 19.6433 12.8000 0.580 0.540 0.500
v -3.6000 19.6433 14.2000 0.580 0.540 0.500
v -5.4000 19.4233 12.8000 0.580 0.540 0.500
v -5.4000 19.4233 14.2000 0.580 0.540 0.500
v -5.4000 19.6433 14.2000 0.580 0.540 0.500
v -5.4000 19.6433 12.8000 0.580 0.540 0.500
v -6.5250 20.4692 14.2000 0.580 0.540 0.500
v -4.7250 20.4692 14.2000 0.580 0.540 0.500
v -4.7250 20.6892 14.2000 0.580 0.540 0.500
v -6.5250 20.6892 14.2000 0.580 0.540 0.500
v -4.7250 20.4692 12.8000 0.580 0.540 0.500
v -6.5250 20.4692 12.8000 0.580 0.540 0.500
v -6.5250 20.6892 12.8000 0.580 0.540 0.500
v -4.7250 20.6892 12.8000 0.580 0.540 0.500
v -6.5250 20.6892 12.8000 0.580 0.540 0.500
v -4.7250 20.6892 12.8000 0.580 0.540 0.500
v -4.7250 20.6892 14.2000 0.580 0.540 0.500
v -6.5250 20.6892 14.2000 0.580 0.540 0.500
v -6.5250 20.4692 12.8000 0.580 0.540 0.500
v -4.7250 20.4692 12.8000 0.580 0.540 0.500
v -4.7250 20.4692 14.2000 0.580 0.540 0.500
v -6.5250 20.4692 14.2000 0.580 0.540 0.500
v -4.7250 20.4692 14.2000 0.580 0.540 0.500
v -4.7250 20.4692 12.8000 0.580 0.540 0.500
v -4.7250 20.6892 12.8000 0.580 0.540 0.500
v -4.7250 20.6892 14.2000 0.580 0.540 0.500
v -6.5250 20.4692 12.8000 0.580 0.540 0.500
v -6.5250 20.4692 14.2000 0.580 0.540 0.500
v -6.5250 20.6892 14.2000 0.580 0.540 0.500
v -6.5250 20.6892 12.8000 0.580 0.540 0.500
v -7.6500 21.5150 14.2000 0.580 0.540 0.500
v -5.8500 21.5150 14.2000 0.580 0.540 0.500
v -5.8500 21.7350 14.2000 0.580 0.540 0.500
v -7.6500 21.7350 14.2000 0.580 0.540 0.500
v -5.8500 21.5150 12.8000 0.580 0.540 0.500
v -7.6500 21.5150 12.8000 0.580 0.540 0.500
v -7.6500 21.7350 12.8000 0.580 0.540 0.500
v -5.8500 21.7350 12.8000 0.580 0.540 0.500
v -7.6500 21.7350 12.8000 0.580 0.540 0.500
v -5.8500 21.7350 12.8000 0.580 0.540 0.500
v -5.8500 21.7350 14.2000 0.580 0.540 0.500
v -7.6500 21.7350 14.2000 0.580 0.540 0.500
v -7.6500 21.5150 12.8000 0.580 0.540 0.500
v -5.8500 21.5150 12.8000 0.580 0.540 0.500
v -5.8500 21.5150 14.2000 0.580 0.540 0.500
v -7.6500 21.5150 14.2000 0.580 0.540 0.500
v -5.8500 21.5150 14.2000 0.580 0.540 0.500
v -5.8500 21.5150 12.8000 0.580 0.540 0.500
v -5.8500 21.7350 12.8000 0.580 0.540 0.500
v -5.8500 21.7350 14.2000 0.580 0.540 0.500
v -7.6500 21.5150 12.8000 0.580 0.540 0.500
v -7.6500 21.5150 14.2000 0.580 0.540 0.500
v -7.6500 21.7350 14.2000 0.580 0.540 0.500
v -7.6500 21.7350 12.8000 0.580 0.540 0.500
v -8.7750 22.5608 14.2000 0.580 0.540 0.500
v -6.9750 22.5608 14.2000 0.580 0.540 0.500
v -6.9750 22.7808 14.2000 0.580 0.540 0.500
v -8.7750 22.7808 14.2000 0.580 0.540 0.500
v -6.9750 22.5608 12.8000 0.580 0.540 0.500
v -8.7750 22.5608 12.8000 0.580 0.540 0.500
v -8.7750 22.7808 12.8000 0.580 0.540 0.500
v -6.9750 22.7808 12.8000 0.580 0.540 0.500
v -8.7750 22.7808 12.8000 0.580 0.540 0.500
v -6.9750 22.7808 12.8000 0.580 0.540 0.500
v -6.9750 22.7808 14.2000 0.580 0.540 0.500
v -8.7750 22.7808 14.2000 0.580 0.540 0.500
v -8.7750 22.5608 12.8000 0.580 0.540 0.500
v -6.9750 22.5608 12.8000 0.580 0.540 0.500
v -6.9750 22.5608 14.2000 0.580 0.540 0.500
v -8.7750 22.5608 14.2000 0.580 0.540 0.500
v -6.9750 22.5608 14.2000 0.580 0.540 0.500
v -6.9750 22.5608 12.8000 0.580 0.540 0.500
v -6.9750 22.7808 12.8000 0.580 0.540 0.500
v -6.9750 22.7808 14.2000 0.580 0.540 0.500
v -8.7750 22.5608 12.8000 0.580 0.540 0.500
v -8.7750 22.5608 14.2000 0.580 0.540 0.500
v -8.7750 22.7808 14.2000 0.580 0.540 0.500
v -8.7750 22.7808 12.8000 0.580 0.540 0.500
v -9.9000 23.6067 14.2000 0.580 0.540 0.500
v -8.1000 23.6067 14.2000 0.580 0.540 0.500
v -8.1000 23.8267 14.2000 0.580 0.540 0.500
v -9.9000 23.8267 14.2000 0.580 0.540 0.500
v -8.1000 23.6067 12.8000 0.580 0.540 0.500
v -9.9000 23.6067 12.8000 0.580 0.540 0.500
v -9.9000 23.8267 12.8000 0.580 0.540 0.500
v -8.1000 23.8267 12.8000 0.580 0.540 0.500
v -9.9000 23.8267 12.8000 0.580 0.540 0.500
v -8.1000 23.8267 12.8000 0.580 0.540 0.500
v -8.1000 23.8267 14.2000 0.580 0.540 0.500
v -9.9000 23.8267 14.2000 0.580 0.540 0.500
v -9.9000 23.6067 12.8000 0.580 0.540 0.500
v -8.1000 23.6067 12.8000 0.580 0.540 0.500
v -8.1000 23.6067 14.2000 0.580 0.540 0.500
v -9.9000 23.6067 14.2000 0.580 0.540 0.500
v -8.1000 23.6067 14.2000 0.580 0.540 0.500
v -8.1000 23.6067 12.8000 0.580 0.540 0.500
v -8.1000 23.8267 12.8000 0.580 0.540 0.500
v -8.1000 23.8267 14.2000 0.580 0.540 0.500
v -9.9000 23.6067 12.8000 0.580 0.540 0.500
v -9.9000 23.6067 14.2000 0.580 0.540 0.500
v -9.9000 23.8267 14.2000 0.580 0.540 0.500
v -9.9000 23.8267 12.8000 0.580 0.540 0.500
v -11.0250 24.6525 14.2000 0.580 0.540 0.500
v -9.2250 24.6525 14.2000 0.580 0.540 0.500
v -9.2250 24.8725 14.2000 0.580 0.540 0.500
v -11.0250 24.8725 14.2000 0.580 0.540 0.500
v -9.2250 24.6525 12.8000 0.580 0.540 0.500
v -11.0250 24.6525 12.8000 0.580 0.540 0.500
v -11.0250 24.8725 12.8000 0.580 0.540 0.500
v -9.2250 24.8725 12.8000 0.580 0.540 0.500
v -11.0250 24.8725 12.8000 0.580 0.540 0.500
v -9.2250 24.8725 12.8000 0.580 0.540 0.500
v -9.2250 24.8725 14.2000 0.580 0.540 0.500
v -11.0250 24.8725 14.2000 0.580 0.540 0.500
v -11.0250 24.6525 12.8000 0.580 0.540 0.500
v -9.2250 24.6525 12.8000 0.580 0.540 0.500
v -9.2250 24.6525 14.2000 0.580 0.540 0.500
v -11.0250 24.6525 14.2000 0.580 0.540 0.500
v -9.2250 24.6525 14.2000 0.580 0.540 0.500
v -9.2250 24.6525 12.8000 0.580 0.540 0.500
v -9.2250 24.8725 12.8000 0.580 0.540 0.500
v -9.2250 24.8725 14.2000 0.580 0.540 0.500
v -11.0250 24.6525 12.8000 0.580 0.540 0.500
v -11.0250 24.6525 14.2000 0.580 0.540 0.500
v -11.0250 24.8725 14.2000 0.580 0.540 0.500
v -11.0250 24.8725 12.8000 0.580 0.540 0.500
v -12.1500 25.6983 14.2000 0.580 0.540 0.500
v -10.3500 25.6983 14.2000 0.580 0.540 0.500
v -10.3500 25.9183 14.2000 0.580 0.540 0.500
v -12.1500 25.9183 14.2000 0.580 0.540 0.500
v -10.3500 25.6983 12.8000 0.580 0.540 0.500
v -12.1500 25.6983 12.8000 0.580 0.540 0.500
v -12.1500 25.9183 12.8000 0.580 0.540 0.500
v -10.3500 25.9183 12.8000 0.580 0.540 0.500
v -12.1500 25.9183 12.8000 0.580 0.540 0.500
v -10.3500 25.9183 12.8000 0.580 0.540 0.500
v -10.3500 25.9183 14.2000 0.580 0.540 0.500
v -12.1500 25.9183 14.2000 0.580 0.540 0.500
v -12.1500 25.6983 12.8000 0.580 0.540 0.500
v -10.3500 25.6983 12.8000 0.580 0.540 0.500
v -10.3500 25.6983 14.2000 0.580 0.540 0.500
v -12.1500 25.6983 14.2000 0.580 0.540 0.500
v -10.3500 25.6983 14.2000 0.580 0.540 0.500
v -10.3500 25.6983 12.8000 0.580 0.540 0.500
v -10.3500 25.9183 12.8000 0.580 0.540 0.500
v -10.3500 25.9183 14.2000 0.580 0.540 0.500
v -12.1500 25.6983 12.8000 0.580 0.540 0.500
v -12.1500 25.6983 14.2000 0.580 0.540 0.500
v -12.1500 25.9183 14.2000 0.580 0.540 0.500
v -12.1500 25.9183 12.8000 0.580 0.540 0.500
v -13.2750 26.7442 14.2000 0.580 0.540 0.500
v -11.4750 26.7442 14.2000 0.580 0.540 0.500
v -11.4750 26.9642 14.2000 0.580 0.540 0.500
v -13.2750 26.9642 14.2000 0.580 0.540 0.500
v -11.4750 26.7442 12.8000 0.580 0.540 0.500
v -13.2750 26.7442 12.8000 0.580 0.540 0.500
v -13.2750 26.9642 12.8000 0.580 0.540 0.500
v -11.4750 26.9642 12.8000 0.580 0.540 0.500
v -13.2750 26.9642 12.8000 0.580 0.540 0.500
v -11.4750 26.9642 12.8000 0.580 0.540 0.500
v -11.4750 26.9642 14.2000 0.580 0.540 0.500
v -13.2750 26.9642 14.2000 0.580 0.540 0.500
v -13.2750 26.7442 12.8000 0.580 0.540 0.500
v -11.4750 26.7442 12.8000 0.580 0.540 0.500
v -11.4750 26.7442 14.2000 0.580 0.540 0.500
v -13.2750 26.7442 14.2000 0.580 0.540 0.500
v -11.4750 26.7442 14.2000 0.580 0.540 0.500
v -11.4750 26.7442 12.8000 0.580 0.540 0.500
v -11.4750 26.9642 12.8000 0.580 0.540 0.500
v -11.4750 26.9642 14.2000 0.580 0.540 0.500
v -13.2750 26.7442 12.8000 0.580 0.540 0.500
v -13.2750 26.7442 14.2000 0.580 0.540 0.500
v -13.2750 26.9642 14.2000 0.580 0.540 0.500
v -13.2750 26.9642 12.8000 0.580 0.540 0.500
v 14.9000 2.1000 14.7000 0.340 0.310 0.290
v 15.7000 2.1000 14.7000 0.340 0.310 0.290
v 15.7000 4.7000 14.7000 0.340 0.310 0.290
v 14.9000 4.7000 14.7000 0.340 0.310 0.290
v 15.7000 2.1000 12.3000 0.340 0.310 0.290
v 14.9000 2.1000 12.3000 0.340 0.310 0.290
v 14.9000 4.7000 12.3000 0.340 0.310 0.290
v 15.7000 4.7000 12.3000 0.340 0.310 0.290
v 14.9000 4.7000 12.3000 0.340 0.310 0.290
v 15.7000 4.7000 12.3000 0.340 0.310 0.290
v 15.7000 4.7000 14.7000 0.340 0.310 0.290
v 14.9000 4.7000 14.7000 0.340 0.310 0.290
v 14.9000 2.1000 12.3000 0.340 0.310 0.290
v 15.7000 2.1000 12.3000 0.340 0.310 0.290
v 15.7000 2.1000 14.7000 0.340 0.310 0.290
v 14.9000 2.1000 14.7000 0.340 0.310 0.290
v 15.7000 2.1000 14.7000 0.340 0.310 0.290
v 15.7000 2.1000 12.3000 0.340 0.310 0.290
v 15.7000 4.7000 12.3000 0.340 0.310 0.290
v 15.7000 4.7000 14.7000 0.340 0.310 0.290
v 14.9000 2.1000 12.3000 0.340 0.310 0.290
v 14.9000 2.1000 14.7000 0.340 0.310 0.290
v 14.9000 4.7000 14.7000 0.340 0.310 0.290
v 14.9000 4.7000 12.3000 0.340 0.310 0.290
v 14.8309 27.1440 -15.4000 0.500 0.460 0.440
v 14.8309 27.1440 -11.6000 0.500 0.460 0.440
v 12.1691 29.8560 -11.6000 0.500 0.460 0.440
v 12.1691 29.8560 -15.4000 0.500 0.460 0.440
v -12.1691 0.6440 -15.4000 0.500 0.460 0.440
v -12.1691 0.6440 -11.6000 0.500 0.460 0.440
v -14.8309 3.3560 -11.6000 0.500 0.460 0.440
v -14.8309 3.3560 -15.4000 0.500 0.460 0.440
v 14.9184 27.0548 -15.5250 0.580 0.540 0.500
v 14.9184 27.0548 -15.0750 0.580 0.540 0.500
v 14.6032 27.3759 -15.0750 0.580 0.540 0.500
v 14.6032 27.3759 -15.5250 0.580 0.540 0.500
v -12.0816 0.5548 -15.5250 0.580 0.540 0.500
v -12.0816 0.5548 -15.0750 0.580 0.540 0.500
v -12.3968 0.8759 -15.0750 0.580 0.540 0.500
v -12.3968 0.8759 -15.5250 0.580 0.540 0.500
v 14.9184 27.0548 -11.9250 0.580 0.540 0.500
v 14.9184 27.0548 -11.4750 0.580 0.540 0.500
v 14.6032 27.3759 -11.4750 0.580 0.540 0.500
v 14.6032 27.3759 -11.9250 0.580 0.540 0.500
v -12.0816 0.5548 -11.9250 0.580 0.540 0.500
v -12.0816 0.5548 -11.4750 0.580 0.540 0.500
v -12.3968 0.8759 -11.4750 0.580 0.540 0.500
v -12.3968 0.8759 -11.9250 0.580 0.540 0.500
v 12.3968 29.6241 -11.9250 0.580 0.540 0.500
v 12.3968 29.6241 -11.4750 0.580 0.540 0.500
v 12.0816 29.9452 -11.4750 0.580 0.540 0.500
v 12.0816 29.9452 -11.9250 0.580 0.540 0.500
v -14.6032 3.1241 -11.9250 0.580 0.540 0.500
v -14.6032 3.1241 -11.4750 0.580 0.540 0.500
v -14.9184 3.4452 -11.4750 0.580 0.540 0.500
v -14.9184 3.4452 -11.9250 0.580 0.540 0.500
v 12.3968 29.6241 -15.5250 0.580 0.540 0.500
v 12.3968 29.6241 -15.0750 0.580 0.540 0.500
v 12.0816 29.9452 -15.0750 0.580 0.540 0.500
v 12.0816 29.9452 -15.5250 0.580 0.540 0.500
v -14.6032 3.1241 -15.5250 0.580 0.540 0.500
v -14.6032 3.1241 -15.0750 0.580 0.540 0.500
v -14.9184 3.4452 -15.0750 0.580 0.540 0.500
v -14.9184 3.4452 -15.5250 0.580 0.540 0.500
v 14.8079 27.3085 -15.1846 0.580 0.540 0.500
v 14.6389 27.3085 -15.3255 0.580 0.540 0.500
v 14.7138 27.1222 -15.4154 0.580 0.540 0.500
v 14.8828 27.1222 -15.2745 0.580 0.540 0.500
v 11.8079 24.3641 -11.5846 0.580 0.540 0.500
v 11.6389 24.3641 -11.7255 0.580 0.540 0.500
v 11.7138 24.1778 -11.8154 0.580 0.540 0.500
v 11.8828 24.1778 -11.6745 0.580 0.540 0.500
v 14.6389 27.3085 -11.6745 0.580 0.540 0.500
v 14.8079 27.3085 -11.8154 0.580 0.540 0.500
v 14.8828 27.1222 -11.7255 0.580 0.540 0.500
v 14.7138 27.1222 -11.5846 0.580 0.540 0.500
v 11.6389 24.3641 -15.2745 0.580 0.540 0.500
v 11.8079 24.3641 -15.4154 0.580 0.540 0.500
v 11.8828 24.1778 -15.3255 0.580 0.540 0.500
v 11.7138 24.1778 -15.1846 0.580 0.540 0.500
v 14.7534 27.3251 -11.5900 0.580 0.540 0.500
v 14.7534 27.3251 -11.8100 0.580 0.540 0.500
v 14.7683 27.1056 -11.8100 0.580 0.540 0.500
v 14.7683 27.1056 -11.5900 0.580 0.540 0.500
v 9.2317 26.9499 -11.5900 0.580 0.540 0.500
v 9.2317 26.9499 -11.8100 0.580 0.540 0.500
v 9.2466 26.7304 -11.8100 0.580 0.540 0.500
v 9.2466 26.7304 -11.5900 0.580 0.540 0.500
v 12.3487 29.7751 -11.8100 0.580 0.540 0.500
v 12.3487 29.7751 -11.5900 0.580 0.540 0.500
v 12.1296 29.7941 -11.5900 0.580 0.540 0.500
v 12.1296 29.7941 -11.8100 0.580 0.540 0.500
v 11.8704 24.2614 -11.8100 0.580 0.540 0.500
v 11.8704 24.2614 -11.5900 0.580 0.540 0.500
v 11.6513 24.2804 -11.5900 0.580 0.540 0.500
v 11.6513 24.2804 -11.8100 0.580 0.540 0.500
v 11.9008 24.4109 -15.3000 0.500 0.460 0.440
v 11.6208 24.4109 -15.3000 0.500 0.460 0.440
v 11.6208 24.1309 -15.3000 0.500 0.460 0.440
v 11.9008 24.1309 -15.3000 0.500 0.460 0.440
v 11.9008 24.4109 -11.7000 0.500 0.460 0.440
v 11.6208 24.4109 -11.7000 0.500 0.460 0.440
v 11.6208 24.1309 -11.7000 0.500 0.460 0.440
v 11.9008 24.1309 -11.7000 0.500 0.460 0.440
v 11.8608 24.3690 -11.5600 0.500 0.460 0.440
v 11.8608 24.3690 -11.8400 0.500 0.460 0.440
v 11.6609 24.1729 -11.8400 0.500 0.460 0.440
v 11.6609 24.1729 -11.5600 0.500 0.460 0.440
v 9.3391 26.9383 -11.5600 0.500 0.460 0.440
v 9.3391 26.9383 -11.8400 0.500 0.460 0.440
v 9.1392 26.7421 -11.8400 0.500 0.460 0.440
v 9.1392 26.7421 -11.5600 0.500 0.460 0.440
v 9.0992 26.9802 -11.7000 0.500 0.460 0.440
v 9.3792 26.9802 -11.7000 0.500 0.460 0.440
v 9.3792 26.7002 -11.7000 0.500 0.460 0.440
v 9.0992 26.7002 -11.7000 0.500 0.460 0.440
v 9.0992 26.9802 -15.3000 0.500 0.460 0.440
v 9.3792 26.9802 -15.3000 0.500 0.460 0.440
v 9.3792 26.7002 -15.3000 0.500 0.460 0.440
v 9.0992 26.7002 -15.3000 0.500 0.460 0.440
v 9.3391 26.9383 -15.4400 0.500 0.460 0.440
v 9.3391 26.9383 -15.1600 0.500 0.460 0.440
v 9.1392 26.7421 -15.1600 0.500 0.460 0.440
v 9.1392 26.7421 -15.4400 0.500 0.460 0.440
v 11.8608 24.3690 -15.4400 0.500 0.460 0.440
v 11.8608 24.3690 -15.1600 0.500 0.460 0.440
v 11.6609 24.1729 -15.1600 0.500 0.460 0.440
v 11.6609 24.1729 -15.4400 0.500 0.460 0.440
v 11.8079 24.3641 -15.1846 0.580 0.540 0.500
v 11.6389 24.3641 -15.3255 0.580 0.540 0.500
v 11.7138 24.1778 -15.4154 0.580 0.540 0.500
v 11.8828 24.1778 -15.2745 0.580 0.540 0.500
v 8.8079 21.4196 -11.5846 0.580 0.540 0.500
v 8.6389 21.4196 -11.7255 0.580 0.540 0.500
v 8.7138 21.2333 -11.8154 0.580 0.540 0.500
v 8.8828 21.2333 -11.6745 0.580 0.540 0.500
v 11.6389 24.3641 -11.6745 0.580 0.540 0.500
v 11.8079 24.3641 -11.8154 0.580 0.540 0.500
v 11.8828 24.1778 -11.7255 0.580 0.540 0.500
v 11.7138 24.1778 -11.5846 0.580 0.540 0.500
v 8.6389 21.4196 -15.2745 0.580 0.540 0.500
v 8.8079 21.4196 -15.4154 0.580 0.540 0.500
v 8.8828 21.2333 -15.3255 0.580 0.540 0.500
v 8.7138 21.2333 -15.1846 0.580 0.540 0.500
v 11.7534 24.3807 -11.5900 0.580 0.540 0.500
v 11.7534 24.3807 -11.8100 0.580 0.540 0.500
v 11.7683 24.1612 -11.8100 0.580 0.540 0.500
v 11.7683 24.1612 -11.5900 0.580 0.540 0.500
v 6.2317 24.0055 -11.5900 0.580 0.540 0.500
v 6.2317 24.0055 -11.8100 0.580 0.540 0.500
v 6.2466 23.7860 -11.8100 0.580 0.540 0.500
v 6.2466 23.7860 -11.5900 0.580 0.540 0.500
v 9.3487 26.8307 -11.8100 0.580 0.540 0.500
v 9.3487 26.8307 -11.5900 0.580 0.540 0.500
v 9.1296 26.8497 -11.5900 0.580 0.540 0.500
v 9.1296 26.8497 -11.8100 0.580 0.540 0.500
v 8.8704 21.3170 -11.8100 0.580 0.540 0.500
v 8.8704 21.3170 -11.5900 0.580 0.540 0.500
v 8.6513 21.3360 -11.5900 0.580 0.540 0.500
v 8.6513 21.3360 -11.8100 0.580 0.540 0.500
v 8.9008 21.4665 -15.3000 0.500 0.460 0.440
v 8.6208 21.4665 -15.3000 0.500 0.460 0.440
v 8.6208 21.1865 -15.3000 0.500 0.460 0.440
v 8.9008 21.1865 -15.3000 0.500 0.460 0.440
v 8.9008 21.4665 -11.7000 0.500 0.460 0.440
v 8.6208 21.4665 -11.7000 0.500 0.460 0.440
v 8.6208 21.1865 -11.7000 0.500 0.460 0.440
v 8.9008 21.1865 -11.7000 0.500 0.460 0.440
v 8.8608 21.4245 -11.5600 0.500 0.460 0.440
v 8.8608 21.4245 -11.8400 0.500 0.460 0.440
v 8.6609 21.2284 -11.8400 0.500 0.460 0.440
v 8.6609 21.2284 -11.5600 0.500 0.460 0.440
v 6.3391 23.9938 -11.5600 0.500 0.460 0.440
v 6.3391 23.9938 -11.8400 0.500 0.460 0.440
v 6.1392 23.7977 -11.8400 0.500 0.460 0.440
v 6.1392 23.7977 -11.5600 0.500 0.460 0.440
v 6.0992 24.0357 -11.7000 0.500 0.460 0.440
v 6.3792 24.0357 -11.7000 0.500 0.460 0.440
v 6.3792 23.7557 -11.7000 0.500 0.460 0.440
v 6.0992 23.7557 -11.7000 0.500 0.460 0.440
v 6.0992 24.0357 -15.3000 0.500 0.460 0.440
v 6.3792 24.0357 -15.3000 0.500 0.460 0.440
v 6.3792 23.7557 -15.3000 0.500 0.460 0.440
v 6.0992 23.7557 -15.3000 0.500 0.460 0.440
v 6.3391 23.9938 -15.4400 0.500 0.460 0.440
v 6.3391 23.9938 -15.1600 0.500 0.460 0.440
v 6.1392 23.7977 -15.1600 0.500 0.460 0.440
v 6.1392 23.7977 -15.4400 0.500 0.460 0.440
v 8.8608 21.4245 -15.4400 0.500 0.460 0.440
v 8.8608 21.4245 -15.1600 0.500 0.460 0.440
v 8.6609 21.2284 -15.1600 0.500 0.460 0.440
v 8.6609 21.2284 -15.4400 0.500 0.460 0.440
v 8.8079 21.4196 -15.1846 0.580 0.540 0.500
v 8.6389 21.4196 -15.3255 0.580 0.540 0.500
v 8.7138 21.2333 -15.4154 0.580 0.540 0.500
v 8.8828 21.2333 -15.2745 0.580 0.540 0.500
v 5.8079 18.4752 -11.5846 0.580 0.540 0.500
v 5.6389 18.4752 -11.7255 0.580 0.540 0.500
v 5.7138 18.2889 -11.8154 0.580 0.540 0.500
v 5.8828 18.2889 -11.6745 0.580 0.540 0.500
v 8.6389 21.4196 -11.6745 0.580 0.540 0.500
v 8.8079 21.4196 -11.8154 0.580 0.540 0.500
v 8.8828 21.2333 -11.7255 0.580 0.540 0.500
v 8.7138 21.2333 -11.5846 0.580 0.540 0.500
v 5.6389 18.4752 -15.2745 0.580 0.540 0.500
v 5.8079 18.4752 -15.4154 0.580 0.540 0.500
v 5.8828 18.2889 -15.3255 0.580 0.540 0.500
v 5.7138 18.2889 -15.1846 0.580 0.540 0.500
v 8.7534 21.4362 -11.5900 0.580 0.540 0.500
v 8.7534 21.4362 -11.8100 0.580 0.540 0.500
v 8.7683 21.2167 -11.8100 0.580 0.540 0.500
v 8.7683 21.2167 -11.5900 0.580 0.540 0.500
v 3.2317 21.0610 -11.5900 0.580 0.540 0.500
v 3.2317 21.0610 -11.8100 0.580 0.540 0.500
v 3.2466 20.8416 -11.8100 0.580 0.540 0.500
v 3.2466 20.8416 -11.5900 0.580 0.540 0.500
v 6.3487 23.8862 -11.8100 0.580 0.540 0.500
v 6.3487 23.8862 -11.5900 0.580 0.540 0.500
v 6.1296 23.9052 -11.5900 0.580 0.540 0.500
v 6.1296 23.9052 -11.8100 0.580 0.540 0.500
v 5.8704 18.3725 -11.8100 0.580 0.540 0.500
v 5.8704 18.3725 -11.5900 0.580 0.540 0.500
v 5.6513 18.3915 -11.5900 0.580 0.540 0.500
v 5.6513 18.3915 -11.8100 0.580 0.540 0.500
v 5.9008 18.5220 -15.3000 0.500 0.460 0.440
v 5.6208 18.5220 -15.3000 0.500 0.460 0.440
v 5.6208 18.2420 -15.3000 0.500 0.460 0.440
v 5.9008 18.2420 -15.3000 0.500 0.460 0.440
v 5.9008 18.5220 -11.7000 0.500 0.460 0.440
v 5.6208 18.5220 -11.7000 0.500 0.460 0.440
v 5.6208 18.2420 -11.7000 0.500 0.460 0.440
v 5.9008 18.2420 -11.7000 0.500 0.460 0.440
v 5.8608 18.4801 -11.5600 0.500 0.460 0.440
v 5.8608 18.4801 -11.8400 0.500 0.460 0.440
v 5.6609 18.2840 -11.8400 0.500 0.460 0.440
v 5.6609 18.2840 -11.5600 0.500 0.460 0.440
v 3.3391 21.0494 -11.5600 0.500 0.460 0.440
v 3.3391 21.0494 -11.8400 0.500 0.460 0.440
v 3.1392 20.8532 -11.8400 0.500 0.460 0.440
v 3.1392 20.8532 -11.5600 0.500 0.460 0.440
v 3.0992 21.0913 -11.7000 0.500 0.460 0.440
v 3.3792 21.0913 -11.7000 0.500 0.460 0.440
v 3.3792 20.8113 -11.7000 0.500 0.460 0.440
v 3.0992 20.8113 -11.7000 0.500 0.460 0.440
v 3.0992 21.0913 -15.3000 0.500 0.460 0.440
v 3.3792 21.0913 -15.3000 0.500 0.460 0.440
v 3.3792 20.8113 -15.3000 0.500 0.460 0.440
v 3.0992 20.8113 -15.3000 0.500 0.460 0.440
v 3.3391 21.0494 -15.4400 0.500 0.460 0.440
v 3.3391 21.0494 -15.1600 0.500 0.460 0.440
v 3.1392 20.8532 -15.1600 0.500 0.460 0.440
v 3.1392 20.8532 -15.4400 0.500 0.460 0.440
v 5.8608 18.4801 -15.4400 0.500 0.460 0.440
v 5.8608 18.4801 -15.1600 0.500 0.460 0.440
v 5.6609 18.2840 -15.1600 0.500 0.460 0.440
v 5.6609 18.2840 -15.4400 0.500 0.460 0.440
v 5.8079 18.4752 -15.1846 0.580 0.540 0.500
v 5.6389 18.4752 -15.3255 0.580 0.540 0.500
v 5.7138 18.2889 -15.4154 0.580 0.540 0.500
v 5.8828 18.2889 -15.2745 0.580 0.540 0.500
v 2.8079 15.5307 -11.5846 0.580 0.540 0.500
v 2.6389 15.5307 -11.7255 0.580 0.540 0.500
v 2.7138 15.3445 -11.8154 0.580 0.540 0.500
v 2.8828 15.3445 -11.6745 0.580 0.540 0.500
v 5.6389 18.4752 -11.6745 0.580 0.540 0.500
v 5.8079 18.4752 -11.8154 0.580 0.540 0.500
v 5.8828 18.2889 -11.7255 0.580 0.540 0.500
v 5.7138 18.2889 -11.5846 0.580 0.540 0.500
v 2.6389 15.5307 -15.2745 0.580 0.540 0.500
v 2.8079 15.5307 -15.4154 0.580 0.540 0.500
v 2.8828 15.3445 -15.3255 0.580 0.540 0.500
v 2.7138 15.3445 -15.1846 0.580 0.540 0.500
v 5.7534 18.4918 -11.5900 0.580 0.540 0.500
v 5.7534 18.4918 -11.8100 0.580 0.540 0.500
v 5.7683 18.2723 -11.8100 0.580 0.540 0.500
v 5.7683 18.2723 -11.5900 0.580 0.540 0.500
v 0.2317 18.1166 -11.5900 0.580 0.540 0.500
v 0.2317 18.1166 -11.8100 0.580 0.540 0.500
v 0.2466 17.8971 -11.8100 0.580 0.540 0.500
v 0.2466 17.8971 -11.5900 0.580 0.540 0.500
v 3.3487 20.9418 -11.8100 0.580 0.540 0.500
v 3.3487 20.9418 -11.5900 0.580 0.540 0.500
v 3.1296 20.9608 -11.5900 0.580 0.540 0.500
v 3.1296 20.9608 -11.8100 0.580 0.540 0.500
v 2.8704 15.4281 -11.8100 0.580 0.540 0.500
v 2.8704 15.4281 -11.5900 0.580 0.540 0.500
v 2.6513 15.4471 -11.5900 0.580 0.540 0.500
v 2.6513 15.4471 -11.8100 0.580 0.540 0.500
v 2.9008 15.5776 -15.3000 0.500 0.460 0.440
v 2.6208 15.5776 -15.3000 0.500 0.460 0.440
v 2.6208 15.2976 -15.3000 0.500 0.460 0.440
v 2.9008 15.2976 -15.3000 0.500 0.460 0.440
v 2.9008 15.5776 -11.7000 0.500 0.460 0.440
v 2.6208 15.5776 -11.7000 0.500 0.460 0.440
v 2.6208 15.2976 -11.7000 0.500 0.460 0.440
v 2.9008 15.2976 -11.7000 0.500 0.460 0.440
v 2.8608 15.5357 -11.5600 0.500 0.460 0.440
v 2.8608 15.5357 -11.8400 0.500 0.460 0.440
v 2.6609 15.3395 -11.8400 0.500 0.460 0.440
v 2.6609 15.3395 -11.5600 0.500 0.460 0.440
v 0.3391 18.1049 -11.5600 0.500 0.460 0.440
v 0.3391 18.1049 -11.8400 0.500 0.460 0.440
v 0.1392 17.9088 -11.8400 0.500 0.460 0.440
v 0.1392 17.9088 -11.5600 0.500 0.460 0.440
v 0.0992 18.1469 -11.7000 0.500 0.460 0.440
v 0.3792 18.1469 -11.7000 0.500 0.460 0.440
v 0.3792 17.8669 -11.7000 0.500 0.460 0.440
v 0.0992 17.8669 -11.7000 0.500 0.460 0.440
v 0.0992 18.1469 -15.3000 0.500 0.460 0.440
v 0.3792 18.1469 -15.3000 0.500 0.460 0.440
v 0.3792 17.8669 -15.3000 0.500 0.460 0.440
v 0.0992 17.8669 -15.3000 0.500 0.460 0.440
v 0.3391 18.1049 -15.4400 0.500 0.460 0.440
v 0.3391 18.1049 -15.1600 0.500 0.460 0.440
v 0.1392 17.9088 -15.1600 0.500 0.460 0.440
v 0.1392 17.9088 -15.4400 0.500 0.460 0.440
v 2.8608 15.5357 -15.4400 0.500 0.460 0.440
v 2.8608 15.5357 -15.1600 0.500 0.460 0.440
v 2.6609 15.3395 -15.1600 0.500 0.460 0.440
v 2.6609 15.3395 -15.4400 0.500 0.460 0.440
v 2.8079 15.5307 -15.1846 0.580 0.540 0.500
v 2.6389 15.5307 -15.3255 0.580 0.540 0.500
v 2.7138 15.3445 -15.4154 0.580 0.540 0.500
v 2.8828 15.3445 -15.2745 0.580 0.540 0.500
v -0.1921 12.5863 -11.5846 0.580 0.540 0.500
v -0.3611 12.5863 -11.7255 0.580 0.540 0.500
v -0.2862 12.4000 -11.8154 0.580 0.540 0.500
v -0.1172 12.4000 -11.6745 0.580 0.540 0.500
v 2.6389 15.5307 -11.6745 0.580 0.540 0.500
v 2.8079 15.5307 -11.8154 0.580 0.540 0.500
v 2.8828 15.3445 -11.7255 0.580 0.540 0.500
v 2.7138 15.3445 -11.5846 0.580 0.540 0.500
v -0.3611 12.5863 -15.2745 0.580 0.540 0.500
v -0.1921 12.5863 -15.4154 0.580 0.540 0.500
v -0.1172 12.4000 -15.3255 0.580 0.540 0.500
v -0.2862 12.4000 -15.1846 0.580 0.540 0.500
v 2.7534 15.5473 -11.5900 0.580 0.540 0.500
v 2.7534 15.5473 -11.8100 0.580 0.540 0.500
v 2.7683 15.3278 -11.8100 0.580 0.540 0.500
v 2.7683 15.3278 -11.5900 0.580 0.540 0.500
v -2.7683 15.1722 -11.5900 0.580 0.540 0.500
v -2.7683 15.1722 -11.8100 0.580 0.540 0.500
v -2.7534 14.9527 -11.8100 0.580 0.540 0.500
v -2.7534 14.9527 -11.5900 0.580 0.540 0.500
v 0.3487 17.9973 -11.8100 0.580 0.540 0.500
v 0.3487 17.9973 -11.5900 0.580 0.540 0.500
v 0.1296 18.0164 -11.5900 0.580 0.540 0.500
v 0.1296 18.0164 -11.8100 0.580 0.540 0.500
v -0.1296 12.4836 -11.8100 0.580 0.540 0.500
v -0.1296 12.4836 -11.5900 0.580 0.540 0.500
v -0.3487 12.5027 -11.5900 0.580 0.540 0.500
v -0.3487 12.5027 -11.8100 0.580 0.540 0.500
v -0.0992 12.6331 -15.3000 0.500 0.460 0.440
v -0.3792 12.6331 -15.3000 0.500 0.460 0.440
v -0.3792 12.3531 -15.3000 0.500 0.460 0.440
v -0.0992 12.3531 -15.3000 0.500 0.460 0.440
v -0.0992 12.6331 -11.7000 0.500 0.460 0.440
v -0.3792 12.6331 -11.7000 0.500 0.460 0.440
v -0.3792 12.3531 -11.7000 0.500 0.460 0.440
v -0.0992 12.3531 -11.7000 0.500 0.460 0.440
v -0.1392 12.5912 -11.5600 0.500 0.460 0.440
v -0.1392 12.5912 -11.8400 0.500 0.460 0.440
v -0.3391 12.3951 -11.8400 0.500 0.460 0.440
v -0.3391 12.3951 -11.5600 0.500 0.460 0.440
v -2.6609 15.1605 -11.5600 0.500 0.460 0.440
v -2.6609 15.1605 -11.8400 0.500 0.460 0.440
v -2.8608 14.9643 -11.8400 0.500 0.460 0.440
v -2.8608 14.9643 -11.5600 0.500 0.460 0.440
v -2.9008 15.2024 -11.7000 0.500 0.460 0.440
v -2.6208 15.2024 -11.7000 0.500 0.460 0.440
v -2.6208 14.9224 -11.7000 0.500 0.460 0.440
v -2.9008 14.9224 -11.7000 0.500 0.460 0.440
v -2.9008 15.2024 -15.3000 0.500 0.460 0.440
v -2.6208 15.2024 -15.3000 0.500 0.460 0.440
v -2.6208 14.9224 -15.3000 0.500 0.460 0.440
v -2.9008 14.9224 -15.3000 0.500 0.460 0.440
v -2.6609 15.1605 -15.4400 0.500 0.460 0.440
v -2.6609 15.1605 -15.1600 0.500 0.460 0.440
v -2.8608 14.9643 -15.1600 0.500 0.460 0.440
v -2.8608 14.9643 -15.4400 0.500 0.460 0.440
v -0.1392 12.5912 -15.4400 0.500 0.460 0.440
v -0.1392 12.5912 -15.1600 0.500 0.460 0.440
v -0.3391 12.3951 -15.1600 0.500 0.460 0.440
v -0.3391 12.3951 -15.4400 0.500 0.460 0.440
v -0.1921 12.5863 -15.1846 0.580 0.540 0.500
v -0.3611 12.5863 -15.3255 0.580 0.540 0.500
v -0.2862 12.4000 -15.4154 0.580 0.540 0.500
v -0.1172 12.4000 -15.2745 0.580 0.540 0.500
v -3.1921 9.6418 -11.5846 0.580 0.540 0.500
v -3.3611 9.6418 -11.7255 0.580 0.540 0.500
v -3.2862 9.4556 -11.8154 0.580 0.540 0.500
v -3.1172 9.4556 -11.6745 0.580 0.540 0.500
v -0.3611 12.5863 -11.6745 0.580 0.540 0.500
v -0.1921 12.5863 -11.8154 0.580 0.540 0.500
v -0.1172 12.4000 -11.7255 0.580 0.540 0.500
v -0.2862 12.4000 -11.5846 0.580 0.540 0.500
v -3.3611 9.6418 -15.2745 0.580 0.540 0.500
v -3.1921 9.6418 -15.4154 0.580 0.540 0.500
v -3.1172 9.4556 -15.3255 0.580 0.540 0.500
v -3.2862 9.4556 -15.1846 0.580 0.540 0.500
v -0.2466 12.6029 -11.5900 0.580 0.540 0.500
v -0.2466 12.6029 -11.8100 0.580 0.540 0.500
v -0.2317 12.3834 -11.8100 0.580 0.540 0.500
v -0.2317 12.3834 -11.5900 0.580 0.540 0.500
v -5.7683 12.2277 -11.5900 0.580 0.540 0.500
v -5.7683 12.2277 -11.8100 0.580 0.540 0.500
v -5.7534 12.0082 -11.8100 0.580 0.540 0.500
v -5.7534 12.0082 -11.5900 0.580 0.540 0.500
v -2.6513 15.0529 -11.8100 0.580 0.540 0.500
v -2.6513 15.0529 -11.5900 0.580 0.540 0.500
v -2.8704 15.0719 -11.5900 0.580 0.540 0.500
v -2.8704 15.0719 -11.8100 0.580 0.540 0.500
v -3.1296 9.5392 -11.8100 0.580 0.540 0.500
v -3.1296 9.5392 -11.5900 0.580 0.540 0.500
v -3.3487 9.5582 -11.5900 0.580 0.540 0.500
v -3.3487 9.5582 -11.8100 0.580 0.540 0.500
v -3.0992 9.6887 -15.3000 0.500 0.460 0.440
v -3.3792 9.6887 -15.3000 0.500 0.460 0.440
v -3.3792 9.4087 -15.3000 0.500 0.460 0.440
v -3.0992 9.4087 -15.3000 0.500 0.460 0.440
v -3.0992 9.6887 -11.7000 0.500 0.460 0.440
v -3.3792 9.6887 -11.7000 0.500 0.460 0.440
v -3.3792 9.4087 -11.7000 0.500 0.460 0.440
v -3.0992 9.4087 -11.7000 0.500 0.460 0.440
v -3.1392 9.6468 -11.5600 0.500 0.460 0.440
v -3.1392 9.6468 -11.8400 0.500 0.460 0.440
v -3.3391 9.4506 -11.8400 0.500 0.460 0.440
v -3.3391 9.4506 -11.5600 0.500 0.460 0.440
v -5.6609 12.2160 -11.5600 0.500 0.460 0.440
v -5.6609 12.2160 -11.8400 0.500 0.460 0.440
v -5.8608 12.0199 -11.8400 0.500 0.460 0.440
v -5.8608 12.0199 -11.5600 0.500 0.460 0.440
v -5.9008 12.2580 -11.7000 0.500 0.460 0.440
v -5.6208 12.2580 -11.7000 0.500 0.460 0.440
v -5.6208 11.9780 -11.7000 0.500 0.460 0.440
v -5.9008 11.9780 -11.7000 0.500 0.460 0.440
v -5.9008 12.2580 -15.3000 0.500 0.460 0.440
v -5.6208 12.2580 -15.3000 0.500 0.460 0.440
v -5.6208 11.9780 -15.3000 0.500 0.460 0.440
v -5.9008 11.9780 -15.3000 0.500 0.460 0.440
v -5.6609 12.2160 -15.4400 0.500 0.460 0.440
v -5.6609 12.2160 -15.1600 0.500 0.460 0.440
v -5.8608 12.0199 -15.1600 0.500 0.460 0.440
v -5.8608 12.0199 -15.4400 0.500 0.460 0.440
v -3.1392 9.6468 -15.4400 0.500 0.460 0.440
v -3.1392 9.6468 -15.1600 0.500 0.460 0.440
v -3.3391 9.4506 -15.1600 0.500 0.460 0.440
v -3.3391 9.4506 -15.4400 0.500 0.460 0.440
v -3.1921 9.6418 -15.1846 0.580 0.540 0.500
v -3.3611 9.6418 -15.3255 0.580 0.540 0.500
v -3.2862 9.4556 -15.4154 0.580 0.540 0.500
v -3.1172 9.4556 -15.2745 0.580 0.540 0.500
v -6.1921 6.6974 -11.5846 0.580 0.540 0.500
v -6.3611 6.6974 -11.7255 0.580 0.540 0.500
v -6.2862 6.5111 -11.8154 0.580 0.540 0.500
v -6.1172 6.5111 -11.6745 0.580 0.540 0.500
v -3.3611 9.6418 -11.6745 0.580 0.540 0.500
v -3.1921 9.6418 -11.8154 0.580 0.540 0.500
v -3.1172 9.4556 -11.7255 0.580 0.540 0.500
v -3.2862 9.4556 -11.5846 0.580 0.540 0.500
v -6.3611 6.6974 -15.2745 0.580 0.540 0.500
v -6.1921 6.6974 -15.4154 0.580 0.540 0.500
v -6.1172 6.5111 -15.3255 0.580 0.540 0.500
v -6.2862 6.5111 -15.1846 0.580 0.540 0.500
v -3.2466 9.6584 -11.5900 0.580 0.540 0.500
v -3.2466 9.6584 -11.8100 0.580 0.540 0.500
v -3.2317 9.4390 -11.8100 0.580 0.540 0.500
v -3.2317 9.4390 -11.5900 0.580 0.540 0.500
v -8.7683 9.2833 -11.5900 0.580 0.540 0.500
v -8.7683 9.2833 -11.8100 0.580 0.540 0.500
v -8.7534 9.0638 -11.8100 0.580 0.540 0.500
v -8.7534 9.0638 -11.5900 0.580 0.540 0.500
v -5.6513 12.1085 -11.8100 0.580 0.540 0.500
v -5.6513 12.1085 -11.5900 0.580 0.540 0.500
v -5.8704 12.1275 -11.5900 0.580 0.540 0.500
v -5.8704 12.1275 -11.8100 0.580 0.540 0.500
v -6.1296 6.5948 -11.8100 0.580 0.540 0.500
v -6.1296 6.5948 -11.5900 0.580 0.540 0.500
v -6.3487 6.6138 -11.5900 0.580 0.540 0.500
v -6.3487 6.6138 -11.8100 0.580 0.540 0.500
v -6.0992 6.7443 -15.3000 0.500 0.460 0.440
v -6.3792 6.7443 -15.3000 0.500 0.460 0.440
v -6.3792 6.4643 -15.3000 0.500 0.460 0.440
v -6.0992 6.4643 -15.3000 0.500 0.460 0.440
v -6.0992 6.7443 -11.7000 0.500 0.460 0.440
v -6.3792 6.7443 -11.7000 0.500 0.460 0.440
v -6.3792 6.4643 -11.7000 0.500 0.460 0.440
v -6.0992 6.4643 -11.7000 0.500 0.460 0.440
v -6.1392 6.7023 -11.5600 0.500 0.460 0.440
v -6.1392 6.7023 -11.8400 0.500 0.460 0.440
v -6.3391 6.5062 -11.8400 0.500 0.460 0.440
v -6.3391 6.5062 -11.5600 0.500 0.460 0.440
v -8.6609 9.2716 -11.5600 0.500 0.460 0.440
v -8.6609 9.2716 -11.8400 0.500 0.460 0.440
v -8.8608 9.0755 -11.8400 0.500 0.460 0.440
v -8.8608 9.0755 -11.5600 0.500 0.460 0.440
v -8.9008 9.3135 -11.7000 0.500 0.460 0.440
v -8.6208 9.3135 -11.7000 0.500 0.460 0.440
v -8.6208 9.0335 -11.7000 0.500 0.460 0.440
v -8.9008 9.0335 -11.7000 0.500 0.460 0.440
v -8.9008 9.3135 -15.3000 0.500 0.460 0.440
v -8.6208 9.3135 -15.3000 0.500 0.460 0.440
v -8.6208 9.0335 -15.3000 0.500 0.460 0.440
v -8.9008 9.0335 -15.3000 0.500 0.460 0.440
v -8.6609 9.2716 -15.4400 0.500 0.460 0.440
v -8.6609 9.2716 -15.1600 0.500 0.460 0.440
v -8.8608 9.0755 -15.1600 0.500 0.460 0.440
v -8.8608 9.0755 -15.4400 0.500 0.460 0.440
v -6.1392 6.7023 -15.4400 0.500 0.460 0.440
v -6.1392 6.7023 -15.1600 0.500 0.460 0.440
v -6.3391 6.5062 -15.1600 0.500 0.460 0.440
v -6.3391 6.5062 -15.4400 0.500 0.460 0.440
v -6.1921 6.6974 -15.1846 0.580 0.540 0.500
v -6.3611 6.6974 -15.3255 0.580 0.540 0.500
v -6.2862 6.5111 -15.4154 0.580 0.540 0.500
v -6.1172 6.5111 -15.2745 0.580 0.540 0.500
v -9.1921 3.7530 -11.5846 0.580 0.540 0.500
v -9.3611 3.7530 -11.7255 0.580 0.540 0.500
v -9.2862 3.5667 -11.8154 0.580 0.540 0.500
v -9.1172 3.5667 -11.6745 0.580 0.540 0.500
v -6.3611 6.6974 -11.6745 0.580 0.540 0.500
v -6.1921 6.6974 -11.8154 0.580 0.540 0.500
v -6.1172 6.5111 -11.7255 0.580 0.540 0.500
v -6.2862 6.5111 -11.5846 0.580 0.540 0.500
v -9.3611 3.7530 -15.2745 0.580 0.540 0.500
v -9.1921 3.7530 -15.4154 0.580 0.540 0.500
v -9.1172 3.5667 -15.3255 0.580 0.540 0.500
v -9.2862 3.5667 -15.1846 0.580 0.540 0.500
v -6.2466 6.7140 -11.5900 0.580 0.540 0.500
v -6.2466 6.7140 -11.8100 0.580 0.540 0.500
v -6.2317 6.4945 -11.8100 0.580 0.540 0.500
v -6.2317 6.4945 -11.5900 0.580 0.540 0.500
v -11.7683 6.3388 -11.5900 0.580 0.540 0.500
v -11.7683 6.3388 -11.8100 0.580 0.540 0.500
v -11.7534 6.1193 -11.8100 0.580 0.540 0.500
v -11.7534 6.1193 -11.5900 0.580 0.540 0.500
v -8.6513 9.1640 -11.8100 0.580 0.540 0.500
v -8.6513 9.1640 -11.5900 0.580 0.540 0.500
v -8.8704 9.1830 -11.5900 0.580 0.540 0.500
v -8.8704 9.1830 -11.8100 0.580 0.540 0.500
v -9.1296 3.6503 -11.8100 0.580 0.540 0.500
v -9.1296 3.6503 -11.5900 0.580 0.540 0.500
v -9.3487 3.6693 -11.5900 0.580 0.540 0.500
v -9.3487 3.6693 -11.8100 0.580 0.540 0.500
v -9.0992 3.7998 -15.3000 0.500 0.460 0.440
v -9.3792 3.7998 -15.3000 0.500 0.460 0.440
v -9.3792 3.5198 -15.3000 0.500 0.460 0.440
v -9.0992 3.5198 -15.3000 0.500 0.460 0.440
v -9.0992 3.7998 -11.7000 0.500 0.460 0.440
v -9.3792 3.7998 -11.7000 0.500 0.460 0.440
v -9.3792 3.5198 -11.7000 0.500 0.460 0.440
v -9.0992 3.5198 -11.7000 0.500 0.460 0.440
v -9.1392 3.7579 -11.5600 0.500 0.460 0.440
v -9.1392 3.7579 -11.8400 0.500 0.460 0.440
v -9.3391 3.5617 -11.8400 0.500 0.460 0.440
v -9.3391 3.5617 -11.5600 0.500 0.460 0.440
v -11.6609 6.3271 -11.5600 0.500 0.460 0.440
v -11.6609 6.3271 -11.8400 0.500 0.460 0.440
v -11.8608 6.1310 -11.8400 0.500 0.460 0.440
v -11.8608 6.1310 -11.5600 0.500 0.460 0.440
v -11.9008 6.3691 -11.7000 0.500 0.460 0.440
v -11.6208 6.3691 -11.7000 0.500 0.460 0.440
v -11.6208 6.0891 -11.7000 0.500 0.460 0.440
v -11.9008 6.0891 -11.7000 0.500 0.460 0.440
v -11.9008 6.3691 -15.3000 0.500 0.460 0.440
v -11.6208 6.3691 -15.3000 0.500 0.460 0.440
v -11.6208 6.0891 -15.3000 0.500 0.460 0.440
v -11.9008 6.0891 -15.3000 0.500 0.460 0.440
v -11.6609 6.3271 -15.4400 0.500 0.460 0.440
v -11.6609 6.3271 -15.1600 0.500 0.460 0.440
v -11.8608 6.1310 -15.1600 0.500 0.460 0.440
v -11.8608 6.1310 -15.4400 0.500 0.460 0.440
v -9.1392 3.7579 -15.4400 0.500 0.460 0.440
v -9.1392 3.7579 -15.1600 0.500 0.460 0.440
v -9.3391 3.5617 -15.1600 0.500 0.460 0.440
v -9.3391 3.5617 -15.4400 0.500 0.460 0.440
v -9.1921 3.7530 -15.1846 0.580 0.540 0.500
v -9.3611 3.7530 -15.3255 0.580 0.540 0.500
v -9.2862 3.5667 -15.4154 0.580 0.540 0.500
v -9.1172 3.5667 -15.2745 0.580 0.540 0.500
v -12.1921 0.8085 -11.5846 0.580 0.540 0.500
v -12.3611 0.8085 -11.7255 0.580 0.540 0.500
v -12.2862 0.6222 -11.8154 0.580 0.540 0.500
v -12.1172 0.6222 -11.6745 0.580 0.540 0.500
v -9.3611 3.7530 -11.6745 0.580 0.540 0.500
v -9.1921 3.7530 -11.8154 0.580 0.540 0.500
v -9.1172 3.5667 -11.7255 0.580 0.540 0.500
v -9.2862 3.5667 -11.5846 0.580 0.540 0.500
v -12.3611 0.8085 -15.2745 0.580 0.540 0.500
v -12.1921 0.8085 -15.4154 0.580 0.540 0.500
v -12.1172 0.6222 -15.3255 0.580 0.540 0.500
v -12.2862 0.6222 -15.1846 0.580 0.540 0.500
v -9.2466 3.7696 -11.5900 0.580 0.540 0.500
v -9.2466 3.7696 -11.8100 0.580 0.540 0.500
v -9.2317 3.5501 -11.8100 0.580 0.540 0.500
v -9.2317 3.5501 -11.5900 0.580 0.540 0.500
v -14.7683 3.3944 -11.5900 0.580 0.540 0.500
v -14.7683 3.3944 -11.8100 0.580 0.540 0.500
v -14.7534 3.1749 -11.8100 0.580 0.540 0.500
v -14.7534 3.1749 -11.5900 0.580 0.540 0.500
v -11.6513 6.2196 -11.8100 0.580 0.540 0.500
v -11.6513 6.2196 -11.5900 0.580 0.540 0.500
v -11.8704 6.2386 -11.5900 0.580 0.540 0.500
v -11.8704 6.2386 -11.8100 0.580 0.540 0.500
v -12.1296 0.7059 -11.8100 0.580 0.540 0.500
v -12.1296 0.7059 -11.5900 0.580 0.540 0.500
v -12.3487 0.7249 -11.5900 0.580 0.540 0.500
v -12.3487 0.7249 -11.8100 0.580 0.540 0.500
v -12.0992 0.8554 -15.3000 0.500 0.460 0.440
v -12.3792 0.8554 -15.3000 0.500 0.460 0.440
v -12.3792 0.5754 -15.3000 0.500 0.460 0.440
v -12.0992 0.5754 -15.3000 0.500 0.460 0.440
v -12.0992 0.8554 -11.7000 0.500 0.460 0.440
v -12.3792 0.8554 -11.7000 0.500 0.460 0.440
v -12.3792 0.5754 -11.7000 0.500 0.460 0.440
v -12.0992 0.5754 -11.7000 0.500 0.460 0.440
v -12.1392 0.8134 -11.5600 0.500 0.460 0.440
v -12.1392 0.8134 -11.8400 0.500 0.460 0.440
v -12.3391 0.6173 -11.8400 0.500 0.460 0.440
v -12.3391 0.6173 -11.5600 0.500 0.460 0.440
v -14.6609 3.3827 -11.5600 0.500 0.460 0.440
v -14.6609 3.3827 -11.8400 0.500 0.460 0.440
v -14.8608 3.1866 -11.8400 0.500 0.460 0.440
v -14.8608 3.1866 -11.5600 0.500 0.460 0.440
v -14.9008 3.4246 -11.7000 0.500 0.460 0.440
v -14.6208 3.4246 -11.7000 0.500 0.460 0.440
v -14.6208 3.1446 -11.7000 0.500 0.460 0.440
v -14.9008 3.1446 -11.7000 0.500 0.460 0.440
v -14.9008 3.4246 -15.3000 0.500 0.460 0.440
v -14.6208 3.4246 -15.3000 0.500 0.460 0.440
v -14.6208 3.1446 -15.3000 0.500 0.460 0.440
v -14.9008 3.1446 -15.3000 0.500 0.460 0.440
v -14.6609 3.3827 -15.4400 0.500 0.460 0.440
v -14.6609 3.3827 -15.1600 0.500 0.460 0.440
v -14.8608 3.1866 -15.1600 0.500 0.460 0.440
v -14.8608 3.1866 -15.4400 0.500 0.460 0.440
v -12.1392 0.8134 -15.4400 0.500 0.460 0.440
v -12.1392 0.8134 -15.1600 0.500 0.460 0.440
v -12.3391 0.6173 -15.1600 0.500 0.460 0.440
v -12.3391 0.6173 -15.4400 0.500 0.460 0.440
v 13.3979 28.0099 -12.7000 0.340 0.310 0.290
v 13.3979 28.0099 -14.3000 0.340 0.310 0.290
v 13.6021 27.7901 -14.3000 0.340 0.310 0.290
v 13.6021 27.7901 -12.7000 0.340 0.310 0.290
v -13.6021 2.9099 -12.7000 0.340 0.310 0.290
v -13.6021 2.9099 -14.3000 0.340 0.310 0.290
v -13.3979 2.6901 -14.3000 0.340 0.310 0.290
v -13.3979 2.6901 -12.7000 0.340 0.310 0.290
v 12.6000 27.7900 -12.8000 0.580 0.540 0.500
v 14.4000 27.7900 -12.8000 0.580 0.540 0.500
v 14.4000 28.0100 -12.8000 0.580 0.540 0.500
v 12.6000 28.0100 -12.8000 0.580 0.540 0.500
v 14.4000 27.7900 -14.2000 0.580 0.540 0.500
v 12.6000 27.7900 -14.2000 0.580 0.540 0.500
v 12.6000 28.0100 -14.2000 0.580 0.540 0.500
v 14.4000 28.0100 -14.2000 0.580 0.540 0.500
v 12.6000 28.0100 -14.2000 0.580 0.540 0.500
v 14.4000 28.0100 -14.2000 0.580 0.540 0.500
v 14.4000 28.0100 -12.8000 0.580 0.540 0.500
v 12.6000 28.0100 -12.8000 0.580 0.540 0.500
v 12.6000 27.7900 -14.2000 0.580 0.540 0.500
v 14.4000 27.7900 -14.2000 0.580 0.540 0.500
v 14.4000 27.7900 -12.8000 0.580 0.540 0.500
v 12.6000 27.7900 -12.8000 0.580 0.540 0.500
v 14.4000 27.7900 -12.8000 0.580 0.540 0.500
v 14.4000 27.7900 -14.2000 0.580 0.540 0.500
v 14.4000 28.0100 -14.2000 0.580 0.540 0.500
v 14.4000 28.0100 -12.8000 0.580 0.540 0.500
v 12.6000 27.7900 -14.2000 0.580 0.540 0.500
v 12.6000 27.7900 -12.8000 0.580 0.540 0.500
v 12.6000 28.0100 -12.8000 0.580 0.540 0.500
v 12.6000 28.0100 -14.2000 0.580 0.540 0.500
v 11.4750 26.7442 -12.8000 0.580 0.540 0.500
v 13.2750 26.7442 -12.8000 0.580 0.540 0.500
v 13.2750 26.9642 -12.8000 0.580 0.540 0.500
v 11.4750 26.9642 -12.8000 0.580 0.540 0.500
v 13.2750 26.7442 -14.2000 0.580 0.540 0.500
v 11.4750 26.7442 -14.2000 0.580 0.540 0.500
v 11.4750 26.9642 -14.2000 0.580 0.540 0.500
v 13.2750 26.9642 -14.2000 0.580 0.540 0.500
v 11.4750 26.9642 -14.2000 0.580 0.540 0.500
v 13.2750 26.9642 -14.2000 0.580 0.540 0.500
v 13.2750 26.9642 -12.8000 0.580 0.540 0.500
v 11.4750 26.9642 -12.8000 0.580 0.540 0.500
v 11.4750 26.7442 -14.2000 0.580 0.540 0.500
v 13.2750 26.7442 -14.2000 0.580 0.540 0.500
v 13.2750 26.7442 -12.8000 0.580 0.540 0.500
v 11.4750 26.7442 -12.8000 0.580 0.540 0.500
v 13.2750 26.7442 -12.8000 0.580 0.540 0.500
v 13.2750 26.7442 -14.2000 0.580 0.540 0.500
v 13.2750 26.9642 -14.2000 0.580 0.540 0.500
v 13.2750 26.9642 -12.8000 0.580 0.540 0.500
v 11.4750 26.7442 -14.2000 0.580 0.540 0.500
v 11.4750 26.7442 -12.8000 0.580 0.540 0.500
v 11.4750 26.9642 -12.8000 0.580 0.540 0.500
v 11.4750 26.9642 -14.2000 0.580 0.540 0.500
v 10.3500 25.6983 -12.8000 0.580 0.540 0.500
v 12.1500 25.6983 -12.8000 0.580 0.540 0.500
v 12.1500 25.9183 -12.8000 0.580 0.540 0.500
v 10.3500 25.9183 -12.8000 0.580 0.540 0.500
v 12.1500 25.6983 -14.2000 0.580 0.540 0.500
v 10.3500 25.6983 -14.2000 0.580 0.540 0.500
v 10.3500 25.9183 -14.2000 0.580 0.540 0.500
v 12.1500 25.9183 -14.2000 0.580 0.540 0.500
v 10.3500 25.9183 -14.2000 0.580 0.540 0.500
v 12.1500 25.9183 -14.2000 0.580 0.540 0.500
v 12.1500 25.9183 -12.8000 0.580 0.540 0.500
v 10.3500 25.9183 -12.8000 0.580 0.540 0.500
v 10.3500 25.6983 -14.2000 0.580 0.540 0.500
v 12.1500 25.6983 -14.2000 0.580 0.540 0.500
v 12.1500 25.6983 -12.8000 0.580 0.540 0.500
v 10.3500 25.6983 -12.8000 0.580 0.540 0.500
v 12.1500 25.6983 -12.8000 0.580 0.540 0.500
v 12.1500 25.6983 -14.2000 0.580 0.540 0.500
v 12.1500 25.9183 -14.2000 0.580 0.540 0.500
v 12.1500 25.9183 -12.8000 0.580 0.540 0.500
v 10.3500 25.6983 -14.2000 0.580 0.540 0.500
v 10.3500 25.6983 -12.8000 0.580 0.540 0.500
v 10.3500 25.9183 -12.8000 0.580 0.540 0.500
v 10.3500 25.9183 -14.2000 0.580 0.540 0.500
v 9.2250 24.6525 -12.8000 0.580 0.540 0.500
v 11.0250 24.6525 -12.8000 0.580 0.540 0.500
v 11.0250 24.8725 -12.8000 0.580 0.540 0.500
v 9.2250 24.8725 -12.8000 0.580 0.540 0.500
v 11.0250 24.6525 -14.2000 0.580 0.540 0.500
v 9.2250 24.6525 -14.2000 0.580 0.540 0.500
v 9.2250 24.8725 -14.2000 0.580 0.540 0.500
v 11.0250 24.8725 -14.2000 0.580 0.540 0.500
v 9.2250 24.8725 -14.2000 0.580 0.540 0.500
v 11.0250 24.8725 -14.2000 0.580 0.540 0.500
v 11.0250 24.8725 -12.8000 0.580 0.540 0.500
v 9.2250 24.8725 -12.8000 0.580 0.540 0.500
v 9.2250 24.6525 -14.2000 0.580 0.540 0.500
v 11.0250 24.6525 -14.2000 0.580 0.540 0.500
v 11.0250 24.6525 -12.8000 0.580 0.540 0.500
v 9.2250 24.6525 -12.8000 0.580 0.540 0.500
v 11.0250 24.6525 -12.8000 0.580 0.540 0.500
v 11.0250 24.6525 -14.2000 0.580 0.540 0.500
v 11.0250 24.8725 -14.2000 0.580 0.540 0.500
v 11.0250 24.8725 -12.8000 0.580 0.540 0.500
v 9.2250 24.6525 -14.2000 0.580 0.540 0.500
v 9.2250 24.6525 -12.8000 0.580 0.540 0.500
v 9.2250 24.8725 -12.8000 0.580 0.540 0.500
v 9.2250 24.8725 -14.2000 0.580 0.540 0.500
v 8.1000 23.6067 -12.8000 0.580 0.540 0.500
v 9.9000 23.6067 -12.8000 0.580 0.540 0.500
v 9.9000 23.8267 -12.8000 0.580 0.540 0.500
v 8.1000 23.8267 -12.8000 0.580 0.540 0.500
v 9.9000 23.6067 -14.2000 0.580 0.540 0.500
v 8.1000 23.6067 -14.2000 0.580 0.540 0.500
v 8.1000 23.8267 -14.2000 0.580 0.540 0.500
v 9.9000 23.8267 -14.2000 0.580 0.540 0.500
v 8.1000 23.8267 -14.2000 0.580 0.540 0.500
v 9.9000 23.8267 -14.2000 0.580 0.540 0.500
v 9.9000 23.8267 -12.8000 0.580 0.540 0.500
v 8.1000 23.8267 -12.8000 0.580 0.540 0.500
v 8.1000 23.6067 -14.2000 0.580 0.540 0.500
v 9.9000 23.6067 -14.2000 0.580 0.540 0.500
v 9.9000 23.6067 -12.8000 0.580 0.540 0.500
v 8.1000 23.6067 -12.8000 0.580 0.540 0.500
v 9.9000 23.6067 -12.8000 0.580 0.540 0.500
v 9.9000 23.6067 -14.2000 0.580 0.540 0.500
v 9.9000 23.8267 -14.2000 0.580 0.540 0.500
v 9.9000 23.8267 -12.8000 0.580 0.540 0.500
v 8.1000 23.6067 -14.2000 0.580 0.540 0.500
v 8.1000 23.6067 -12.8000 0.580 0.540 0.500
v 8.1000 23.8267 -12.8000 0.580 0.540 0.500
v 8.1000 23.8267 -14.2000 0.580 0.540 0.500
v 6.9750 22.5608 -12.8000 0.580 0.540 0.500
v 8.7750 22.5608 -12.8000 0.580 0.540 0.500
v 8.7750 22.7808 -12.8000 0.580 0.540 0.500
v 6.9750 22.7808 -12.8000 0.580 0.540 0.500
v 8.7750 22.5608 -14.2000 0.580 0.540 0.500
v 6.9750 22.5608 -14.2000 0.580 0.540 0.500
v 6.9750 22.7808 -14.2000 0.580 0.540 0.500
v 8.7750 22.7808 -14.2000 0.580 0.540 0.500
v 6.9750 22.7808 -14.2000 0.580 0.540 0.500
v 8.7750 22.7808 -14.2000 0.580 0.540 0.500
v 8.7750 22.7808 -12.8000 0.580 0.540 0.500
v 6.9750 22.7808 -12.8000 0.580 0.540 0.500
v 6.9750 22.5608 -14.2000 0.580 0.540 0.500
v 8.7750 22.5608 -14.2000 0.580 0.540 0.500
v 8.7750 22.5608 -12.8000 0.580 0.540 0.500
v 6.9750 22.5608 -12.8000 0.580 0.540 0.500
v 8.7750 22.5608 -12.8000 0.580 0.540 0.500
v 8.7750 22.5608 -14.2000 0.580 0.540 0.500
v 8.7750 22.7808 -14.2000 0.580 0.540 0.500
v 8.7750 22.7808 -12.8000 0.580 0.540 0.500
v 6.9750 22.5608 -14.2000 0.580 0.540 0.500
v 6.9750 22.5608 -12.8000 0.580 0.540 0.500
v 6.9750 22.7808 -12.8000 0.580 0.540 0.500
v 6.9750 22.7808 -14.2000 0.580 0.540 0.500
v 5.8500 21.5150 -12.8000 0.580 0.540 0.500
v 7.6500 21.5150 -12.8000 0.580 0.540 0.500
v 7.6500 21.7350 -12.8000 0.580 0.540 0.500
v 5.8500 21.7350 -12.8000 0.580 0.540 0.500
v 7.6500 21.5150 -14.2000 0.580 0.540 0.500
v 5.8500 21.5150 -14.2000 0.580 0.540 0.500
v 5.8500 21.7350 -14.2000 0.580 0.540 0.500
v 7.6500 21.7350 -14.2000 0.580 0.540 0.500
v 5.8500 21.7350 -14.2000 0.580 0.540 0.500
v 7.6500 21.7350 -14.2000 0.580 0.540 0.500
v 7.6500 21.7350 -12.8000 0.580 0.540 0.500
v 5.8500 21.7350 -12.8000 0.580 0.540 0.500
v 5.8500 21.5150 -14.2000 0.580 0.540 0.500
v 7.6500 21.5150 -14.2000 0.580 0.540 0.500
v 7.6500 21.5150 -12.8000 0.580 0.540 0.500
v 5.8500 21.5150 -12.8000 0.580 0.540 0.500
v 7.6500 21.5150 -12.8000 0.580 0.540 0.500
v 7.6500 21.5150 -14.2000 0.580 0.540 0.500
v 7.6500 21.7350 -14.2000 0.580 0.540 0.500
v 7.6500 21.7350 -12.8000 0.580 0.540 0.500
v 5.8500 21.5150 -14.2000 0.580 0.540 0.500
v 5.8500 21.5150 -12.8000 0.580 0.540 0.500
v 5.8500 21.7350 -12.8000 0.580 0.540 0.500
v 5.8500 21.7350 -14.2000 0.580 0.540 0.500
v 4.7250 20.4692 -12.8000 0.580 0.540 0.500
v 6.5250 20.4692 -12.8000 0.580 0.540 0.500
v 6.5250 20.6892 -12.8000 0.580 0.540 0.500
v 4.7250 20.6892 -12.8000 0.580 0.540 0.500
v 6.5250 20.4692 -14.2000 0.580 0.540 0.500
v 4.7250 20.4692 -14.2000 0.580 0.540 0.500
v 4.7250 20.6892 -14.2000 0.580 0.540 0.500
v 6.5250 20.6892 -14.2000 0.580 0.540 0.500
v 4.7250 20.6892 -14.2000 0.580 0.540 0.500
v 6.5250 20.6892 -14.2000 0.580 0.540 0.500
v 6.5250 20.6892 -12.8000 0.580 0.540 0.500
v 4.7250 20.6892 -12.8000 0.580 0.540 0.500
v 4.7250 20.4692 -14.2000 0.580 0.540 0.500
v 6.5250 20.4692 -14.2000 0.580 0.540 0.500
v 6.5250 20.4692 -12.8000 0.580 0.540 0.500
v 4.7250 20.4692 -12.8000 0.580 0.540 0.500
v 6.5250 20.4692 -12.8000 0.580 0.540 0.500
v 6.5250 20.4692 -14.2000 0.580 0.540 0.500
v 6.5250 20.6892 -14.2000 0.580 0.540 0.500
v 6.5250 20.6892 -12.8000 0.580 0.540 0.500
v 4.7250 20.4692 -14.2000 0.580 0.540 0.500
v 4.7250 20.4692 -12.8000 0.580 0.540 0.500
v 4.7250 20.6892 -12.8000 0.580 0.540 0.500
v 4.7250 20.6892 -14.2000 0.580 0.540 0.500
v 3.6000 19.4233 -12.8000 0.580 0.540 0.500
v 5.4000 19.4233 -12.8000 0.580 0.540 0.500
v 5.4000 19.6433 -12.8000 0.580 0.540 0.500
v 3.6000 19.6433 -12.8000 0.580 0.540 0.500
v 5.4000 19.4233 -14.2000 0.580 0.540 0.500
v 3.6000 19.4233 -14.2000 0.580 0.540 0.500
v 3.6000 19.6433 -14.2000 0.580 0.540 0.500
v 5.4000 19.6433 -14.2000 0.580 0.540 0.500
v 3.6000 19.6433 -14.2000 0.580 0.540 0.500
v 5.4000 19.6433 -14.2000 0.580 0.540 0.500
v 5.4000 19.6433 -12.8000 0.580 0.540 0.500
v 3.6000 19.6433 -12.8000 0.580 0.540 0.500
v 3.6000 19.4233 -14.2000 0.580 0.540 0.500
v 5.4000 19.4233 -14.2000 0.580 0.540 0.500
v 5.4000 19.4233 -12.8000 0.580 0.540 0.500
v 3.6000 19.4233 -12.8000 0.580 0.540 0.500
v 5.4000 19.4233 -12.8000 0.580 0.540 0.500
v 5.4000 19.4233 -14.2000 0.580 0.540 0.500
v 5.4000 19.6433 -14.2000 0.580 0.540 0.500
v 5.4000 19.6433 -12.8000 0.580 0.540 0.500
v 3.6000 19.4233 -14.2000 0.580 0.540 0.500
v 3.6000 19.4233 -12.8000 0.580 0.540 0.500
v 3.6000 19.6433 -12.8000 0.580 0.540 0.500
v 3.6000 19.6433 -14.2000 0.580 0.540 0.500
v 2.4750 18.3775 -12.8000 0.580 0.540 0.500
v 4.2750 18.3775 -12.8000 0.580 0.540 0.500
v 4.2750 18.5975 -12.8000 0.580 0.540 0.500
v 2.4750 18.5975 -12.8000 0.580 0.540 0.500
v 4.2750 18.3775 -14.2000 0.580 0.540 0.500
v 2.4750 18.3775 -14.2000 0.580 0.540 0.500
v 2.4750 18.5975 -14.2000 0.580 0.540 0.500
v 4.2750 18.5975 -14.2000 0.580 0.540 0.500
v 2.4750 18.5975 -14.2000 0.580 0.540 0.500
v 4.2750 18.5975 -14.2000 0.580 0.540 0.500
v 4.2750 18.5975 -12.8000 0.580 0.540 0.500
v 2.4750 18.5975 -12.8000 0.580 0.540 0.500
v 2.4750 18.3775 -14.2000 0.580 0.540 0.500
v 4.2750 18.3775 -14.2000 0.580 0.540 0.500
v 4.2750 18.3775 -12.8000 0.580 0.540 0.500
v 2.4750 18.3775 -12.8000 0.580 0.540 0.500
v 4.2750 18.3775 -12.8000 0.580 0.540 0.500
v 4.2750 18.3775 -14.2000 0.580 0.540 0.500
v 4.2750 18.5975 -14.2000 0.580 0.540 0.500
v 4.2750 18.5975 -12.8000 0.580 0.540 0.500
v 2.4750 18.3775 -14.2000 0.580 0.540 0.500
v 2.4750 18.3775 -12.8000 0.580 0.540 0.500
v 2.4750 18.5975 -12.8000 0.580 0.540 0.500
v 2.4750 18.5975 -14.2000 0.580 0.540 0.500
v 1.3500 17.3317 -12.8000 0.580 0.540 0.500
v 3.1500 17.3317 -12.8000 0.580 0.540 0.500
v 3.1500 17.5517 -12.8000 0.580 0.540 0.500
v 1.3500 17.5517 -12.8000 0.580 0.540 0.500
v 3.1500 17.3317 -14.2000 0.580 0.540 0.500
v 1.3500 17.3317 -14.2000 0.580 0.540 0.500
v 1.3500 17.5517 -14.2000 0.580 0.540 0.500
v 3.1500 17.5517 -14.2000 0.580 0.540 0.500
v 1.3500 17.5517 -14.2000 0.580 0.540 0.500
v 3.1500 17.5517 -14.2000 0.580 0.540 0.500
v 3.1500 17.5517 -12.8000 0.580 0.540 0.500
v 1.3500 17.5517 -12.8000 0.580 0.540 0.500
v 1.3500 17.3317 -14.2000 0.580 0.540 0.500
v 3.1500 17.3317 -14.2000 0.580 0.540 0.500
v 3.1500 17.3317 -12.8000 0.580 0.540 0.500
v 1.3500 17.3317 -12.8000 0.580 0.540 0.500
v 3.1500 17.3317 -12.8000 0.580 0.540 0.500
v 3.1500 17.3317 -14.2000 0.580 0.540 0.500
v 3.1500 17.5517 -14.2000 0.580 0.540 0.500
v 3.1500 17.5517 -12.8000 0.580 0.540 0.500
v 1.3500 17.3317 -14.2000 0.580 0.540 0.500
v 1.3500 17.3317 -12.8000 0.580 0.540 0.500
v 1.3500 17.5517 -12.8000 0.580 0.540 0.500
v 1.3500 17.5517 -14.2000 0.580 0.540 0.500
v 0.2250 16.2858 -12.8000 0.580 0.540 0.500
v 2.0250 16.2858 -12.8000 0.580 0.540 0.500
v 2.0250 16.5058 -12.8000 0.580 0.540 0.500
v 0.2250 16.5058 -12.8000 0.580 0.540 0.500
v 2.0250 16.2858 -14.2000 0.580 0.540 0.500
v 0.2250 16.2858 -14.2000 0.580 0.540 0.500
v 0.2250 16.5058 -14.2000 0.580 0.540 0.500
v 2.0250 16.5058 -14.2000 0.580 0.540 0.500
v 0.2250 16.5058 -14.2000 0.580 0.540 0.500
v 2.0250 16.5058 -14.2000 0.580 0.540 0.500
v 2.0250 16.5058 -12.8000 0.580 0.540 0.500
v 0.2250 16.5058 -12.8000 0.580 0.540 0.500
v 0.2250 16.2858 -14.2000 0.580 0.540 0.500
v 2.0250 16.2858 -14.2000 0.580 0.540 0.500
v 2.0250 16.2858 -12.8000 0.580 0.540 0.500
v 0.2250 16.2858 -12.8000 0.580 0.540 0.500
v 2.0250 16.2858 -12.8000 0.580 0.540 0.500
v 2.0250 16.2858 -14.2000 0.580 0.540 0.500
v 2.0250 16.5058 -14.2000 0.580 0.540 0.500
v 2.0250 16.5058 -12.8000 0.580 0.540 0.500
v 0.2250 16.2858 -14.2000 0.580 0.540 0.500
v 0.2250 16.2858 -12.8000 0.580 0.540 0.500
v 0.2250 16.5058 -12.8000 0.580 0.540 0.500
v 0.2250 16.5058 -14.2000 0.580 0.540 0.500
v -0.9000 15.2400 -12.8000 0.580 0.540 0.500
v 0.9000 15.2400 -12.8000 0.580 0.540 0.500
v 0.9000 15.4600 -12.8000 0.580 0.540 0.500
v -0.9000 15.4600 -12.8000 0.580 0.540 0.500
v 0.9000 15.2400 -14.2000 0.580 0.540 0.500
v -0.9000 15.2400 -14.2000 0.580 0.540 0.500
v -0.9000 15.4600 -14.2000 0.580 0.540 0.500
v 0.9000 15.4600 -14.2000 0.580 0.540 0.500
v -0.9000 15.4600 -14.2000 0.580 0.540 0.500
v 0.9000 15.4600 -14.2000 0.580 0.540 0.500
v 0.9000 15.4600 -12.8000 0.580 0.540 0.500
v -0.9000 15.4600 -12.8000 0.580 0.540 0.500
v -0.9000 15.2400 -14.2000 0.580 0.540 0.500
v 0.9000 15.2400 -14.2000 0.580 0.540 0.500
v 0.9000 15.2400 -12.8000 0.580 0.540 0.500
v -0.9000 15.2400 -12.8000 0.580 0.540 0.500
v 0.9000 15.2400 -12.8000 0.580 0.540 0.500
v 0.9000 15.2400 -14.2000 0.580 0.540 0.500
v 0.9000 15.4600 -14.2000 0.580 0.540 0.500
v 0.9000 15.4600 -12.8000 0.580 0.540 0.500
v -0.9000 15.2400 -14.2000 0.580 0.540 0.500
v -0.9000 15.2400 -12.8000 0.580 0.540 0.500
v -0.9000 15.4600 -12.8000 0.580 0.540 0.500
v -0.9000 15.4600 -14.2000 0.580 0.540 0.500
v -2.0250 14.1942 -12.8000 0.580 0.540 0.500
v -0.2250 14.1942 -12.8000 0.580 0.540 0.500
v -0.2250 14.4142 -12.8000 0.580 0.540 0.500
v -2.0250 14.4142 -12.8000 0.580 0.540 0.500
v -0.2250 14.1942 -14.2000 0.580 0.540 0.500
v -2.0250 14.1942 -14.2000 0.580 0.540 0.500
v -2.0250 14.4142 -14.2000 0.580 0.540 0.500
v -0.2250 14.4142 -14.2000 0.580 0.540 0.500
v -2.0250 14.4142 -14.2000 0.580 0.540 0.500
v -0.2250 14.4142 -14.2000 0.580 0.540 0.500
v -0.2250 14.4142 -12.8000 0.580 0.540 0.500
v -2.0250 14.4142 -12.8000 0.580 0.540 0.500
v -2.0250 14.1942 -14.2000 0.580 0.540 0.500
v -0.2250 14.1942 -14.2000 0.580 0.540 0.500
v -0.2250 14.1942 -12.8000 0.580 0.540 0.500
v -2.0250 14.1942 -12.8000 0.580 0.540 0.500
v -0.2250 14.1942 -12.8000 0.580 0.540 0.500
v -0.2250 14.1942 -14.2000 0.580 0.540 0.500
v -0.2250 14.4142 -14.2000 0.580 0.540 0.500
v -0.2250 14.4142 -12.8000 0.580 0.540 0.500
v -2.0250 14.1942 -14.2000 0.580 0.540 0.500
v -2.0250 14.1942 -12.8000 0.580 0.540 0.500
v -2.0250 14.4142 -12.8000 0.580 0.540 0.500
v -2.0250 14.4142 -14.2000 0.580 0.540 0.500
v -3.1500 13.1483 -12.8000 0.580 0.540 0.500
v -1.3500 13.1483 -12.8000 0.580 0.540 0.500
v -1.3500 13.3683 -12.8000 0.580 0.540 0.500
v -3.1500 13.3683 -12.8000 0.580 0.540 0.500
v -1.3500 13.1483 -14.2000 0.580 0.540 0.500
v -3.1500 13.1483 -14.2000 0.580 0.540 0.500
v -3.1500 13.3683 -14.2000 0.580 0.540 0.500
v -1.3500 13.3683 -14.2000 0.580 0.540 0.500
v -3.1500 13.3683 -14.2000 0.580 0.540 0.500
v -1.3500 13.3683 -14.2000 0.580 0.540 0.500
v -1.3500 13.3683 -12.8000 0.580 0.540 0.500
v -3.1500 13.3683 -12.8000 0.580 0.540 0.500
v -3.1500 13.1483 -14.2000 0.580 0.540 0.500
v -1.3500 13.1483 -14.2000 0.580 0.540 0.500
v -1.3500 13.1483 -12.8000 0.580 0.540 0.500
v -3.1500 13.1483 -12.8000 0.580 0.540 0.500
v -1.3500 13.1483 -12.8000 0.580 0.540 0.500
v -1.3500 13.1483 -14.2000 0.580 0.540 0.500
v -1.3500 13.3683 -14.2000 0.580 0.540 0.500
v -1.3500 13.3683 -12.8000 0.580 0.540 0.500
v -3.1500 13.1483 -14.2000 0.580 0.540 0.500
v -3.1500 13.1483 -12.8000 0.580 0.540 0.500
v -3.1500 13.3683 -12.8000 0.580 0.540 0.500
v -3.1500 13.3683 -14.2000 0.580 0.540 0.500
v -4.2750 12.1025 -12.8000 0.580 0.540 0.500
v -2.4750 12.1025 -12.8000 0.580 0.540 0.500
v -2.4750 12.3225 -12.8000 0.580 0.540 0.500
v -4.2750 12.3225 -12.8000 0.580 0.540 0.500
v -2.4750 12.1025 -14.2000 0.580 0.540 0.500
v -4.2750 12.1025 -14.2000 0.580 0.540 0.500
v -4.2750 12.3225 -14.2000 0.580 0.540 0.500
v -2.4750 12.3225 -14.2000 0.580 0.540 0.500
v -4.2750 12.3225 -14.2000 0.580 0.540 0.500
v -2.4750 12.3225 -14.2000 0.580 0.540 0.500
v -2.4750 12.3225 -12.8000 0.580 0.540 0.500
v -4.2750 12.3225 -12.8000 0.580 0.540 0.500
v -4.2750 12.1025 -14.2000 0.580 0.540 0.500
v -2.4750 12.1025 -14.2000 0.580 0.540 0.500
v -2.4750 12.1025 -12.8000 0.580 0.540 0.500
v -4.2750 12.1025 -12.8000 0.580 0.540 0.500
v -2.4750 12.1025 -12.8000 0.580 0.540 0.500
v -2.4750 12.1025 -14.2000 0.580 0.540 0.500
v -2.4750 12.3225 -14.2000 0.580 0.540 0.500
v -2.4750 12.3225 -12.8000 0.580 0.540 0.500
v -4.2750 12.1025 -14.2000 0.580 0.540 0.500
v -4.2750 12.1025 -12.8000 0.580 0.540 0.500
v -4.2750 12.3225 -12.8000 0.580 0.540 0.500
v -4.2750 12.3225 -14.2000 0.580 0.540 0.500
v -5.4000 11.0567 -12.8000 0.580 0.540 0.500
v -3.6000 11.0567 -12.8000 0.580 0.540 0.500
v -3.6000 11.2767 -12.8000 0.580 0.540 0.500
v -5.4000 11.2767 -12.8000 0.580 0.540 0.500
v -3.6000 11.0567 -14.2000 0.580 0.540 0.500
v -5.4000 11.0567 -14.2000 0.580 0.540 0.500
v -5.4000 11.2767 -14.2000 0.580 0.540 0.500
v -3.6000 11.2767 -14.2000 0.580 0.540 0.500
v -5.4000 11.2767 -14.2000 0.580 0.540 0.500
v -3.6000 11.2767 -14.2000 0.580 0.540 0.500
v -3.6000 11.2767 -12.8000 0.580 0.540 0.500
v -5.4000 11.2767 -12.8000 0.580 0.540 0.500
v -5.4000 11.0567 -14.2000 0.580 0.540 0.500
v -3.6000 11.0567 -14.2000 0.580 0.540 0.500
v -3.6000 11.0567 -12.8000 0.580 0.540 0.500
v -5.4000 11.0567 -12.8000 0.580 0.540 0.500
v -3.6000 11.0567 -12.8000 0.580 0.540 0.500
v -3.6000 11.0567 -14.2000 0.580 0.540 0.500
v -3.6000 11.2767 -14.2000 0.580 0.540 0.500
v -3.6000 11.2767 -12.8000 0.580 0.540 0.500
v -5.4000 11.0567 -14.2000 0.580 0.540 0.500
v -5.4000 11.0567 -12.8000 0.580 0.540 0.500
v -5.4000 11.2767 -12.8000 0.580 0.540 0.500
v -5.4000 11.2767 -14.2000 0.580 0.540 0.500
v -6.5250 10.0108 -12.8000 0.580 0.540 0.500
v -4.7250 10.0108 -12.8000 0.580 0.540 0.500
v -4.7250 10.2308 -12.8000 0.580 0.540 0.500
v -6.5250 10.2308 -12.8000 0.580 0.540 0.500
v -4.7250 10.0108 -14.2000 0.580 0.540 0.500
v -6.5250 10.0108 -14.2000 0.580 0.540 0.500
v -6.5250 10.2308 -14.2000 0.580 0.540 0.500
v -4.7250 10.2308 -14.2000 0.580 0.540 0.500
v -6.5250 10.2308 -14.2000 0.580 0.540 0.500
v -4.7250 10.2308 -14.2000 0.580 0.540 0.500
v -4.7250 10.2308 -12.8000 0.580 0.540 0.500
v -6.5250 10.2308 -12.8000 0.580 0.540 0.500
v -6.5250 10.0108 -14.2000 0.580 0.540 0.500
v -4.7250 10.0108 -14.2000 0.580 0.540 0.500
v -4.7250 10.0108 -12.8000 0.580 0.540 0.500
v -6.5250 10.0108 -12.8000 0.580 0.540 0.500
v -4.7250 10.0108 -12.8000 0.580 0.540 0.500
v -4.7250 10.0108 -14.2000 0.580 0.540 0.500
v -4.7250 10.2308 -14.2000 0.580 0.540 0.500
v -4.7250 10.2308 -12.8000 0.580 0.540 0.500
v -6.5250 10.0108 -14.2000 0.580 0.540 0.500
v -6.5250 10.0108 -12.8000 0.580 0.540 0.500
v -6.5250 10.2308 -12.8000 0.580 0.540 0.500
v -6.5250 10.2308 -14.2000 0.580 0.540 0.500
v -7.6500 8.9650 -12.8000 0.580 0.540 0.500
v -5.8500 8.9650 -12.8000 0.580 0.540 0.500
v -5.8500 9.1850 -12.8000 0.580 0.540 0.500
v -7.6500 9.1850 -12.8000 0.580 0.540 0.500
v -5.8500 8.9650 -14.2000 0.580 0.540 0.500
v -7.6500 8.9650 -14.2000 0.580 0.540 0.500
v -7.6500 9.1850 -14.2000 0.580 0.540 0.500
v -5.8500 9.1850 -14.2000 0.580 0.540 0.500
v -7.6500 9.1850 -14.2000 0.580 0.540 0.500
v -5.8500 9.1850 -14.2000 0.580 0.540 0.500
v -5.8500 9.1850 -12.8000 0.580 0.540 0.500
v -7.6500 9.1850 -12.8000 0.580 0.540 0.500
v -7.6500 8.9650 -14.2000 0.580 0.540 0.500
v -5.8500 8.9650 -14.2000 0.580 0.540 0.500
v -5.8500 8.9650 -12.8000 0.580 0.540 0.500
v -7.6500 8.9650 -12.8000 0.580 0.540 0.500
v -5.8500 8.9650 -12.8000 0.580 0.540 0.500
v -5.8500 8.9650 -14.2000 0.580 0.540 0.500
v -5.8500 9.1850 -14.2000 0.580 0.540 0.500
v -5.8500 9.1850 -12.8000 0.580 0.540 0.500
v -7.6500 8.9650 -14.2000 0.580 0.540 0.500
v -7.6500 8.9650 -12.8000 0.580 0.540 0.500
v -7.6500 9.1850 -12.8000 0.580 0.540 0.500
v -7.6500 9.1850 -14.2000 0.580 0.540 0.500
v -8.7750 7.9192 -12.8000 0.580 0.540 0.500
v -6.9750 7.9192 -12.8000 0.580 0.540 0.500
v -6.9750 8.1392 -12.8000 0.580 0.540 0.500
v -8.7750 8.1392 -12.8000 0.580 0.540 0.500
v -6.9750 7.9192 -14.2000 0.580 0.540 0.500
v -8.7750 7.9192 -14.2000 0.580 0.540 0.500
v -8.7750 8.1392 -14.2000 0.580 0.540 0.500
v -6.9750 8.1392 -14.2000 0.580 0.540 0.500
v -8.7750 8.1392 -14.2000 0.580 0.540 0.500
v -6.9750 8.1392 -14.2000 0.580 0.540 0.500
v -6.9750 8.1392 -12.8000 0.580 0.540 0.500
v -8.7750 8.1392 -12.8000 0.580 0.540 0.500
v -8.7750 7.9192 -14.2000 0.580 0.540 0.500
v -6.9750 7.9192 -14.2000 0.580 0.540 0.500
v -6.9750 7.9192 -12.8000 0.580 0.540 0.500
v -8.7750 7.9192 -12.8000 0.580 0.540 0.500
v -6.9750 7.9192 -12.8000 0.580 0.540 0.500
v -6.9750 7.9192 -14.2000 0.580 0.540 0.500
v -6.9750 8.1392 -14.2000 0.580 0.540 0.500
v -6.9750 8.1392 -12.8000 0.580 0.540 0.500
v -8.7750 7.9192 -14.2000 0.580 0.540 0.500
v -8.7750 7.9192 -12.8000 0.580 0.540 0.500
v -8.7750 8.1392 -12.8000 0.580 0.540 0.500
v -8.7750 8.1392 -14.2000 0.580 0.540 0.500
v -9.9000 6.8733 -12.8000 0.580 0.540 0.500
v -8.1000 6.8733 -12.8000 0.580 0.540 0.500
v -8.1000 7.0933 -12.8000 0.580 0.540 0.500
v -9.9000 7.0933 -12.8000 0.580 0.540 0.500
v -8.1000 6.8733 -14.2000 0.580 0.540 0.500
v -9.9000 6.8733 -14.2000 0.580 0.540 0.500
v -9.9000 7.0933 -14.2000 0.580 0.540 0.500
v -8.1000 7.0933 -14.2000 0.580 0.540 0.500
v -9.9000 7.0933 -14.2000 0.580 0.540 0.500
v -8.1000 7.0933 -14.2000 0.580 0.540 0.500
v -8.1000 7.0933 -12.8000 0.580 0.540 0.500
v -9.9000 7.0933 -12.8000 0.580 0.540 0.500
v -9.9000 6.8733 -14.2000 0.580 0.540 0.500
v -8.1000 6.8733 -14.2000 0.580 0.540 0.500
v -8.1000 6.8733 -12.8000 0.580 0.540 0.500
v -9.9000 6.8733 -12.8000 0.580 0.540 0.500
v -8.1000 6.8733 -12.8000 0.580 0.540 0.500
v -8.1000 6.8733 -14.2000 0.580 0.540 0.500
v -8.1000 7.0933 -14.2000 0.580 0.540 0.500
v -8.1000 7.0933 -12.8000 0.580 0.540 0.500
v -9.9000 6.8733 -14.2000 0.580 0.540 0.500
v -9.9000 6.8733 -12.8000 0.580 0.540 0.500
v -9.9000 7.0933 -12.8000 0.580 0.540 0.500
v -9.9000 7.0933 -14.2000 0.580 0.540 0.500
v -11.0250 5.8275 -12.8000 0.580 0.540 0.500
v -9.2250 5.8275 -12.8000 0.580 0.540 0.500
v -9.2250 6.0475 -12.8000 0.580 0.540 0.500
v -11.0250 6.0475 -12.8000 0.580 0.540 0.500
v -9.2250 5.8275 -14.2000 0.580 0.540 0.500
v -11.0250 5.8275 -14.2000 0.580 0.540 0.500
v -11.0250 6.0475 -14.2000 0.580 0.540 0.500
v -9.2250 6.0475 -14.2000 0.580 0.540 0.500
v -11.0250 6.0475 -14.2000 0.580 0.540 0.500
v -9.2250 6.0475 -14.2000 0.580 0.540 0.500
v -9.2250 6.0475 -12.8000 0.580 0.540 0.500
v -11.0250 6.0475 -12.8000 0.580 0.540 0.500
v -11.0250 5.8275 -14.2000 0.580 0.540 0.500
v -9.2250 5.8275 -14.2000 0.580 0.540 0.500
v -9.2250 5.8275 -12.8000 0.580 0.540 0.500
v -11.0250 5.8275 -12.8000 0.580 0.540 0.500
v -9.2250 5.8275 -12.8000 0.580 0.540 0.500
v -9.2250 5.8275 -14.2000 0.580 0.540 0.500
v -9.2250 6.0475 -14.2000 0.580 0.540 0.500
v -9.2250 6.0475 -12.8000 0.580 0.540 0.500
v -11.0250 5.8275 -14.2000 0.580 0.540 0.500
v -11.0250 5.8275 -12.8000 0.580 0.540 0.500
v -11.0250 6.0475 -12.8000 0.580 0.540 0.500
v -11.0250 6.0475 -14.2000 0.580 0.540 0.500
v -12.1500 4.7817 -12.8000 0.580 0.540 0.500
v -10.3500 4.7817 -12.8000 0.580 0.540 0.500
v -10.3500 5.0017 -12.8000 0.580 0.540 0.500
v -12.1500 5.0017 -12.8000 0.580 0.540 0.500
v -10.3500 4.7817 -14.2000 0.580 0.540 0.500
v -12.1500 4.7817 -14.2000 0.580 0.540 0.500
v -12.1500 5.0017 -14.2000 0.580 0.540 0.500
v -10.3500 5.0017 -14.2000 0.580 0.540 0.500
v -12.1500 5.0017 -14.2000 0.580 0.540 0.500
v -10.3500 5.0017 -14.2000 0.580 0.540 0.500
v -10.3500 5.0017 -12.8000 0.580 0.540 0.500
v -12.1500 5.0017 -12.8000 0.580 0.540 0.500
v -12.1500 4.7817 -14.2000 0.580 0.540 0.500
v -10.3500 4.7817 -14.2000 0.580 0.540 0.500
v -10.3500 4.7817 -12.8000 0.580 0.540 0.500
v -12.1500 4.7817 -12.8000 0.580 0.540 0.500
v -10.3500 4.7817 -12.8000 0.580 0.540 0.500
v -10.3500 4.7817 -14.2000 0.580 0.540 0.500
v -10.3500 5.0017 -14.2000 0.580 0.540 0.500
v -10.3500 5.0017 -12.8000 0.580 0.540 0.500
v -12.1500 4.7817 -14.2000 0.580 0.540 0.500
v -12.1500 4.7817 -12.8000 0.580 0.540 0.500
v -12.1500 5.0017 -12.8000 0.580 0.540 0.500
v -12.1500 5.0017 -14.2000 0.580 0.540 0.500
v -13.2750 3.7358 -12.8000 0.580 0.540 0.500
v -11.4750 3.7358 -12.8000 0.580 0.540 0.500
v -11.4750 3.9558 -12.8000 0.580 0.540 0.500
v -13.2750 3.9558 -12.8000 0.580 0.540 0.500
v -11.4750 3.7358 -14.2000 0.580 0.540 0.500
v -13.2750 3.7358 -14.2000 0.580 0.540 0.500
v -13.2750 3.9558 -14.2000 0.580 0.540 0.500
v -11.4750 3.9558 -14.2000 0.580 0.540 0.500
v -13.2750 3.9558 -14.2000 0.580 0.540 0.500
v -11.4750 3.9558 -14.2000 0.580 0.540 0.500
v -11.4750 3.9558 -12.8000 0.580 0.540 0.500
v -13.2750 3.9558 -12.8000 0.580 0.540 0.500
v -13.2750 3.7358 -14.2000 0.580 0.540 0.500
v -11.4750 3.7358 -14.2000 0.580 0.540 0.500
v -11.4750 3.7358 -12.8000 0.580 0.540 0.500
v -13.2750 3.7358 -12.8000 0.580 0.540 0.500
v -11.4750 3.7358 -12.8000 0.580 0.540 0.500
v -11.4750 3.7358 -14.2000 0.580 0.540 0.500
v -11.4750 3.9558 -14.2000 0.580 0.540 0.500
v -11.4750 3.9558 -12.8000 0.580 0.540 0.500
v -13.2750 3.7358 -14.2000 0.580 0.540 0.500
v -13.2750 3.7358 -12.8000 0.580 0.540 0.500
v -13.2750 3.9558 -12.8000 0.580 0.540 0.500
v -13.2750 3.9558 -14.2000 0.580 0.540 0.500
v -15.7000 2.1000 -12.3000 0.340 0.310 0.290
v -14.9000 2.1000 -12.3000 0.340 0.310 0.290
v -14.9000 4.7000 -12.3000 0.340 0.310 0.290
v -15.7000 4.7000 -12.3000 0.340 0.310 0.290
v -14.9000 2.1000 -14.7000 0.340 0.310 0.290
v -15.7000 2.1000 -14.7000 0.340 0.310 0.290
v -15.7000 4.7000 -14.7000 0.340 0.310 0.290
v -14.9000 4.7000 -14.7000 0.340 0.310 0.290
v -15.7000 4.7000 -14.7000 0.340 0.310 0.290
v -14.9000 4.7000 -14.7000 0.340 0.310 0.290
v -14.9000 4.7000 -12.3000 0.340 0.310 0.290
v -15.7000 4.7000 -12.3000 0.340 0.310 0.290
v -15.7000 2.1000 -14.7000 0.340 0.310 0.290
v -14.9000 2.1000 -14.7000 0.340 0.310 0.290
v -14.9000 2.1000 -12.3000 0.340 0.310 0.290
v -15.7000 2.1000 -12.3000 0.340 0.310 0.290
v -14.9000 2.1000 -12.3000 0.340 0.310 0.290
v -14.9000 2.1000 -14.7000 0.340 0.310 0.290
v -14.9000 4.7000 -14.7000 0.340 0.310 0.290
v -14.9000 4.7000 -12.3000 0.340 0.310 0.290
v -15.7000 2.1000 -14.7000 0.340 0.310 0.290
v -15.7000 2.1000 -12.3000 0.340 0.310 0.290
v -15.7000 4.7000 -12.3000 0.340 0.310 0.290
v -15.7000 4.7000 -14.7000 0.340 0.310 0.290
v -16.3284 29.3000 13.2172 0.500 0.460 0.440
v -13.2172 29.3000 16.3284 0.500 0.460 0.440
v -13.2172 27.7000 16.3284 0.500 0.460 0.440
v -16.3284 27.7000 13.2172 0.500 0.460 0.440
v 13.2172 29.3000 -16.3284 0.500 0.460 0.440
v 16.3284 29.3000 -13.2172 0.500 0.460 0.440
v 16.3284 27.7000 -13.2172 0.500 0.460 0.440
v 13.2172 27.7000 -16.3284 0.500 0.460 0.440
v -13.4549 29.0763 10.8439 0.580 0.540 0.500
v -13.4549 29.1001 10.6252 0.580 0.540 0.500
v -13.6736 29.1237 10.6277 0.580 0.540 0.500
v -13.6736 29.0999 10.8464 0.580 0.540 0.500
v -13.1720 31.6763 11.1267 0.580 0.540 0.500
v -13.1720 31.7001 10.9080 0.580 0.540 0.500
v -13.3907 31.7237 10.9106 0.580 0.540 0.500
v -13.3907 31.6999 11.1293 0.580 0.540 0.500
v -10.6264 29.1237 13.6723 0.580 0.540 0.500
v -10.6264 29.0999 13.4536 0.580 0.540 0.500
v -10.8451 29.0763 13.4561 0.580 0.540 0.500
v -10.8451 29.1001 13.6748 0.580 0.540 0.500
v -10.9093 31.7237 13.3894 0.580 0.540 0.500
v -10.9093 31.6999 13.1707 0.580 0.540 0.500
v -11.1280 31.6763 13.1733 0.580 0.540 0.500
v -11.1280 31.7001 13.3920 0.580 0.540 0.500
v -13.1930 31.8000 10.9302 0.500 0.460 0.440
v -13.3698 31.8000 11.1070 0.500 0.460 0.440
v -13.3698 31.6000 11.1070 0.500 0.460 0.440
v -13.1930 31.6000 10.9302 0.500 0.460 0.440
v -10.9302 31.8000 13.1930 0.500 0.460 0.440
v -11.1070 31.8000 13.3698 0.500 0.460 0.440
v -11.1070 31.6000 13.3698 0.500 0.460 0.440
v -10.9302 31.6000 13.1930 0.500 0.460 0.440
v -11.0249 29.0763 8.4139 0.580 0.540 0.500
v -11.0249 29.1001 8.1952 0.580 0.540 0.500
v -11.2436 29.1237 8.1977 0.580 0.540 0.500
v -11.2436 29.0999 8.4164 0.580 0.540 0.500
v -10.7420 31.6763 8.6967 0.580 0.540 0.500
v -10.7420 31.7001 8.4780 0.580 0.540 0.500
v -10.9607 31.7237 8.4806 0.580 0.540 0.500
v -10.9607 31.6999 8.6993 0.580 0.540 0.500
v -8.1964 29.1237 11.2423 0.580 0.540 0.500
v -8.1964 29.0999 11.0236 0.580 0.540 0.500
v -8.4151 29.0763 11.0261 0.580 0.540 0.500
v -8.4151 29.1001 11.2448 0.580 0.540 0.500
v -8.4793 31.7237 10.9594 0.580 0.540 0.500
v -8.4793 31.6999 10.7407 0.580 0.540 0.500
v -8.6980 31.6763 10.7433 0.580 0.540 0.500
v -8.6980 31.7001 10.9620 0.580 0.540 0.500
v -10.7630 31.8000 8.5002 0.500 0.460 0.440
v -10.9398 31.8000 8.6770 0.500 0.460 0.440
v -10.9398 31.6000 8.6770 0.500 0.460 0.440
v -10.7630 31.6000 8.5002 0.500 0.460 0.440
v -8.5002 31.8000 10.7630 0.500 0.460 0.440
v -8.6770 31.8000 10.9398 0.500 0.460 0.440
v -8.6770 31.6000 10.9398 0.500 0.460 0.440
v -8.5002 31.6000 10.7630 0.500 0.460 0.440
v -8.5949 29.0763 5.9839 0.580 0.540 0.500
v -8.5949 29.1001 5.7652 0.580 0.540 0.500
v -8.8136 29.1237 5.7677 0.580 0.540 0.500
v -8.8136 29.0999 5.9864 0.580 0.540 0.500
v -8.3120 31.6763 6.2667 0.580 0.540 0.500
v -8.3120 31.7001 6.0480 0.580 0.540 0.500
v -8.5307 31.7237 6.0506 0.580 0.540 0.500
v -8.5307 31.6999 6.2693 0.580 0.540 0.500
v -5.7664 29.1237 8.8123 0.580 0.540 0.500
v -5.7664 29.0999 8.5936 0.580 0.540 0.500
v -5.9851 29.0763 8.5961 0.580 0.540 0.500
v -5.9851 29.1001 8.8148 0.580 0.540 0.500
v -6.0493 31.7237 8.5294 0.580 0.540 0.500
v -6.0493 31.6999 8.3107 0.580 0.540 0.500
v -6.2680 31.6763 8.3133 0.580 0.540 0.500
v -6.2680 31.7001 8.5320 0.580 0.540 0.500
v -8.3330 31.8000 6.0702 0.500 0.460 0.440
v -8.5098 31.8000 6.2470 0.500 0.460 0.440
v -8.5098 31.6000 6.2470 0.500 0.460 0.440
v -8.3330 31.6000 6.0702 0.500 0.460 0.440
v -6.0702 31.8000 8.3330 0.500 0.460 0.440
v -6.2470 31.8000 8.5098 0.500 0.460 0.440
v -6.2470 31.6000 8.5098 0.500 0.460 0.440
v -6.0702 31.6000 8.3330 0.500 0.460 0.440
v -6.1649 29.0763 3.5539 0.580 0.540 0.500
v -6.1649 29.1001 3.3352 0.580 0.540 0.500
v -6.3836 29.1237 3.3377 0.580 0.540 0.500
v -6.3836 29.0999 3.5564 0.580 0.540 0.500
v -5.8820 31.6763 3.8367 0.580 0.540 0.500
v -5.8820 31.7001 3.6180 0.580 0.540 0.500
v -6.1007 31.7237 3.6206 0.580 0.540 0.500
v -6.1007 31.6999 3.8393 0.580 0.540 0.500
v -3.3364 29.1237 6.3823 0.580 0.540 0.500
v -3.3364 29.0999 6.1636 0.580 0.540 0.500
v -3.5551 29.0763 6.1661 0.580 0.540 0.500
v -3.5551 29.1001 6.3848 0.580 0.540 0.500
v -3.6193 31.7237 6.0994 0.580 0.540 0.500
v -3.6193 31.6999 5.8807 0.580 0.540 0.500
v -3.8380 31.6763 5.8833 0.580 0.540 0.500
v -3.8380 31.7001 6.1020 0.580 0.540 0.500
v -5.9030 31.8000 3.6402 0.500 0.460 0.440
v -6.0798 31.8000 3.8170 0.500 0.460 0.440
v -6.0798 31.6000 3.8170 0.500 0.460 0.440
v -5.9030 31.6000 3.6402 0.500 0.460 0.440
v -3.6402 31.8000 5.9030 0.500 0.460 0.440
v -3.8170 31.8000 6.0798 0.500 0.460 0.440
v -3.8170 31.6000 6.0798 0.500 0.460 0.440
v -3.6402 31.6000 5.9030 0.500 0.460 0.440
v -3.7349 29.0763 1.1239 0.580 0.540 0.500
v -3.7349 29.1001 0.9052 0.580 0.540 0.500
v -3.9536 29.1237 0.9077 0.580 0.540 0.500
v -3.9536 29.0999 1.1264 0.580 0.540 0.500
v -3.4520 31.6763 1.4067 0.580 0.540 0.500
v -3.4520 31.7001 1.1880 0.580 0.540 0.500
v -3.6707 31.7237 1.1906 0.580 0.540 0.500
v -3.6707 31.6999 1.4093 0.580 0.540 0.500
v -0.9064 29.1237 3.9523 0.580 0.540 0.500
v -0.9064 29.0999 3.7336 0.580 0.540 0.500
v -1.1251 29.0763 3.7361 0.580 0.540 0.500
v -1.1251 29.1001 3.9548 0.580 0.540 0.500
v -1.1893 31.7237 3.6694 0.580 0.540 0.500
v -1.1893 31.6999 3.4507 0.580 0.540 0.500
v -1.4080 31.6763 3.4533 0.580 0.540 0.500
v -1.4080 31.7001 3.6720 0.580 0.540 0.500
v -3.4730 31.8000 1.2102 0.500 0.460 0.440
v -3.6498 31.8000 1.3870 0.500 0.460 0.440
v -3.6498 31.6000 1.3870 0.500 0.460 0.440
v -3.4730 31.6000 1.2102 0.500 0.460 0.440
v -1.2102 31.8000 3.4730 0.500 0.460 0.440
v -1.3870 31.8000 3.6498 0.500 0.460 0.440
v -1.3870 31.6000 3.6498 0.500 0.460 0.440
v -1.2102 31.6000 3.4730 0.500 0.460 0.440
v -1.3049 29.0763 -1.3061 0.580 0.540 0.500
v -1.3049 29.1001 -1.5248 0.580 0.540 0.500
v -1.5236 29.1237 -1.5223 0.580 0.540 0.500
v -1.5236 29.0999 -1.3036 0.580 0.540 0.500
v -1.0220 31.6763 -1.0233 0.580 0.540 0.500
v -1.0220 31.7001 -1.2420 0.580 0.540 0.500
v -1.2407 31.7237 -1.2394 0.580 0.540 0.500
v -1.2407 31.6999 -1.0207 0.580 0.540 0.500
v 1.5236 29.1237 1.5223 0.580 0.540 0.500
v 1.5236 29.0999 1.3036 0.580 0.540 0.500
v 1.3049 29.0763 1.3061 0.580 0.540 0.500
v 1.3049 29.1001 1.5248 0.580 0.540 0.500
v 1.2407 31.7237 1.2394 0.580 0.540 0.500
v 1.2407 31.6999 1.0207 0.580 0.540 0.500
v 1.0220 31.6763 1.0233 0.580 0.540 0.500
v 1.0220 31.7001 1.2420 0.580 0.540 0.500
v -1.0430 31.8000 -1.2198 0.500 0.460 0.440
v -1.2198 31.8000 -1.0430 0.500 0.460 0.440
v -1.2198 31.6000 -1.0430 0.500 0.460 0.440
v -1.0430 31.6000 -1.2198 0.500 0.460 0.440
v 1.2198 31.8000 1.0430 0.500 0.460 0.440
v 1.0430 31.8000 1.2198 0.500 0.460 0.440
v 1.0430 31.6000 1.2198 0.500 0.460 0.440
v 1.2198 31.6000 1.0430 0.500 0.460 0.440
v 1.1251 29.0763 -3.7361 0.580 0.540 0.500
v 1.1251 29.1001 -3.9548 0.580 0.540 0.500
v 0.9064 29.1237 -3.9523 0.580 0.540 0.500
v 0.9064 29.0999 -3.7336 0.580 0.540 0.500
v 1.4080 31.6763 -3.4533 0.580 0.540 0.500
v 1.4080 31.7001 -3.6720 0.580 0.540 0.500
v 1.1893 31.7237 -3.6694 0.580 0.540 0.500
v 1.1893 31.6999 -3.4507 0.580 0.540 0.500
v 3.9536 29.1237 -0.9077 0.580 0.540 0.500
v 3.9536 29.0999 -1.1264 0.580 0.540 0.500
v 3.7349 29.0763 -1.1239 0.580 0.540 0.500
v 3.7349 29.1001 -0.9052 0.580 0.540 0.500
v 3.6707 31.7237 -1.1906 0.580 0.540 0.500
v 3.6707 31.6999 -1.4093 0.580 0.540 0.500
v 3.4520 31.6763 -1.4067 0.580 0.540 0.500
v 3.4520 31.7001 -1.1880 0.580 0.540 0.500
v 1.3870 31.8000 -3.6498 0.500 0.460 0.440
v 1.2102 31.8000 -3.4730 0.500 0.460 0.440
v 1.2102 31.6000 -3.4730 0.500 0.460 0.440
v 1.3870 31.6000 -3.6498 0.500 0.460 0.440
v 3.6498 31.8000 -1.3870 0.500 0.460 0.440
v 3.4730 31.8000 -1.2102 0.500 0.460 0.440
v 3.4730 31.6000 -1.2102 0.500 0.460 0.440
v 3.6498 31.6000 -1.3870 0.500 0.460 0.440
v 3.5551 29.0763 -6.1661 0.580 0.540 0.500
v 3.5551 29.1001 -6.3848 0.580 0.540 0.500
v 3.3364 29.1237 -6.3823 0.580 0.540 0.500
v 3.3364 29.0999 -6.1636 0.580 0.540 0.500
v 3.8380 31.6763 -5.8833 0.580 0.540 0.500
v 3.8380 31.7001 -6.1020 0.580 0.540 0.500
v 3.6193 31.7237 -6.0994 0.580 0.540 0.500
v 3.6193 31.6999 -5.8807 0.580 0.540 0.500
v 6.3836 29.1237 -3.3377 0.580 0.540 0.500
v 6.3836 29.0999 -3.5564 0.580 0.540 0.500
v 6.1649 29.0763 -3.5539 0.580 0.540 0.500
v 6.1649 29.1001 -3.3352 0.580 0.540 0.500
v 6.1007 31.7237 -3.6206 0.580 0.540 0.500
v 6.1007 31.6999 -3.8393 0.580 0.540 0.500
v 5.8820 31.6763 -3.8367 0.580 0.540 0.500
v 5.8820 31.7001 -3.6180 0.580 0.540 0.500
v 3.8170 31.8000 -6.0798 0.500 0.460 0.440
v 3.6402 31.8000 -5.9030 0.500 0.460 0.440
v 3.6402 31.6000 -5.9030 0.500 0.460 0.440
v 3.8170 31.6000 -6.0798 0.500 0.460 0.440
v 6.0798 31.8000 -3.8170 0.500 0.460 0.440
v 5.9030 31.8000 -3.6402 0.500 0.460 0.440
v 5.9030 31.6000 -3.6402 0.500 0.460 0.440
v 6.0798 31.6000 -3.8170 0.500 0.460 0.440
v 5.9851 29.0763 -8.5961 0.580 0.540 0.500
v 5.9851 29.1001 -8.8148 0.580 0.540 0.500
v 5.7664 29.1237 -8.8123 0.580 0.540 0.500
v 5.7664 29.0999 -8.5936 0.580 0.540 0.500
v 6.2680 31.6763 -8.3133 0.580 0.540 0.500
v 6.2680 31.7001 -8.5320 0.580 0.540 0.500
v 6.0493 31.7237 -8.5294 0.580 0.540 0.500
v 6.0493 31.6999 -8.3107 0.580 0.540 0.500
v 8.8136 29.1237 -5.7677 0.580 0.540 0.500
v 8.8136 29.0999 -5.9864 0.580 0.540 0.500
v 8.5949 29.0763 -5.9839 0.580 0.540 0.500
v 8.5949 29.1001 -5.7652 0.580 0.540 0.500
v 8.5307 31.7237 -6.0506 0.580 0.540 0.500
v 8.5307 31.6999 -6.2693 0.580 0.540 0.500
v 8.3120 31.6763 -6.2667 0.580 0.540 0.500
v 8.3120 31.7001 -6.0480 0.580 0.540 0.500
v 6.2470 31.8000 -8.5098 0.500 0.460 0.440
v 6.0702 31.8000 -8.3330 0.500 0.460 0.440
v 6.0702 31.6000 -8.3330 0.500 0.460 0.440
v 6.2470 31.6000 -8.5098 0.500 0.460 0.440
v 8.5098 31.8000 -6.2470 0.500 0.460 0.440
v 8.3330 31.8000 -6.0702 0.500 0.460 0.440
v 8.3330 31.6000 -6.0702 0.500 0.460 0.440
v 8.5098 31.6000 -6.2470 0.500 0.460 0.440
v 8.4151 29.0763 -11.0261 0.580 0.540 0.500
v 8.4151 29.1001 -11.2448 0.580 0.540 0.500
v 8.1964 29.1237 -11.2423 0.580 0.540 0.500
v 8.1964 29.0999 -11.0236 0.580 0.540 0.500
v 8.6980 31.6763 -10.7433 0.580 0.540 0.500
v 8.6980 31.7001 -10.9620 0.580 0.540 0.500
v 8.4793 31.7237 -10.9594 0.580 0.540 0.500
v 8.4793 31.6999 -10.7407 0.580 0.540 0.500
v 11.2436 29.1237 -8.1977 0.580 0.540 0.500
v 11.2436 29.0999 -8.4164 0.580 0.540 0.500
v 11.0249 29.0763 -8.4139 0.580 0.540 0.500
v 11.0249 29.1001 -8.1952 0.580 0.540 0.500
v 10.9607 31.7237 -8.4806 0.580 0.540 0.500
v 10.9607 31.6999 -8.6993 0.580 0.540 0.500
v 10.7420 31.6763 -8.6967 0.580 0.540 0.500
v 10.7420 31.7001 -8.4780 0.580 0.540 0.500
v 8.6770 31.8000 -10.9398 0.500 0.460 0.440
v 8.5002 31.8000 -10.7630 0.500 0.460 0.440
v 8.5002 31.6000 -10.7630 0.500 0.460 0.440
v 8.6770 31.6000 -10.9398 0.500 0.460 0.440
v 10.9398 31.8000 -8.6770 0.500 0.460 0.440
v 10.7630 31.8000 -8.5002 0.500 0.460 0.440
v 10.7630 31.6000 -8.5002 0.500 0.460 0.440
v 10.9398 31.6000 -8.6770 0.500 0.460 0.440
v 10.8451 29.0763 -13.4561 0.580 0.540 0.500
v 10.8451 29.1001 -13.6748 0.580 0.540 0.500
v 10.6264 29.1237 -13.6723 0.580 0.540 0.500
v 10.6264 29.0999 -13.4536 0.580 0.540 0.500
v 11.1280 31.6763 -13.1733 0.580 0.540 0.500
v 11.1280 31.7001 -13.3920 0.580 0.540 0.500
v 10.9093 31.7237 -13.3894 0.580 0.540 0.500
v 10.9093 31.6999 -13.1707 0.580 0.540 0.500
v 13.6736 29.1237 -10.6277 0.580 0.540 0.500
v 13.6736 29.0999 -10.8464 0.580 0.540 0.500
v 13.4549 29.0763 -10.8439 0.580 0.540 0.500
v 13.4549 29.1001 -10.6252 0.580 0.540 0.500
v 13.3907 31.7237 -10.9106 0.580 0.540 0.500
v 13.3907 31.6999 -11.1293 0.580 0.540 0.500
v 13.1720 31.6763 -11.1267 0.580 0.540 0.500
v 13.1720 31.7001 -10.9080 0.580 0.540 0.500
v 11.1070 31.8000 -13.3698 0.500 0.460 0.440
v 10.9302 31.8000 -13.1930 0.500 0.460 0.440
v 10.9302 31.6000 -13.1930 0.500 0.460 0.440
v 11.1070 31.6000 -13.3698 0.500 0.460 0.440
v 13.3698 31.8000 -11.1070 0.500 0.460 0.440
v 13.1930 31.8000 -10.9302 0.500 0.460 0.440
v 13.1930 31.6000 -10.9302 0.500 0.460 0.440
v 13.3698 31.6000 -11.1070 0.500 0.460 0.440
v -15.6000 27.8000 15.6000 0.580 0.540 0.500
v -11.4000 27.8000 15.6000 0.580 0.540 0.500
v -11.4000 30.8000 15.6000 0.580 0.540 0.500
v -15.6000 30.8000 15.6000 0.580 0.540 0.500
v -11.4000 27.8000 11.4000 0.580 0.540 0.500
v -15.6000 27.8000 11.4000 0.580 0.540 0.500
v -15.6000 30.8000 11.4000 0.580 0.540 0.500
v -11.4000 30.8000 11.4000 0.580 0.540 0.500
v -15.6000 30.8000 11.4000 0.580 0.540 0.500
v -11.4000 30.8000 11.4000 0.580 0.540 0.500
v -11.4000 30.8000 15.6000 0.580 0.540 0.500
v -15.6000 30.8000 15.6000 0.580 0.540 0.500
v -15.6000 27.8000 11.4000 0.580 0.540 0.500
v -11.4000 27.8000 11.4000 0.580 0.540 0.500
v -11.4000 27.8000 15.6000 0.580 0.540 0.500
v -15.6000 27.8000 15.6000 0.580 0.540 0.500
v -11.4000 27.8000 15.6000 0.580 0.540 0.500
v -11.4000 27.8000 11.4000 0.580 0.540 0.500
v -11.4000 30.8000 11.4000 0.580 0.540 0.500
v -11.4000 30.8000 15.6000 0.580 0.540 0.500
v -15.6000 27.8000 11.4000 0.580 0.540 0.500
v -15.6000 27.8000 15.6000 0.580 0.540 0.500
v -15.6000 30.8000 15.6000 0.580 0.540 0.500
v -15.6000 30.8000 11.4000 0.580 0.540 0.500
v 11.4000 27.8000 -11.4000 0.580 0.540 0.500
v 15.6000 27.8000 -11.4000 0.580 0.540 0.500
v 15.6000 30.8000 -11.4000 0.580 0.540 0.500
v 11.4000 30.8000 -11.4000 0.580 0.540 0.500
v 15.6000 27.8000 -15.6000 0.580 0.540 0.500
v 11.4000 27.8000 -15.6000 0.580 0.540 0.500
v 11.4000 30.8000 -15.6000 0.580 0.540 0.500
v 15.6000 30.8000 -15.6000 0.580 0.540 0.500
v 11.4000 30.8000 -15.6000 0.580 0.540 0.500
v 15.6000 30.8000 -15.6000 0.580 0.540 0.500
v 15.6000 30.8000 -11.4000 0.580 0.540 0.500
v 11.4000 30.8000 -11.4000 0.580 0.540 0.500
v 11.4000 27.8000 -15.6000 0.580 0.540 0.500
v 15.6000 27.8000 -15.6000 0.580 0.540 0.500
v 15.6000 27.8000 -11.4000 0.580 0.540 0.500
v 11.4000 27.8000 -11.4000 0.580 0.540 0.500
v 15.6000 27.8000 -11.4000 0.580 0.540 0.500
v 15.6000 27.8000 -15.6000 0.580 0.540 0.500
v 15.6000 30.8000 -15.6000 0.580 0.540 0.500
v 15.6000 30.8000 -11.4000 0.580 0.540 0.500
v 11.4000 27.8000 -15.6000 0.580 0.540 0.500
v 11.4000 27.8000 -11.4000 0.580 0.540 0.500
v 11.4000 30.8000 -11.4000 0.580 0.540 0.500
v 11.4000 30.8000 -15.6000 0.580 0.540 0.500
v -16.1163 29.4750 13.4293 0.420 0.440 0.460
v -13.4293 29.4750 16.1163 0.420 0.440 0.460
v -13.4293 29.2250 16.1163 0.420 0.440 0.460
v -16.1163 29.2250 13.4293 0.420 0.440 0.460
v 13.4293 29.4750 -16.1163 0.420 0.440 0.460
v 16.1163 29.4750 -13.4293 0.420 0.440 0.460
v 16.1163 29.2250 -13.4293 0.420 0.440 0.460
v 13.4293 29.2250 -16.1163 0.420 0.440 0.460
v -16.1446 30.6600 13.4010 0.780 0.800 0.820
v -16.0173 30.6600 13.5283 0.780 0.800 0.820
v -16.0173 30.5400 13.5283 0.780 0.800 0.820
v -16.1446 30.5400 13.4010 0.780 0.800 0.820
v 13.4010 30.6600 -16.1446 0.780 0.800 0.820
v 13.5283 30.6600 -16.0173 0.780 0.800 0.820
v 13.5283 30.5400 -16.0173 0.780 0.800 0.820
v 13.4010 30.5400 -16.1446 0.780 0.800 0.820
v -16.1304 29.5500 13.4151 0.780 0.800 0.820
v -16.0314 29.5500 13.5141 0.780 0.800 0.820
v -16.0314 29.4500 13.5141 0.780 0.800 0.820
v -16.1304 29.4500 13.4151 0.780 0.800 0.820
v 13.4151 29.5500 -16.1304 0.780 0.800 0.820
v 13.5141 29.5500 -16.0314 0.780 0.800 0.820
v 13.5141 29.4500 -16.0314 0.780 0.800 0.820
v 13.4151 29.4500 -16.1304 0.780 0.800 0.820
v -16.1092 30.4250 13.4364 0.780 0.800 0.820
v -16.0527 30.4250 13.4929 0.780 0.800 0.820
v -16.0527 29.4750 13.4929 0.780 0.800 0.820
v -16.1092 29.4750 13.4364 0.780 0.800 0.820
v 13.4364 30.4250 -16.1092 0.780 0.800 0.820
v 13.4929 30.4250 -16.0527 0.780 0.800 0.820
v 13.4929 29.4750 -16.0527 0.780 0.800 0.820
v 13.4364 29.4750 -16.1092 0.780 0.800 0.820
v -15.1246 29.3500 12.6483 0.780 0.800 0.820
v -15.1246 29.3500 12.5083 0.780 0.800 0.820
v -15.2646 29.3500 12.5083 0.780 0.800 0.820
v -15.2646 29.3500 12.6483 0.780 0.800 0.820
v -15.1246 30.6500 12.6483 0.780 0.800 0.820
v -15.1246 30.6500 12.5083 0.780 0.800 0.820
v -15.2646 30.6500 12.5083 0.780 0.800 0.820
v -15.2646 30.6500 12.6483 0.780 0.800 0.820
v -13.4909 29.3500 11.0146 0.780 0.800 0.820
v -13.4909 29.3500 10.8746 0.780 0.800 0.820
v -13.6309 29.3500 10.8746 0.780 0.800 0.820
v -13.6309 29.3500 11.0146 0.780 0.800 0.820
v -13.4909 30.6500 11.0146 0.780 0.800 0.820
v -13.4909 30.6500 10.8746 0.780 0.800 0.820
v -13.6309 30.6500 10.8746 0.780 0.800 0.820
v -13.6309 30.6500 11.0146 0.780 0.800 0.820
v -11.8572 29.3500 9.3809 0.780 0.800 0.820
v -11.8572 29.3500 9.2409 0.780 0.800 0.820
v -11.9972 29.3500 9.2409 0.780 0.800 0.820
v -11.9972 29.3500 9.3809 0.780 0.800 0.820
v -11.8572 30.6500 9.3809 0.780 0.800 0.820
v -11.8572 30.6500 9.2409 0.780 0.800 0.820
v -11.9972 30.6500 9.2409 0.780 0.800 0.820
v -11.9972 30.6500 9.3809 0.780 0.800 0.820
v -10.2235 29.3500 7.7472 0.780 0.800 0.820
v -10.2235 29.3500 7.6072 0.780 0.800 0.820
v -10.3635 29.3500 7.6072 0.780 0.800 0.820
v -10.3635 29.3500 7.7472 0.780 0.800 0.820
v -10.2235 30.6500 7.7472 0.780 0.800 0.820
v -10.2235 30.6500 7.6072 0.780 0.800 0.820
v -10.3635 30.6500 7.6072 0.780 0.800 0.820
v -10.3635 30.6500 7.7472 0.780 0.800 0.820
v -8.5898 29.3500 6.1135 0.780 0.800 0.820
v -8.5898 29.3500 5.9735 0.780 0.800 0.820
v -8.7298 29.3500 5.9735 0.780 0.800 0.820
v -8.7298 29.3500 6.1135 0.780 0.800 0.820
v -8.5898 30.6500 6.1135 0.780 0.800 0.820
v -8.5898 30.6500 5.9735 0.780 0.800 0.820
v -8.7298 30.6500 5.9735 0.780 0.800 0.820
v -8.7298 30.6500 6.1135 0.780 0.800 0.820
v -6.9561 29.3500 4.4798 0.780 0.800 0.820
v -6.9561 29.3500 4.3398 0.780 0.800 0.820
v -7.0961 29.3500 4.3398 0.780 0.800 0.820
v -7.0961 29.3500 4.4798 0.780 0.800 0.820
v -6.9561 30.6500 4.4798 0.780 0.800 0.820
v -6.9561 30.6500 4.3398 0.780 0.800 0.820
v -7.0961 30.6500 4.3398 0.780 0.800 0.820
v -7.0961 30.6500 4.4798 0.780 0.800 0.820
v -5.3224 29.3500 2.8461 0.780 0.800 0.820
v -5.3224 29.3500 2.7061 0.780 0.800 0.820
v -5.4624 29.3500 2.7061 0.780 0.800 0.820
v -5.4624 29.3500 2.8461 0.780 0.800 0.820
v -5.3224 30.6500 2.8461 0.780 0.800 0.820
v -5.3224 30.6500 2.7061 0.780 0.800 0.820
v -5.4624 30.6500 2.7061 0.780 0.800 0.820
v -5.4624 30.6500 2.8461 0.780 0.800 0.820
v -3.6887 29.3500 1.2124 0.780 0.800 0.820
v -3.6887 29.3500 1.0724 0.780 0.800 0.820
v -3.8287 29.3500 1.0724 0.780 0.800 0.820
v -3.8287 29.3500 1.2124 0.780 0.800 0.820
v -3.6887 30.6500 1.2124 0.780 0.800 0.820
v -3.6887 30.6500 1.0724 0.780 0.800 0.820
v -3.8287 30.6500 1.0724 0.780 0.800 0.820
v -3.8287 30.6500 1.2124 0.780 0.800 0.820
v -2.0550 29.3500 -0.4213 0.780 0.800 0.820
v -2.0550 29.3500 -0.5613 0.780 0.800 0.820
v -2.1950 29.3500 -0.5613 0.780 0.800 0.820
v -2.1950 29.3500 -0.4213 0.780 0.800 0.820
v -2.0550 30.6500 -0.4213 0.780 0.800 0.820
v -2.0550 30.6500 -0.5613 0.780 0.800 0.820
v -2.1950 30.6500 -0.5613 0.780 0.800 0.820
v -2.1950 30.6500 -0.4213 0.780 0.800 0.820
v -0.4213 29.3500 -2.0550 0.780 0.800 0.820
v -0.4213 29.3500 -2.1950 0.780 0.800 0.820
v -0.5613 29.3500 -2.1950 0.780 0.800 0.820
v -0.5613 29.3500 -2.0550 0.780 0.800 0.820
v -0.4213 30.6500 -2.0550 0.780 0.800 0.820
v -0.4213 30.6500 -2.1950 0.780 0.800 0.820
v -0.5613 30.6500 -2.1950 0.780 0.800 0.820
v -0.5613 30.6500 -2.0550 0.780 0.800 0.820
v 1.2124 29.3500 -3.6887 0.780 0.800 0.820
v 1.2124 29.3500 -3.8287 0.780 0.800 0.820
v 1.0724 29.3500 -3.8287 0.780 0.800 0.820
v 1.0724 29.3500 -3.6887 0.780 0.800 0.820
v 1.2124 30.6500 -3.6887 0.780 0.800 0.820
v 1.2124 30.6500 -3.8287 0.780 0.800 0.820
v 1.0724 30.6500 -3.8287 0.780 0.800 0.820
v 1.0724 30.6500 -3.6887 0.780 0.800 0.820
v 2.8461 29.3500 -5.3224 0.780 0.800 0.820
v 2.8461 29.3500 -5.4624 0.780 0.800 0.820
v 2.7061 29.3500 -5.4624 0.780 0.800 0.820
v 2.7061 29.3500 -5.3224 0.780 0.800 0.820
v 2.8461 30.6500 -5.3224 0.780 0.800 0.820
v 2.8461 30.6500 -5.4624 0.780 0.800 0.820
v 2.7061 30.6500 -5.4624 0.780 0.800 0.820
v 2.7061 30.6500 -5.3224 0.780 0.800 0.820
v 4.4798 29.3500 -6.9561 0.780 0.800 0.820
v 4.4798 29.3500 -7.0961 0.780 0.800 0.820
v 4.3398 29.3500 -7.0961 0.780 0.800 0.820
v 4.3398 29.3500 -6.9561 0.780 0.800 0.820
v 4.4798 30.6500 -6.9561 0.780 0.800 0.820
v 4.4798 30.6500 -7.0961 0.780 0.800 0.820
v 4.3398 30.6500 -7.0961 0.780 0.800 0.820
v 4.3398 30.6500 -6.9561 0.780 0.800 0.820
v 6.1135 29.3500 -8.5898 0.780 0.800 0.820
v 6.1135 29.3500 -8.7298 0.780 0.800 0.820
v 5.9735 29.3500 -8.7298 0.780 0.800 0.820
v 5.9735 29.3500 -8.5898 0.780 0.800 0.820
v 6.1135 30.6500 -8.5898 0.780 0.800 0.820
v 6.1135 30.6500 -8.7298 0.780 0.800 0.820
v 5.9735 30.6500 -8.7298 0.780 0.800 0.820
v 5.9735 30.6500 -8.5898 0.780 0.800 0.820
v 7.7472 29.3500 -10.2235 0.780 0.800 0.820
v 7.7472 29.3500 -10.3635 0.780 0.800 0.820
v 7.6072 29.3500 -10.3635 0.780 0.800 0.820
v 7.6072 29.3500 -10.2235 0.780 0.800 0.820
v 7.7472 30.6500 -10.2235 0.780 0.800 0.820
v 7.7472 30.6500 -10.3635 0.780 0.800 0.820
v 7.6072 30.6500 -10.3635 0.780 0.800 0.820
v 7.6072 30.6500 -10.2235 0.780 0.800 0.820
v 9.3809 29.3500 -11.8572 0.780 0.800 0.820
v 9.3809 29.3500 -11.9972 0.780 0.800 0.820
v 9.2409 29.3500 -11.9972 0.780 0.800 0.820
v 9.2409 29.3500 -11.8572 0.780 0.800 0.820
v 9.3809 30.6500 -11.8572 0.780 0.800 0.820
v 9.3809 30.6500 -11.9972 0.780 0.800 0.820
v 9.2409 30.6500 -11.9972 0.780 0.800 0.820
v 9.2409 30.6500 -11.8572 0.780 0.800 0.820
v 11.0146 29.3500 -13.4909 0.780 0.800 0.820
v 11.0146 29.3500 -13.6309 0.780 0.800 0.820
v 10.8746 29.3500 -13.6309 0.780 0.800 0.820
v 10.8746 29.3500 -13.4909 0.780 0.800 0.820
v 11.0146 30.6500 -13.4909 0.780 0.800 0.820
v 11.0146 30.6500 -13.6309 0.780 0.800 0.820
v 10.8746 30.6500 -13.6309 0.780 0.800 0.820
v 10.8746 30.6500 -13.4909 0.780 0.800 0.820
v 12.6483 29.3500 -15.1246 0.780 0.800 0.820
v 12.6483 29.3500 -15.2646 0.780 0.800 0.820
v 12.5083 29.3500 -15.2646 0.780 0.800 0.820
v 12.5083 29.3500 -15.1246 0.780 0.800 0.820
v 12.6483 30.6500 -15.1246 0.780 0.800 0.820
v 12.6483 30.6500 -15.2646 0.780 0.800 0.820
v 12.5083 30.6500 -15.2646 0.780 0.800 0.820
v 12.5083 30.6500 -15.1246 0.780 0.800 0.820
v -13.5283 30.6600 16.0173 0.780 0.800 0.820
v -13.4010 30.6600 16.1446 0.780 0.800 0.820
v -13.4010 30.5400 16.1446 0.780 0.800 0.820
v -13.5283 30.5400 16.0173 0.780 0.800 0.820
v 16.0173 30.6600 -13.5283 0.780 0.800 0.820
v 16.1446 30.6600 -13.4010 0.780 0.800 0.820
v 16.1446 30.5400 -13.4010 0.780 0.800 0.820
v 16.0173 30.5400 -13.5283 0.780 0.800 0.820
v -13.5141 29.5500 16.0314 0.780 0.800 0.820
v -13.4151 29.5500 16.1304 0.780 0.800 0.820
v -13.4151 29.4500 16.1304 0.780 0.800 0.820
v -13.5141 29.4500 16.0314 0.780 0.800 0.820
v 16.0314 29.5500 -13.5141 0.780 0.800 0.820
v 16.1304 29.5500 -13.4151 0.780 0.800 0.820
v 16.1304 29.4500 -13.4151 0.780 0.800 0.820
v 16.0314 29.4500 -13.5141 0.780 0.800 0.820
v -13.4929 30.4250 16.0527 0.780 0.800 0.820
v -13.4364 30.4250 16.1092 0.780 0.800 0.820
v -13.4364 29.4750 16.1092 0.780 0.800 0.820
v -13.4929 29.4750 16.0527 0.780 0.800 0.820
v 16.0527 30.4250 -13.4929 0.780 0.800 0.820
v 16.1092 30.4250 -13.4364 0.780 0.800 0.820
v 16.1092 29.4750 -13.4364 0.780 0.800 0.820
v 16.0527 29.4750 -13.4929 0.780 0.800 0.820
v -12.5083 29.3500 15.2646 0.780 0.800 0.820
v -12.5083 29.3500 15.1246 0.780 0.800 0.820
v -12.6483 29.3500 15.1246 0.780 0.800 0.820
v -12.6483 29.3500 15.2646 0.780 0.800 0.820
v -12.5083 30.6500 15.2646 0.780 0.800 0.820
v -12.5083 30.6500 15.1246 0.780 0.800 0.820
v -12.6483 30.6500 15.1246 0.780 0.800 0.820
v -12.6483 30.6500 15.2646 0.780 0.800 0.820
v -10.8746 29.3500 13.6309 0.780 0.800 0.820
v -10.8746 29.3500 13.4909 0.780 0.800 0.820
v -11.0146 29.3500 13.4909 0.780 0.800 0.820
v -11.0146 29.3500 13.6309 0.780 0.800 0.820
v -10.8746 30.6500 13.6309 0.780 0.800 0.820
v -10.8746 30.6500 13.4909 0.780 0.800 0.820
v -11.0146 30.6500 13.4909 0.780 0.800 0.820
v -11.0146 30.6500 13.6309 0.780 0.800 0.820
v -9.2409 29.3500 11.9972 0.780 0.800 0.820
v -9.2409 29.3500 11.8572 0.780 0.800 0.820
v -9.3809 29.3500 11.8572 0.780 0.800 0.820
v -9.3809 29.3500 11.9972 0.780 0.800 0.820
v -9.2409 30.6500 11.9972 0.780 0.800 0.820
v -9.2409 30.6500 11.8572 0.780 0.800 0.820
v -9.3809 30.6500 11.8572 0.780 0.800 0.820
v -9.3809 30.6500 11.9972 0.780 0.800 0.820
v -7.6072 29.3500 10.3635 0.780 0.800 0.820
v -7.6072 29.3500 10.2235 0.780 0.800 0.820
v -7.7472 29.3500 10.2235 0.780 0.800 0.820
v -7.7472 29.3500 10.3635 0.780 0.800 0.820
v -7.6072 30.6500 10.3635 0.780 0.800 0.820
v -7.6072 30.6500 10.2235 0.780 0.800 0.820
v -7.7472 30.6500 10.2235 0.780 0.800 0.820
v -7.7472 30.6500 10.3635 0.780 0.800 0.820
v -5.9735 29.3500 8.7298 0.780 0.800 0.820
v -5.9735 29.3500 8.5898 0.780 0.800 0.820
v -6.1135 29.3500 8.5898 0.780 0.800 0.820
v -6.1135 29.3500 8.7298 0.780 0.800 0.820
v -5.9735 30.6500 8.7298 0.780 0.800 0.820
v -5.9735 30.6500 8.5898 0.780 0.800 0.820
v -6.1135 30.6500 8.5898 0.780 0.800 0.820
v -6.1135 30.6500 8.7298 0.780 0.800 0.820
v -4.3398 29.3500 7.0961 0.780 0.800 0.820
v -4.3398 29.3500 6.9561 0.780 0.800 0.820
v -4.4798 29.3500 6.9561 0.780 0.800 0.820
v -4.4798 29.3500 7.0961 0.780 0.800 0.820
v -4.3398 30.6500 7.0961 0.780 0.800 0.820
v -4.3398 30.6500 6.9561 0.780 0.800 0.820
v -4.4798 30.6500 6.9561 0.780 0.800 0.820
v -4.4798 30.6500 7.0961 0.780 0.800 0.820
v -2.7061 29.3500 5.4624 0.780 0.800 0.820
v -2.7061 29.3500 5.3224 0.780 0.800 0.820
v -2.8461 29.3500 5.3224 0.780 0.800 0.820
v -2.8461 29.3500 5.4624 0.780 0.800 0.820
v -2.7061 30.6500 5.4624 0.780 0.800 0.820
v -2.7061 30.6500 5.3224 0.780 0.800 0.820
v -2.8461 30.6500 5.3224 0.780 0.800 0.820
v -2.8461 30.6500 5.4624 0.780 0.800 0.820
v -1.0724 29.3500 3.8287 0.780 0.800 0.820
v -1.0724 29.3500 3.6887 0.780 0.800 0.820
v -1.2124 29.3500 3.6887 0.780 0.800 0.820
v -1.2124 29.3500 3.8287 0.780 0.800 0.820
v -1.0724 30.6500 3.8287 0.780 0.800 0.820
v -1.0724 30.6500 3.6887 0.780 0.800 0.820
v -1.2124 30.6500 3.6887 0.780 0.800 0.820
v -1.2124 30.6500 3.8287 0.780 0.800 0.820
v 0.5613 29.3500 2.1950 0.780 0.800 0.820
v 0.5613 29.3500 2.0550 0.780 0.800 0.820
v 0.4213 29.3500 2.0550 0.780 0.800 0.820
v 0.4213 29.3500 2.1950 0.780 0.800 0.820
v 0.5613 30.6500 2.1950 0.780 0.800 0.820
v 0.5613 30.6500 2.0550 0.780 0.800 0.820
v 0.4213 30.6500 2.0550 0.780 0.800 0.820
v 0.4213 30.6500 2.1950 0.780 0.800 0.820
v 2.1950 29.3500 0.5613 0.780 0.800 0.820
v 2.1950 29.3500 0.4213 0.780 0.800 0.820
v 2.0550 29.3500 0.4213 0.780 0.800 0.820
v 2.0550 29.3500 0.5613 0.780 0.800 0.820
v 2.1950 30.6500 0.5613 0.780 0.800 0.820
v 2.1950 30.6500 0.4213 0.780 0.800 0.820
v 2.0550 30.6500 0.4213 0.780 0.800 0.820
v 2.0550 30.6500 0.5613 0.780 0.800 0.820
v 3.8287 29.3500 -1.0724 0.780 0.800 0.820
v 3.8287 29.3500 -1.2124 0.780 0.800 0.820
v 3.6887 29.3500 -1.2124 0.780 0.800 0.820
v 3.6887 29.3500 -1.0724 0.780 0.800 0.820
v 3.8287 30.6500 -1.0724 0.780 0.800 0.820
v 3.8287 30.6500 -1.2124 0.780 0.800 0.820
v 3.6887 30.6500 -1.2124 0.780 0.800 0.820
v 3.6887 30.6500 -1.0724 0.780 0.800 0.820
v 5.4624 29.3500 -2.7061 0.780 0.800 0.820
v 5.4624 29.3500 -2.8461 0.780 0.800 0.820
v 5.3224 29.3500 -2.8461 0.780 0.800 0.820
v 5.3224 29.3500 -2.7061 0.780 0.800 0.820
v 5.4624 30.6500 -2.7061 0.780 0.800 0.820
v 5.4624 30.6500 -2.8461 0.780 0.800 0.820
v 5.3224 30.6500 -2.8461 0.780 0.800 0.820
v 5.3224 30.6500 -2.7061 0.780 0.800 0.820
v 7.0961 29.3500 -4.3398 0.780 0.800 0.820
v 7.0961 29.3500 -4.4798 0.780 0.800 0.820
v 6.9561 29.3500 -4.4798 0.780 0.800 0.820
v 6.9561 29.3500 -4.3398 0.780 0.800 0.820
v 7.0961 30.6500 -4.3398 0.780 0.800 0.820
v 7.0961 30.6500 -4.4798 0.780 0.800 0.820
v 6.9561 30.6500 -4.4798 0.780 0.800 0.820
v 6.9561 30.6500 -4.3398 0.780 0.800 0.820
v 8.7298 29.3500 -5.9735 0.780 0.800 0.820
v 8.7298 29.3500 -6.1135 0.780 0.800 0.820
v 8.5898 29.3500 -6.1135 0.780 0.800 0.820
v 8.5898 29.3500 -5.9735 0.780 0.800 0.820
v 8.7298 30.6500 -5.9735 0.780 0.800 0.820
v 8.7298 30.6500 -6.1135 0.780 0.800 0.820
v 8.5898 30.6500 -6.1135 0.780 0.800 0.820
v 8.5898 30.6500 -5.9735 0.780 0.800 0.820
v 10.3635 29.3500 -7.6072 0.780 0.800 0.820
v 10.3635 29.3500 -7.7472 0.780 0.800 0.820
v 10.2235 29.3500 -7.7472 0.780 0.800 0.820
v 10.2235 29.3500 -7.6072 0.780 0.800 0.820
v 10.3635 30.6500 -7.6072 0.780 0.800 0.820
v 10.3635 30.6500 -7.7472 0.780 0.800 0.820
v 10.2235 30.6500 -7.7472 0.780 0.800 0.820
v 10.2235 30.6500 -7.6072 0.780 0.800 0.820
v 11.9972 29.3500 -9.2409 0.780 0.800 0.820
v 11.9972 29.3500 -9.3809 0.780 0.800 0.820
v 11.8572 29.3500 -9.3809 0.780 0.800 0.820
v 11.8572 29.3500 -9.2409 0.780 0.800 0.820
v 11.9972 30.6500 -9.2409 0.780 0.800 0.820
v 11.9972 30.6500 -9.3809 0.780 0.800 0.820
v 11.8572 30.6500 -9.3809 0.780 0.800 0.820
v 11.8572 30.6500 -9.2409 0.780 0.800 0.820
v 13.6309 29.3500 -10.8746 0.780 0.800 0.820
v 13.6309 29.3500 -11.0146 0.780 0.800 0.820
v 13.4909 29.3500 -11.0146 0.780 0.800 0.820
v 13.4909 29.3500 -10.8746 0.780 0.800 0.820
v 13.6309 30.6500 -10.8746 0.780 0.800 0.820
v 13.6309 30.6500 -11.0146 0.780 0.800 0.820
v 13.4909 30.6500 -11.0146 0.780 0.800 0.820
v 13.4909 30.6500 -10.8746 0.780 0.800 0.820
v 15.2646 29.3500 -12.5083 0.780 0.800 0.820
v 15.2646 29.3500 -12.6483 0.780 0.800 0.820
v 15.1246 29.3500 -12.6483 0.780 0.800 0.820
v 15.1246 29.3500 -12.5083 0.780 0.800 0.820
v 15.2646 30.6500 -12.5083 0.780 0.800 0.820
v 15.2646 30.6500 -12.6483 0.780 0.800 0.820
v 15.1246 30.6500 -12.6483 0.780 0.800 0.820
v 15.1246 30.6500 -12.5083 0.780 0.800 0.820
vt 0.0000 0.0000
vt 5.0000 0.0000
vt 5.0000 5.0000
vt 0.0000 5.0000
vt 0.0000 0.0000
vt 5.0000 0.0000
vt 5.0000 5.0000
vt 0.0000 5.0000
vt 0.0000 0.0000
vt 5.0000 0.0000
vt 5.0000 5.0000
vt 0.0000 5.0000
vt 0.0000 0.0000
vt 5.0000 0.0000
vt 5.0000 5.0000
vt 0.0000 5.0000
vt 0.0000 0.0000
vt 5.0000 0.0000
vt 5.0000 5.0000
vt 0.0000 5.0000
vt 0.0000 0.0000
vt 5.0000 0.0000
vt 5.0000 5.0000
vt 0.0000 5.0000
vt 0.0000 0.0000
vt 4.0000 0.0000
vt 4.0000 4.0000
vt 0.0000 4.0000
vt 0.0000 0.0000
vt 4.0000 0.0000
vt 4.0000 4.0000
vt 0.0000 4.0000
vt 0.0000 0.0000
vt 4.0000 0.0000
vt 4.0000 4.0000
vt 0.0000 4.0000
vt 0.0000 0.0000
vt 4.0000 0.0000
vt 4.0000 4.0000
vt 0.0000 4.0000
vt 0.0000 0.0000
vt 4.0000 0.0000
vt 4.0000 4.0000
vt 0.0000 4.0000
vt 0.0000 0.0000
vt 4.0000 0.0000
vt 4.0000 4.0000
vt 0.0000 4.0000
vt 0.0000 0.0000
vt 3.0000 0.0000
vt 3.0000 3.0000
vt 0.0000 3.0000
vt 0.0000 0.0000
vt 3.0000 0.0000
vt 3.0000 3.0000
vt 0.0000 3.0000
vt 0.0000 0.0000
vt 3.0000 0.0000
vt 3.0000 3.0000
vt 0.0000 3.0000
vt 0.0000 0.0000
vt 3.0000 0.0000
vt 3.0000 3.0000
vt 0.0000 3.0000
vt 0.0000 0.0000
vt 3.0000 0.0000
vt 3.0000 3.0000
vt 0.0000 3.0000
vt 0.0000 0.0000
vt 3.0000 0.0000
vt 3.0000 3.0000
vt 0.0000 3.0000
vt 0.0000 0.0000
vt 2.5000 0.0000
vt 2.5000 2.5000
vt 0.0000 2.5000
vt 0.0000 0.0000
vt 2.5000 0.0000
vt 2.5000 2.5000
vt 0.0000 2.5000
vt 0.0000 0.0000
vt 2.5000 0.0000
vt 2.5000 2.5000
vt 0.0000 2.5000
vt 0.0000 0.0000
vt 2.5000 0.0000
vt 2.5000 2.5000
vt 0.0000 2.5000
vt 0.0000 0.0000
vt 2.5000 0.0000
vt 2.5000 2.5000
vt 0.0000 2.5000
vt 0.0000 0.0000
vt 2.5000 0.0000
vt 2.5000 2.5000
vt 0.0000 2.5000
vt 0.0000 0.0000
vt 1.5000 0.0000
vt 1.5000 1.5000
vt 0.0000 1.5000
vt 0.0000 0.0000
vt 1.5000 0.0000
vt 1.5000 1.5000
vt 0.0000 1.5000
vt 0.0000 0.0000
vt 1.5000 0.0000
vt 1.5000 1.5000
vt 0.0000 1.5000
vt 0.0000 0.0000
vt 1.5000 0.0000
vt 1.5000 1.5000
vt 0.0000 1.5000
vt 0.0000 0.0000
vt 1.5000 0.0000
vt 1.5000 1.5000
vt 0.0000 1.5000
vt 0.0000 0.0000
vt 1.5000 0.0000
vt 1.5000 1.5000
vt 0.0000 1.5000
vt 0.0000 0.0000
vt 1.5000 0.0000
vt 1.5000 1.5000
vt 0.0000 1.5000
vt 0.0000 0.0000
vt 1.5000 0.0000
vt 1.5000 1.5000
vt 0.0000 1.5000
vt 0.0000 0.0000
vt 1.5000 0.0000
vt 1.5000 1.5000
vt 0.0000 1.5000
vt 0.0000 0.0000
vt 1.5000 0.0000
vt 1.5000 1.5000
vt 0.0000 1.5000
vt 0.0000 0.0000
vt 1.5000 0.0000
vt 1.5000 1.5000
vt 0.0000 1.5000
vt 0.0000 0.0000
vt 1.5000 0.0000
vt 1.5000 1.5000
vt 0.0000 1.5000
vt 0.0000 0.0000
vt 1.0000 0.0000
vt 1.0000 1.0000
vt 0.0000 1.0000
vt 0.0000 0.0000
vt 1.0000 0.0000
vt 1.0000 1.0000
vt 0.0000 1.0000
vt 0.0000 0.0000
vt 1.0000 0.0000
vt 1.0000 1.0000
vt 0.0000 1.0000
vt 0.0000 0.0000
vt 1.0000 0.0000
vt 1.0000 1.0000
vt 0.0000 1.0000
vt 0.0000 0.0000
vt 1.0000 0.0000
vt 1.0000 1.0000
vt 0.0000 1.0000
vt 0.0000 0.0000
vt 1.0000 0.0000
vt 1.0000 1.0000
vt 0.0000 1.0000
vt 0.0000 0.0000
vt 1.0000 0.0000
vt 1.0000 1.0000
vt 0.0000 1.0000
vt 0.0000 0.0000
vt 1.0000 0.0000
vt 1.0000 1.0000
vt 0.0000 1.0000
vt 0.0000 0.0000
vt 1.0000 0.0000
vt 1.0000 1.0000
vt 0.0000 1.0000
vt 0.0000 0.0000
vt 1.0000 0.0000
vt 1.0000 1.0000
vt 0.0000 1.0000
vt 0.0000 0.0000
vt 1.0000 0.0000
vt 1.0000 1.0000
vt 0.0000 1.0000
vt 0.0000 0.0000
vt 1.0000 0.0000
vt 1.0000 1.0000
vt 0.0000 1.0000
vt 0.0000 0.0000
vt 0.5000 0.0000
vt 0.5000 0.5000
vt 0.0000 0.5000
vt 0.0000 0.0000
vt 0.5000 0.0000
vt 0.5000 0.5000
vt 0.0000 0.5000
vt 0.0000 0.0000
vt 0.5000 0.0000
vt 0.5000 0.5000
vt 0.0000 0.5000
vt 0.0000 0.0000
vt 0.5000 0.0000
vt 0.5000 0.5000
vt 0.0000 0.5000
vt 0.0000 0.0000
vt 0.5000 0.0000
vt 0.5000 0.5000
vt 0.0000 0.5000
vt 0.0000 0.0000
vt 0.5000 0.0000
vt 0.5000 0.5000
vt 0.0000 0.5000
vt 0.0000 0.0000
vt 0.5000 0.0000
vt 0.5000 0.5000
vt 0.0000 0.5000
vt 0.0000 0.0000
vt 0.5000 0.0000
vt 0.5000 0.5000
vt 0.0000 0.5000
vt 0.0000 0.0000
vt 0.5000 0.0000
vt 0.5000 0.5000
vt 0.0000 0.5000
vt 0.0000 0.0000
vt 0.5000 0.0000
vt 0.5000 0.5000
vt 0.0000 0.5000
vt 0.0000 0.0000
vt 0.5000 0.0000
vt 0.5000 0.5000
vt 0.0000 0.5000
vt 0.0000 0.0000
vt 0.5000 0.0000
vt 0.5000 0.5000
vt 0.0000 0.5000
vt 0.0000 0.0000
vt 0.5000 0.0000
vt 0.5000 0.5000
vt 0.0000 0.5000
vt 0.0000 0.0000
vt 0.5000 0.0000
vt 0.5000 0.5000
vt 0.0000 0.5000
vt 0.0000 0.0000
vt 0.5000 0.0000
vt 0.5000 0.5000
vt 0.0000 0.5000
vt 0.0000 0.0000
vt 0.5000 0.0000
vt 0.5000 0.5000
vt 0.0000 0.5000
vt 0.0000 0.0000
vt 0.5000 0.0000
vt 0.5000 0.5000
vt 0.0000 0.5000
vt 0.0000 0.0000
vt 0.5000 0.0000
vt 0.5000 0.5000
vt 0.0000 0.5000
vt 0.0000 0.0000
vt 0.5000 0.0000
vt 0.5000 0.5000
vt 0.0000 0.5000
vt 0.0000 0.0000
vt 0.5000 0.0000
vt 0.5000 0.5000
vt 0.0000 0.5000
vt 0.0000 0.0000
vt 0.5000 0.0000
vt 0.5000 0.5000
vt 0.0000 0.5000
vt 0.0000 0.0000
vt 0.5000 0.0000
vt 0.5000 0.5000
vt 0.0000 0.5000
vt 0.0000 0.0000
vt 0.5000 0.0000
vt 0.5000 0.5000
vt 0.0000 0.5000
vt 0.0000 0.0000
vt 0.5000 0.0000
vt 0.5000 0.5000
vt 0.0000 0.5000
vt 0.0000 0.0000
vt 0.5000 0.0000
vt 0.5000 0.5000
vt 0.0000 0.5000
vt 0.0000 0.0000
vt 0.5000 0.0000
vt 0.5000 0.5000
vt 0.0000 0.5000
vt 0.0000 0.0000
vt 0.5000 0.0000
vt 0.5000 0.5000
vt 0.0000 0.5000
vt 0.0000 0.0000
vt 0.5000 0.0000
vt 0.5000 0.5000
vt 0.0000 0.5000
vt 0.0000 0.0000
vt 0.5000 0.0000
vt 0.5000 0.5000
vt 0.0000 0.5000
vt 0.0000 0.0000
vt 0.5000 0.0000
vt 0.5000 0.5000
vt 0.0000 0.5000
vt 0.0000 0.0000
vt 0.5000 0.0000
vt 0.5000 0.5000
vt 0.0000 0.5000
vt 0.0000 0.0000
vt 0.5000 0.0000
vt 0.5000 0.5000
vt 0.0000 0.5000
vt 0.0000 0.0000
vt 0.5000 0.0000
vt 0.5000 0.5000
vt 0.0000 0.5000
vt 0.0000 0.0000
vt 0.5000 0.0000
vt 0.5000 0.5000
vt 0.0000 0.5000
vt 0.0000 0.0000
vt 0.5000 0.0000
vt 0.5000 0.5000
vt 0.0000 0.5000
vt 0.0000 0.0000
vt 0.5000 0.0000
vt 0.5000 0.5000
vt 0.0000 0.5000
vt 0.0000 0.0000
vt 0.5000 0.0000
vt 0.5000 0.5000
vt 0.0000 0.5000
vt 0.0000 0.0000
vt 0.5000 0.0000
vt 0.5000 0.5000
vt 0.0000 0.5000
vt 0.0000 0.0000
vt 0.5000 0.0000
vt 0.5000 0.5000
vt 0.0000 0.5000
vt 0.0000 0.0000
vt 0.5000 0.0000
vt 0.5000 0.5000
vt 0.0000 0.5000
vt 0.0000 0.0000
vt 0.5000 0.0000
vt 0.5000 0.5000
vt 0.0000 0.5000
vt 0.0000 0.0000
vt 0.5000 0.0000
vt 0.5000 0.5000
vt 0.0000 0.5000
vt 0.0000 0.0000
vt 0.5000 0.0000
vt 0.5000 0.5000
vt 0.0000 0.5000
vt 0.0000 0.0000
vt 0.5000 0.0000
vt 0.5000 0.5000
vt 0.0000 0.5000
vt 0.0000 0.0000
vt 0.5000 0.0000
vt 0.5000 0.5000
vt 0.0000 0.5000
vt 0.0000 0.0000
vt 0.5000 0.0000
vt 0.5000 0.5000
vt 0.0000 0.5000
vt 0.0000 0.0000
vt 0.5000 0.0000
vt 0.5000 0.5000
vt 0.0000 0.5000
vt 0.0000 0.0000
vt 0.5000 0.0000
vt 0.5000 0.5000
vt 0.0000 0.5000
vt 0.0000 0.0000
vt 0.5000 0.0000
vt 0.5000 0.5000
vt 0.0000 0.5000
vt 0.0000 0.0000
vt 0.5000 0.0000
vt 0.5000 0.5000
vt 0.0000 0.5000
vt 0.0000 0.0000
vt 0.5000 0.0000
vt 0.5000 0.5000
vt 0.0000 0.5000
vt 0.0000 0.0000
vt 0.5000 0.0000
vt 0.5000 0.5000
vt 0.0000 0.5000
vt 0.0000 0.0000
vt 0.5000 0.0000
vt 0.5000 0.5000
vt 0.0000 0.5000
vt 0.0000 0.0000
vt 0.5000 0.0000
vt 0.5000 0.5000
vt 0.0000 0.5000
vt 0.0000 0.0000
vt 0.5000 0.0000
vt 0.5000 0.5000
vt 0.0000 0.5000
vt 0.0000 0.0000
vt 0.5000 0.0000
vt 0.5000 0.5000
vt 0.0000 0.5000
vt 0.0000 0.0000
vt 0.5000 0.0000
vt 0.5000 0.5000
vt 0.0000 0.5000
vt 0.0000 0.0000
vt 0.5000 0.0000
vt 0.5000 0.5000
vt 0.0000 0.5000
vt 0.0000 0.0000
vt 0.5000 0.0000
vt 0.5000 0.5000
vt 0.0000 0.5000
vt 0.0000 0.0000
vt 0.5000 0.0000
vt 0.5000 0.5000
vt 0.0000 0.5000
vt 0.0000 0.0000
vt 0.5000 0.0000
vt 0.5000 0.5000
vt 0.0000 0.5000
vt 0.0000 0.0000
vt 0.5000 0.0000
vt 0.5000 0.5000
vt 0.0000 0.5000
vt 0.0000 0.0000
vt 0.5000 0.0000
vt 0.5000 0.5000
vt 0.0000 0.5000
vt 0.0000 0.0000
vt 0.5000 0.0000
vt 0.5000 0.5000
vt 0.0000 0.5000
vt 0.0000 0.0000
vt 0.5000 0.0000
vt 0.5000 0.5000
vt 0.0000 0.5000
vt 0.0000 0.0000
vt 0.5000 0.0000
vt 0.5000 0.5000
vt 0.0000 0.5000
vt 0.0000 0.0000
vt 0.5000 0.0000
vt 0.5000 0.5000
vt 0.0000 0.5000
vt 0.0000 0.0000
vt 0.5000 0.0000
vt 0.5000 0.5000
vt 0.0000 0.5000
vt 0.0000 0.0000
vt 0.5000 0.0000
vt 0.5000 0.5000
vt 0.0000 0.5000
vt 0.0000 0.0000
vt 0.5000 0.0000
vt 0.5000 0.5000
vt 0.0000 0.5000
vt 0.0000 0.0000
vt 0.5000 0.0000
vt 0.5000 0.5000
vt 0.0000 0.5000
vt 0.0000 0.0000
vt 0.5000 0.0000
vt 0.5000 0.5000
vt 0.0000 0.5000
vt 0.0000 0.0000
vt 0.5000 0.0000
vt 0.5000 0.5000
vt 0.0000 0.5000
vt 0.0000 0.0000
vt 0.5000 0.0000
vt 0.5000 0.5000
vt 0.0000 0.5000
vt 0.0000 0.0000
vt 0.5000 0.0000
vt 0.5000 0.5000
vt 0.0000 0.5000
vt 0.0000 0.0000
vt 0.5000 0.0000
vt 0.5000 0.5000
vt 0.0000 0.5000
vt 0.0000 0.0000
vt 0.5000 0.0000
vt 0.5000 0.5000
vt 0.0000 0.5000
vt 0.0000 0.0000
vt 0.5000 0.0000
vt 0.5000 0.5000
vt 0.0000 0.5000
vt 0.0000 0.0000
vt 0.5000 0.0000
vt 0.5000 0.5000
vt 0.0000 0.5000
vt 0.0000 0.0000
vt 0.5000 0.0000
vt 0.5000 0.5000
vt 0.0000 0.5000
vt 0.0000 0.0000
vt 0.5000 0.0000
vt 0.5000 0.5000
vt 0.0000 0.5000
vt 0.0000 0.0000
vt 0.5000 0.0000
vt 0.5000 0.5000
vt 0.0000 0.5000
vt 0.0000 0.0000
vt 0.5000 0.0000
vt 0.5000 0.5000
vt 0.0000 0.5000
vt 0.0000 0.0000
vt 0.5000 0.0000
vt 0.5000 0.5000
vt 0.0000 0.5000
vt 0.0000 0.0000
vt 0.5000 0.0000
vt 0.5000 0.5000
vt 0.0000 0.5000
vt 0.0000 0.0000
vt 0.5000 0.0000
vt 0.5000 0.5000
vt 0.0000 0.5000
vt 0.0000 0.0000
vt 0.5000 0.0000
vt 0.5000 0.5000
vt 0.0000 0.5000
vt 0.0000 0.0000
vt 0.5000 0.0000
vt 0.5000 0.5000
vt 0.0000 0.5000
vt 0.0000 0.0000
vt 0.5000 0.0000
vt 0.5000 0.5000
vt 0.0000 0.5000
vt 0.0000 0.0000
vt 0.5000 0.0000
vt 0.5000 0.5000
vt 0.0000 0.5000
vt 0.0000 0.0000
vt 0.5000 0.0000
vt 0.5000 0.5000
vt 0.0000 0.5000
vt 0.0000 0.0000
vt 0.5000 0.0000
vt 0.5000 0.5000
vt 0.0000 0.5000
vt 0.0000 0.0000
vt 0.5000 0.0000
vt 0.5000 0.5000
vt 0.0000 0.5000
vt 0.0000 0.0000
vt 0.5000 0.0000
vt 0.5000 0.5000
vt 0.0000 0.5000
vt 0.0000 0.0000
vt 0.5000 0.0000
vt 0.5000 0.5000
vt 0.0000 0.5000
vt 0.0000 0.0000
vt 0.5000 0.0000
vt 0.5000 0.5000
vt 0.0000 0.5000
vt 0.0000 0.0000
vt 0.5000 0.0000
vt 0.5000 0.5000
vt 0.0000 0.5000
vt 0.0000 0.0000
vt 0.5000 0.0000
vt 0.5000 0.5000
vt 0.0000 0.5000
vt 0.0000 0.0000
vt 0.5000 0.0000
vt 0.5000 0.5000
vt 0.0000 0.5000
vt 0.0000 0.0000
vt 0.5000 0.0000
vt 0.5000 0.5000
vt 0.0000 0.5000
vt 0.0000 0.0000
vt 0.5000 0.0000
vt 0.5000 0.5000
vt 0.0000 0.5000
vt 0.0000 0.0000
vt 0.5000 0.0000
vt 0.5000 0.5000
vt 0.0000 0.5000
vt 0.0000 0.0000
vt 0.5000 0.0000
vt 0.5000 0.5000
vt 0.0000 0.5000
vt 0.0000 0.0000
vt 0.5000 0.0000
vt 0.5000 0.5000
vt 0.0000 0.5000
vt 0.0000 0.0000
vt 0.5000 0.0000
vt 0.5000 0.5000
vt 0.0000 0.5000
vt 0.0000 0.0000
vt 0.5000 0.0000
vt 0.5000 0.5000
vt 0.0000 0.5000
vt 0.0000 0.0000
vt 0.5000 0.0000
vt 0.5000 0.5000
vt 0.0000 0.5000
vt 0.0000 0.0000
vt 0.5000 0.0000
vt 0.5000 0.5000
vt 0.0000 0.5000
vt 0.0000 0.0000
vt 0.5000 0.0000
vt 0.5000 0.5000
vt 0.0000 0.5000
vt 0.0000 0.0000
vt 0.5000 0.0000
vt 0.5000 0.5000
vt 0.0000 0.5000
vt 0.0000 0.0000
vt 0.5000 0.0000
vt 0.5000 0.5000
vt 0.0000 0.5000
vt 0.0000 0.0000
vt 0.5000 0.0000
vt 0.5000 0.5000
vt 0.0000 0.5000
vt 0.0000 0.0000
vt 0.5000 0.0000
vt 0.5000 0.5000
vt 0.0000 0.5000
vt 0.0000 0.0000
vt 0.5000 0.0000
vt 0.5000 0.5000
vt 0.0000 0.5000
vt 0.0000 0.0000
vt 0.5000 0.0000
vt 0.5000 0.5000
vt 0.0000 0.5000
vt 0.0000 0.0000
vt 0.5000 0.0000
vt 0.5000 0.5000
vt 0.0000 0.5000
vt 0.0000 0.0000
vt 0.5000 0.0000
vt 0.5000 0.5000
vt 0.0000 0.5000
vt 0.0000 0.0000
vt 0.5000 0.0000
vt 0.5000 0.5000
vt 0.0000 0.5000
vt 0.0000 0.0000
vt 0.5000 0.0000
vt 0.5000 0.5000
vt 0.0000 0.5000
vt 0.0000 0.0000
vt 0.5000 0.0000
vt 0.5000 0.5000
vt 0.0000 0.5000
vt 0.0000 0.0000
vt 0.5000 0.0000
vt 0.5000 0.5000
vt 0.0000 0.5000
vt 0.0000 0.0000
vt 0.5000 0.0000
vt 0.5000 0.5000
vt 0.0000 0.5000
vt 0.0000 0.0000
vt 0.5000 0.0000
vt 0.5000 0.5000
vt 0.0000 0.5000
vt 0.0000 0.0000
vt 0.5000 0.0000
vt 0.5000 0.5000
vt 0.0000 0.5000
vt 0.0000 0.0000
vt 0.5000 0.0000
vt 0.5000 0.5000
vt 0.0000 0.5000
vt 0.0000 0.0000
vt 0.5000 0.0000
vt 0.5000 0.5000
vt 0.0000 0.5000
vt 0.0000 0.0000
vt 0.5000 0.0000
vt 0.5000 0.5000
vt 0.0000 0.5000
vt 0.0000 0.0000
vt 0.5000 0.0000
vt 0.5000 0.5000
vt 0.0000 0.5000
vt 0.0000 0.0000
vt 0.5000 0.0000
vt 0.5000 0.5000
vt 0.0000 0.5000
vt 0.0000 0.0000
vt 0.5000 0.0000
vt 0.5000 0.5000
vt 0.0000 0.5000
vt 0.0000 0.0000
vt 0.5000 0.0000
vt 0.5000 0.5000
vt 0.0000 0.5000
vt 0.0000 0.0000
vt 0.5000 0.0000
vt 0.5000 0.5000
vt 0.0000 0.5000
vt 0.0000 0.0000
vt 0.5000 0.0000
vt 0.5000 0.5000
vt 0.0000 0.5000
vt 0.0000 0.0000
vt 0.5000 0.0000
vt 0.5000 0.5000
vt 0.0000 0.5000
vt 0.0000 0.0000
vt 0.5000 0.0000
vt 0.5000 0.5000
vt 0.0000 0.5000
vt 0.0000 0.0000
vt 0.5000 0.0000
vt 0.5000 0.5000
vt 0.0000 0.5000
vt 0.0000 0.0000
vt 0.5000 0.0000
vt 0.5000 0.5000
vt 0.0000 0.5000
vt 0.0000 0.0000
vt 0.5000 0.0000
vt 0.5000 0.5000
vt 0.0000 0.5000
vt 0.0000 0.0000
vt 0.5000 0.0000
vt 0.5000 0.5000
vt 0.0000 0.5000
vt 0.0000 0.0000
vt 0.5000 0.0000
vt 0.5000 0.5000
vt 0.0000 0.5000
vt 0.0000 0.0000
vt 0.5000 0.0000
vt 0.5000 0.5000
vt 0.0000 0.5000
vt 0.0000 0.0000
vt 0.5000 0.0000
vt 0.5000 0.5000
vt 0.0000 0.5000
vt 0.0000 0.0000
vt 0.5000 0.0000
vt 0.5000 0.5000
vt 0.0000 0.5000
vt 0.0000 0.0000
vt 0.5000 0.0000
vt 0.5000 0.5000
vt 0.0000 0.5000
vt 0.0000 0.0000
vt 1.0000 0.0000
vt 1.0000 1.0000
vt 0.0000 1.0000
vt 0.0000 0.0000
vt 1.0000 0.0000
vt 1.0000 1.0000
vt 0.0000 1.0000
vt 0.0000 0.0000
vt 1.0000 0.0000
vt 1.0000 1.0000
vt 0.0000 1.0000
vt 0.0000 0.0000
vt 1.0000 0.0000
vt 1.0000 1.0000
vt 0.0000 1.0000
vt 0.0000 0.0000
vt 1.0000 0.0000
vt 1.0000 1.0000
vt 0.0000 1.0000
vt 0.0000 0.0000
vt 1.0000 0.0000
vt 1.0000 1.0000
vt 0.0000 1.0000
vt 0.0000 0.0000
vt 1.0000 0.0000
vt 1.0000 1.0000
vt 0.0000 1.0000
vt 0.0000 0.0000
vt 1.0000 0.0000
vt 1.0000 1.0000
vt 0.0000 1.0000
vt 0.0000 0.0000
vt 1.0000 0.0000
vt 1.0000 1.0000
vt 0.0000 1.0000
vt 0.0000 0.0000
vt 1.0000 0.0000
vt 1.0000 1.0000
vt 0.0000 1.0000
vt 0.0000 0.0000
vt 1.0000 0.0000
vt 1.0000 1.0000
vt 0.0000 1.0000
vt 0.0000 0.0000
vt 1.0000 0.0000
vt 1.0000 1.0000
vt 0.0000 1.0000
vt 0.0000 0.0000
vt 0.2500 0.0000
vt 0.5000 0.0000
vt 0.7500 0.0000
vt 0.0000 8.0000
vt 0.2500 8.0000
vt 0.5000 8.0000
vt 0.7500 8.0000
vt 0.0000 0.0000
vt 0.2500 0.0000
vt 0.5000 0.0000
vt 0.7500 0.0000
vt 0.0000 6.0000
vt 0.2500 6.0000
vt 0.5000 6.0000
vt 0.7500 6.0000
vt 0.0000 0.0000
vt 0.2500 0.0000
vt 0.5000 0.0000
vt 0.7500 0.0000
vt 0.0000 6.0000
vt 0.2500 6.0000
vt 0.5000 6.0000
vt 0.7500 6.0000
vt 0.0000 0.0000
vt 0.2500 0.0000
vt 0.5000 0.0000
vt 0.7500 0.0000
vt 0.0000 6.0000
vt 0.2500 6.0000
vt 0.5000 6.0000
vt 0.7500 6.0000
vt 0.0000 0.0000
vt 0.2500 0.0000
vt 0.5000 0.0000
vt 0.7500 0.0000
vt 0.0000 6.0000
vt 0.2500 6.0000
vt 0.5000 6.0000
vt 0.7500 6.0000
vt 0.0000 0.0000
vt 0.2500 0.0000
vt 0.5000 0.0000
vt 0.7500 0.0000
vt 0.0000 1.0000
vt 0.2500 1.0000
vt 0.5000 1.0000
vt 0.7500 1.0000
vt 0.0000 0.0000
vt 0.2500 0.0000
vt 0.5000 0.0000
vt 0.7500 0.0000
vt 0.0000 1.0000
vt 0.2500 1.0000
vt 0.5000 1.0000
vt 0.7500 1.0000
vt 0.0000 0.0000
vt 0.2500 0.0000
vt 0.5000 0.0000
vt 0.7500 0.0000
vt 0.0000 1.0000
vt 0.2500 1.0000
vt 0.5000 1.0000
vt 0.7500 1.0000
vt 0.0000 0.0000
vt 0.2500 0.0000
vt 0.5000 0.0000
vt 0.7500 0.0000
vt 0.0000 1.0000
vt 0.2500 1.0000
vt 0.5000 1.0000
vt 0.7500 1.0000
vt 0.0000 0.0000
vt 0.2500 0.0000
vt 0.5000 0.0000
vt 0.7500 0.0000
vt 0.0000 1.0000
vt 0.2500 1.0000
vt 0.5000 1.0000
vt 0.7500 1.0000
vt 0.0000 0.0000
vt 0.2500 0.0000
vt 0.5000 0.0000
vt 0.7500 0.0000
vt 0.0000 1.0000
vt 0.2500 1.0000
vt 0.5000 1.0000
vt 0.7500 1.0000
vt 0.0000 0.0000
vt 0.2500 0.0000
vt 0.5000 0.0000
vt 0.7500 0.0000
vt 0.0000 1.0000
vt 0.2500 1.0000
vt 0.5000 1.0000
vt 0.7500 1.0000
vt 0.0000 0.0000
vt 0.2500 0.0000
vt 0.5000 0.0000
vt 0.7500 0.0000
vt 0.0000 1.0000
vt 0.2500 1.0000
vt 0.5000 1.0000
vt 0.7500 1.0000
vt 0.0000 0.0000
vt 0.2500 0.0000
vt 0.5000 0.0000
vt 0.7500 0.0000
vt 0.0000 1.0000
vt 0.2500 1.0000
vt 0.5000 1.0000
vt 0.7500 1.0000
vt 0.0000 0.0000
vt 0.2500 0.0000
vt 0.5000 0.0000
vt 0.7500 0.0000
vt 0.0000 1.0000
vt 0.2500 1.0000
vt 0.5000 1.0000
vt 0.7500 1.0000
vt 0.0000 0.0000
vt 0.2500 0.0000
vt 0.5000 0.0000
vt 0.7500 0.0000
vt 0.0000 1.0000
vt 0.2500 1.0000
vt 0.5000 1.0000
vt 0.7500 1.0000
vt 0.0000 0.0000
vt 0.2500 0.0000
vt 0.5000 0.0000
vt 0.7500 0.0000
vt 0.0000 1.0000
vt 0.2500 1.0000
vt 0.5000 1.0000
vt 0.7500 1.0000
vt 0.0000 0.0000
vt 0.2500 0.0000
vt 0.5000 0.0000
vt 0.7500 0.0000
vt 0.0000 1.0000
vt 0.2500 1.0000
vt 0.5000 1.0000
vt 0.7500 1.0000
vt 0.0000 0.0000
vt 0.2500 0.0000
vt 0.5000 0.0000
vt 0.7500 0.0000
vt 0.0000 1.0000
vt 0.2500 1.0000
vt 0.5000 1.0000
vt 0.7500 1.0000
vt 0.0000 0.0000
vt 0.2500 0.0000
vt 0.5000 0.0000
vt 0.7500 0.0000
vt 0.0000 1.0000
vt 0.2500 1.0000
vt 0.5000 1.0000
vt 0.7500 1.0000
vt 0.0000 0.0000
vt 0.2500 0.0000
vt 0.5000 0.0000
vt 0.7500 0.0000
vt 0.0000 1.0000
vt 0.2500 1.0000
vt 0.5000 1.0000
vt 0.7500 1.0000
vt 0.0000 0.0000
vt 0.2500 0.0000
vt 0.5000 0.0000
vt 0.7500 0.0000
vt 0.0000 1.0000
vt 0.2500 1.0000
vt 0.5000 1.0000
vt 0.7500 1.0000
vt 0.0000 0.0000
vt 0.2500 0.0000
vt 0.5000 0.0000
vt 0.7500 0.0000
vt 0.0000 1.0000
vt 0.2500 1.0000
vt 0.5000 1.0000
vt 0.7500 1.0000
vt 0.0000 0.0000
vt 0.2500 0.0000
vt 0.5000 0.0000
vt 0.7500 0.0000
vt 0.0000 1.0000
vt 0.2500 1.0000
vt 0.5000 1.0000
vt 0.7500 1.0000
vt 0.0000 0.0000
vt 0.2500 0.0000
vt 0.5000 0.0000
vt 0.7500 0.0000
vt 0.0000 1.0000
vt 0.2500 1.0000
vt 0.5000 1.0000
vt 0.7500 1.0000
vt 0.0000 0.0000
vt 0.2500 0.0000
vt 0.5000 0.0000
vt 0.7500 0.0000
vt 0.0000 1.0000
vt 0.2500 1.0000
vt 0.5000 1.0000
vt 0.7500 1.0000
vt 0.0000 0.0000
vt 0.2500 0.0000
vt 0.5000 0.0000
vt 0.7500 0.0000
vt 0.0000 1.0000
vt 0.2500 1.0000
vt 0.5000 1.0000
vt 0.7500 1.0000
vt 0.0000 0.0000
vt 0.2500 0.0000
vt 0.5000 0.0000
vt 0.7500 0.0000
vt 0.0000 1.0000
vt 0.2500 1.0000
vt 0.5000 1.0000
vt 0.7500 1.0000
vt 0.0000 0.0000
vt 0.2500 0.0000
vt 0.5000 0.0000
vt 0.7500 0.0000
vt 0.0000 1.0000
vt 0.2500 1.0000
vt 0.5000 1.0000
vt 0.7500 1.0000
vt 0.0000 0.0000
vt 0.2500 0.0000
vt 0.5000 0.0000
vt 0.7500 0.0000
vt 0.0000 1.0000
vt 0.2500 1.0000
vt 0.5000 1.0000
vt 0.7500 1.0000
vt 0.0000 0.0000
vt 0.2500 0.0000
vt 0.5000 0.0000
vt 0.7500 0.0000
vt 0.0000 1.0000
vt 0.2500 1.0000
vt 0.5000 1.0000
vt 0.7500 1.0000
vt 0.0000 0.0000
vt 0.2500 0.0000
vt 0.5000 0.0000
vt 0.7500 0.0000
vt 0.0000 1.0000
vt 0.2500 1.0000
vt 0.5000 1.0000
vt 0.7500 1.0000
vt 0.0000 0.0000
vt 0.2500 0.0000
vt 0.5000 0.0000
vt 0.7500 0.0000
vt 0.0000 1.0000
vt 0.2500 1.0000
vt 0.5000 1.0000
vt 0.7500 1.0000
vt 0.0000 0.0000
vt 0.2500 0.0000
vt 0.5000 0.0000
vt 0.7500 0.0000
vt 0.0000 1.0000
vt 0.2500 1.0000
vt 0.5000 1.0000
vt 0.7500 1.0000
vt 0.0000 0.0000
vt 0.2500 0.0000
vt 0.5000 0.0000
vt 0.7500 0.0000
vt 0.0000 1.0000
vt 0.2500 1.0000
vt 0.5000 1.0000
vt 0.7500 1.0000
vt 0.0000 0.0000
vt 0.2500 0.0000
vt 0.5000 0.0000
vt 0.7500 0.0000
vt 0.0000 1.0000
vt 0.2500 1.0000
vt 0.5000 1.0000
vt 0.7500 1.0000
vt 0.0000 0.0000
vt 0.2500 0.0000
vt 0.5000 0.0000
vt 0.7500 0.0000
vt 0.0000 1.0000
vt 0.2500 1.0000
vt 0.5000 1.0000
vt 0.7500 1.0000
vt 0.0000 0.0000
vt 0.2500 0.0000
vt 0.5000 0.0000
vt 0.7500 0.0000
vt 0.0000 1.0000
vt 0.2500 1.0000
vt 0.5000 1.0000
vt 0.7500 1.0000
vt 0.0000 0.0000
vt 0.2500 0.0000
vt 0.5000 0.0000
vt 0.7500 0.0000
vt 0.0000 1.0000
vt 0.2500 1.0000
vt 0.5000 1.0000
vt 0.7500 1.0000
vt 0.0000 0.0000
vt 0.2500 0.0000
vt 0.5000 0.0000
vt 0.7500 0.0000
vt 0.0000 1.0000
vt 0.2500 1.0000
vt 0.5000 1.0000
vt 0.7500 1.0000
vt 0.0000 0.0000
vt 0.2500 0.0000
vt 0.5000 0.0000
vt 0.7500 0.0000
vt 0.0000 1.0000
vt 0.2500 1.0000
vt 0.5000 1.0000
vt 0.7500 1.0000
vt 0.0000 0.0000
vt 0.2500 0.0000
vt 0.5000 0.0000
vt 0.7500 0.0000
vt 0.0000 1.0000
vt 0.2500 1.0000
vt 0.5000 1.0000
vt 0.7500 1.0000
vt 0.0000 0.0000
vt 0.2500 0.0000
vt 0.5000 0.0000
vt 0.7500 0.0000
vt 0.0000 1.0000
vt 0.2500 1.0000
vt 0.5000 1.0000
vt 0.7500 1.0000
vt 0.0000 0.0000
vt 0.2500 0.0000
vt 0.5000 0.0000
vt 0.7500 0.0000
vt 0.0000 1.0000
vt 0.2500 1.0000
vt 0.5000 1.0000
vt 0.7500 1.0000
vt 0.0000 0.0000
vt 0.2500 0.0000
vt 0.5000 0.0000
vt 0.7500 0.0000
vt 0.0000 1.0000
vt 0.2500 1.0000
vt 0.5000 1.0000
vt 0.7500 1.0000
vt 0.0000 0.0000
vt 0.2500 0.0000
vt 0.5000 0.0000
vt 0.7500 0.0000
vt 0.0000 1.0000
vt 0.2500 1.0000
vt 0.5000 1.0000
vt 0.7500 1.0000
vt 0.0000 0.0000
vt 0.2500 0.0000
vt 0.5000 0.0000
vt 0.7500 0.0000
vt 0.0000 1.0000
vt 0.2500 1.0000
vt 0.5000 1.0000
vt 0.7500 1.0000
vt 0.0000 0.0000
vt 0.2500 0.0000
vt 0.5000 0.0000
vt 0.7500 0.0000
vt 0.0000 1.0000
vt 0.2500 1.0000
vt 0.5000 1.0000
vt 0.7500 1.0000
vt 0.0000 0.0000
vt 0.2500 0.0000
vt 0.5000 0.0000
vt 0.7500 0.0000
vt 0.0000 1.0000
vt 0.2500 1.0000
vt 0.5000 1.0000
vt 0.7500 1.0000
vt 0.0000 0.0000
vt 0.2500 0.0000
vt 0.5000 0.0000
vt 0.7500 0.0000
vt 0.0000 1.0000
vt 0.2500 1.0000
vt 0.5000 1.0000
vt 0.7500 1.0000
vt 0.0000 0.0000
vt 0.2500 0.0000
vt 0.5000 0.0000
vt 0.7500 0.0000
vt 0.0000 1.0000
vt 0.2500 1.0000
vt 0.5000 1.0000
vt 0.7500 1.0000
vt 0.0000 0.0000
vt 0.2500 0.0000
vt 0.5000 0.0000
vt 0.7500 0.0000
vt 0.0000 1.0000
vt 0.2500 1.0000
vt 0.5000 1.0000
vt 0.7500 1.0000
vt 0.0000 0.0000
vt 0.2500 0.0000
vt 0.5000 0.0000
vt 0.7500 0.0000
vt 0.0000 1.0000
vt 0.2500 1.0000
vt 0.5000 1.0000
vt 0.7500 1.0000
vt 0.0000 0.0000
vt 0.2500 0.0000
vt 0.5000 0.0000
vt 0.7500 0.0000
vt 0.0000 1.0000
vt 0.2500 1.0000
vt 0.5000 1.0000
vt 0.7500 1.0000
vt 0.0000 0.0000
vt 0.2500 0.0000
vt 0.5000 0.0000
vt 0.7500 0.0000
vt 0.0000 1.0000
vt 0.2500 1.0000
vt 0.5000 1.0000
vt 0.7500 1.0000
vt 0.0000 0.0000
vt 0.2500 0.0000
vt 0.5000 0.0000
vt 0.7500 0.0000
vt 0.0000 1.0000
vt 0.2500 1.0000
vt 0.5000 1.0000
vt 0.7500 1.0000
vt 0.0000 0.0000
vt 0.2500 0.0000
vt 0.5000 0.0000
vt 0.7500 0.0000
vt 0.0000 1.0000
vt 0.2500 1.0000
vt 0.5000 1.0000
vt 0.7500 1.0000
vt 0.0000 0.0000
vt 0.2500 0.0000
vt 0.5000 0.0000
vt 0.7500 0.0000
vt 0.0000 1.0000
vt 0.2500 1.0000
vt 0.5000 1.0000
vt 0.7500 1.0000
vt 0.0000 0.0000
vt 0.2500 0.0000
vt 0.5000 0.0000
vt 0.7500 0.0000
vt 0.0000 1.0000
vt 0.2500 1.0000
vt 0.5000 1.0000
vt 0.7500 1.0000
vt 0.0000 0.0000
vt 0.2500 0.0000
vt 0.5000 0.0000
vt 0.7500 0.0000
vt 0.0000 1.0000
vt 0.2500 1.0000
vt 0.5000 1.0000
vt 0.7500 1.0000
vt 0.0000 0.0000
vt 0.2500 0.0000
vt 0.5000 0.0000
vt 0.7500 0.0000
vt 0.0000 1.0000
vt 0.2500 1.0000
vt 0.5000 1.0000
vt 0.7500 1.0000
vt 0.0000 0.0000
vt 0.2500 0.0000
vt 0.5000 0.0000
vt 0.7500 0.0000
vt 0.0000 1.0000
vt 0.2500 1.0000
vt 0.5000 1.0000
vt 0.7500 1.0000
vt 0.0000 0.0000
vt 0.2500 0.0000
vt 0.5000 0.0000
vt 0.7500 0.0000
vt 0.0000 1.0000
vt 0.2500 1.0000
vt 0.5000 1.0000
vt 0.7500 1.0000
vt 0.0000 0.0000
vt 0.2500 0.0000
vt 0.5000 0.0000
vt 0.7500 0.0000
vt 0.0000 1.0000
vt 0.2500 1.0000
vt 0.5000 1.0000
vt 0.7500 1.0000
vt 0.0000 0.0000
vt 0.2500 0.0000
vt 0.5000 0.0000
vt 0.7500 0.0000
vt 0.0000 1.0000
vt 0.2500 1.0000
vt 0.5000 1.0000
vt 0.7500 1.0000
vt 0.0000 0.0000
vt 0.2500 0.0000
vt 0.5000 0.0000
vt 0.7500 0.0000
vt 0.0000 1.0000
vt 0.2500 1.0000
vt 0.5000 1.0000
vt 0.7500 1.0000
vt 0.0000 0.0000
vt 0.2500 0.0000
vt 0.5000 0.0000
vt 0.7500 0.0000
vt 0.0000 1.0000
vt 0.2500 1.0000
vt 0.5000 1.0000
vt 0.7500 1.0000
vt 0.0000 0.0000
vt 0.2500 0.0000
vt 0.5000 0.0000
vt 0.7500 0.0000
vt 0.0000 1.0000
vt 0.2500 1.0000
vt 0.5000 1.0000
vt 0.7500 1.0000
vt 0.0000 0.0000
vt 0.2500 0.0000
vt 0.5000 0.0000
vt 0.7500 0.0000
vt 0.0000 1.0000
vt 0.2500 1.0000
vt 0.5000 1.0000
vt 0.7500 1.0000
vt 0.0000 0.0000
vt 0.2500 0.0000
vt 0.5000 0.0000
vt 0.7500 0.0000
vt 0.0000 1.0000
vt 0.2500 1.0000
vt 0.5000 1.0000
vt 0.7500 1.0000
vt 0.0000 0.0000
vt 0.2500 0.0000
vt 0.5000 0.0000
vt 0.7500 0.0000
vt 0.0000 1.0000
vt 0.2500 1.0000
vt 0.5000 1.0000
vt 0.7500 1.0000
vt 0.0000 0.0000
vt 0.2500 0.0000
vt 0.5000 0.0000
vt 0.7500 0.0000
vt 0.0000 1.0000
vt 0.2500 1.0000
vt 0.5000 1.0000
vt 0.7500 1.0000
vt 0.0000 0.0000
vt 0.2500 0.0000
vt 0.5000 0.0000
vt 0.7500 0.0000
vt 0.0000 1.0000
vt 0.2500 1.0000
vt 0.5000 1.0000
vt 0.7500 1.0000
vt 0.0000 0.0000
vt 0.2500 0.0000
vt 0.5000 0.0000
vt 0.7500 0.0000
vt 0.0000 1.0000
vt 0.2500 1.0000
vt 0.5000 1.0000
vt 0.7500 1.0000
vt 0.0000 0.0000
vt 0.2500 0.0000
vt 0.5000 0.0000
vt 0.7500 0.0000
vt 0.0000 1.0000
vt 0.2500 1.0000
vt 0.5000 1.0000
vt 0.7500 1.0000
vt 0.0000 0.0000
vt 0.2500 0.0000
vt 0.5000 0.0000
vt 0.7500 0.0000
vt 0.0000 1.0000
vt 0.2500 1.0000
vt 0.5000 1.0000
vt 0.7500 1.0000
vt 0.0000 0.0000
vt 0.2500 0.0000
vt 0.5000 0.0000
vt 0.7500 0.0000
vt 0.0000 1.0000
vt 0.2500 1.0000
vt 0.5000 1.0000
vt 0.7500 1.0000
vt 0.0000 0.0000
vt 0.2500 0.0000
vt 0.5000 0.0000
vt 0.7500 0.0000
vt 0.0000 12.0000
vt 0.2500 12.0000
vt 0.5000 12.0000
vt 0.7500 12.0000
vt 0.0000 0.0000
vt 0.5000 0.0000
vt 0.5000 0.5000
vt 0.0000 0.5000
vt 0.0000 0.0000
vt 0.5000 0.0000
vt 0.5000 0.5000
vt 0.0000 0.5000
vt 0.0000 0.0000
vt 0.5000 0.0000
vt 0.5000 0.5000
vt 0.0000 0.5000
vt 0.0000 0.0000
vt 0.5000 0.0000
vt 0.5000 0.5000
vt 0.0000 0.5000
vt 0.0000 0.0000
vt 0.5000 0.0000
vt 0.5000 0.5000
vt 0.0000 0.5000
vt 0.0000 0.0000
vt 0.5000 0.0000
vt 0.5000 0.5000
vt 0.0000 0.5000
vt 0.0000 0.0000
vt 0.5000 0.0000
vt 0.5000 0.5000
vt 0.0000 0.5000
vt 0.0000 0.0000
vt 0.5000 0.0000
vt 0.5000 0.5000
vt 0.0000 0.5000
vt 0.0000 0.0000
vt 0.5000 0.0000
vt 0.5000 0.5000
vt 0.0000 0.5000
vt 0.0000 0.0000
vt 0.5000 0.0000
vt 0.5000 0.5000
vt 0.0000 0.5000
vt 0.0000 0.0000
vt 0.5000 0.0000
vt 0.5000 0.5000
vt 0.0000 0.5000
vt 0.0000 0.0000
vt 0.5000 0.0000
vt 0.5000 0.5000
vt 0.0000 0.5000
vt 0.0000 0.0000
vt 0.5000 0.0000
vt 0.5000 0.5000
vt 0.0000 0.5000
vt 0.0000 0.0000
vt 0.5000 0.0000
vt 0.5000 0.5000
vt 0.0000 0.5000
vt 0.0000 0.0000
vt 0.5000 0.0000
vt 0.5000 0.5000
vt 0.0000 0.5000
vt 0.0000 0.0000
vt 0.5000 0.0000
vt 0.5000 0.5000
vt 0.0000 0.5000
vt 0.0000 0.0000
vt 0.5000 0.0000
vt 0.5000 0.5000
vt 0.0000 0.5000
vt 0.0000 0.0000
vt 0.5000 0.0000
vt 0.5000 0.5000
vt 0.0000 0.5000
vt 0.0000 0.0000
vt 0.5000 0.0000
vt 0.5000 0.5000
vt 0.0000 0.5000
vt 0.0000 0.0000
vt 0.5000 0.0000
vt 0.5000 0.5000
vt 0.0000 0.5000
vt 0.0000 0.0000
vt 0.5000 0.0000
vt 0.5000 0.5000
vt 0.0000 0.5000
vt 0.0000 0.0000
vt 0.5000 0.0000
vt 0.5000 0.5000
vt 0.0000 0.5000
vt 0.0000 0.0000
vt 0.5000 0.0000
vt 0.5000 0.5000
vt 0.0000 0.5000
vt 0.0000 0.0000
vt 0.5000 0.0000
vt 0.5000 0.5000
vt 0.0000 0.5000
vt 0.0000 0.0000
vt 0.5000 0.0000
vt 0.5000 0.5000
vt 0.0000 0.5000
vt 0.0000 0.0000
vt 0.5000 0.0000
vt 0.5000 0.5000
vt 0.0000 0.5000
vt 0.0000 0.0000
vt 0.5000 0.0000
vt 0.5000 0.5000
vt 0.0000 0.5000
vt 0.0000 0.0000
vt 0.5000 0.0000
vt 0.5000 0.5000
vt 0.0000 0.5000
vt 0.0000 0.0000
vt 0.5000 0.0000
vt 0.5000 0.5000
vt 0.0000 0.5000
vt 0.0000 0.0000
vt 0.5000 0.0000
vt 0.5000 0.5000
vt 0.0000 0.5000
vt 0.0000 0.0000
vt 0.5000 0.0000
vt 0.5000 0.5000
vt 0.0000 0.5000
vt 0.0000 0.0000
vt 0.5000 0.0000
vt 0.5000 0.5000
vt 0.0000 0.5000
vt 0.0000 0.0000
vt 0.5000 0.0000
vt 0.5000 0.5000
vt 0.0000 0.5000
vt 0.0000 0.0000
vt 0.5000 0.0000
vt 0.5000 0.5000
vt 0.0000 0.5000
vt 0.0000 0.0000
vt 0.5000 0.0000
vt 0.5000 0.5000
vt 0.0000 0.5000
vt 0.0000 0.0000
vt 0.5000 0.0000
vt 0.5000 0.5000
vt 0.0000 0.5000
vt 0.0000 0.0000
vt 0.5000 0.0000
vt 0.5000 0.5000
vt 0.0000 0.5000
vt 0.0000 0.0000
vt 0.5000 0.0000
vt 0.5000 0.5000
vt 0.0000 0.5000
vt 0.0000 0.0000
vt 0.5000 0.0000
vt 0.5000 0.5000
vt 0.0000 0.5000
vt 0.0000 0.0000
vt 0.5000 0.0000
vt 0.5000 0.5000
vt 0.0000 0.5000
vt 0.0000 0.0000
vt 0.5000 0.0000
vt 0.5000 0.5000
vt 0.0000 0.5000
vt 0.0000 0.0000
vt 0.5000 0.0000
vt 0.5000 0.5000
vt 0.0000 0.5000
vt 0.0000 0.0000
vt 0.5000 0.0000
vt 0.5000 0.5000
vt 0.0000 0.5000
vt 0.0000 0.0000
vt 0.5000 0.0000
vt 0.5000 0.5000
vt 0.0000 0.5000
vt 0.0000 0.0000
vt 0.5000 0.0000
vt 0.5000 0.5000
vt 0.0000 0.5000
vt 0.0000 0.0000
vt 0.5000 0.0000
vt 0.5000 0.5000
vt 0.0000 0.5000
vt 0.0000 0.0000
vt 0.5000 0.0000
vt 0.5000 0.5000
vt 0.0000 0.5000
vt 0.0000 0.0000
vt 0.5000 0.0000
vt 0.5000 0.5000
vt 0.0000 0.5000
vt 0.0000 0.0000
vt 0.5000 0.0000
vt 0.5000 0.5000
vt 0.0000 0.5000
vt 0.0000 0.0000
vt 0.5000 0.0000
vt 0.5000 0.5000
vt 0.0000 0.5000
vt 0.0000 0.0000
vt 0.5000 0.0000
vt 0.5000 0.5000
vt 0.0000 0.5000
vt 0.0000 0.0000
vt 0.5000 0.0000
vt 0.5000 0.5000
vt 0.0000 0.5000
vt 0.0000 0.0000
vt 0.5000 0.0000
vt 0.5000 0.5000
vt 0.0000 0.5000
vt 0.0000 0.0000
vt 0.5000 0.0000
vt 0.5000 0.5000
vt 0.0000 0.5000
vt 0.0000 0.0000
vt 0.5000 0.0000
vt 0.5000 0.5000
vt 0.0000 0.5000
vt 0.0000 0.0000
vt 0.5000 0.0000
vt 0.5000 0.5000
vt 0.0000 0.5000
vt 0.0000 0.0000
vt 0.5000 0.0000
vt 0.5000 0.5000
vt 0.0000 0.5000
vt 0.0000 0.0000
vt 0.5000 0.0000
vt 0.5000 0.5000
vt 0.0000 0.5000
vt 0.0000 0.0000
vt 0.5000 0.0000
vt 0.5000 0.5000
vt 0.0000 0.5000
vt 0.0000 0.0000
vt 0.5000 0.0000
vt 0.5000 0.5000
vt 0.0000 0.5000
vt 0.0000 0.0000
vt 0.5000 0.0000
vt 0.5000 0.5000
vt 0.0000 0.5000
vt 0.0000 0.0000
vt 0.5000 0.0000
vt 0.5000 0.5000
vt 0.0000 0.5000
vt 0.0000 0.0000
vt 0.5000 0.0000
vt 0.5000 0.5000
vt 0.0000 0.5000
vt 0.0000 0.0000
vt 0.5000 0.0000
vt 0.5000 0.5000
vt 0.0000 0.5000
vt 0.0000 0.0000
vt 0.5000 0.0000
vt 0.5000 0.5000
vt 0.0000 0.5000
vt 0.0000 0.0000
vt 0.5000 0.0000
vt 0.5000 0.5000
vt 0.0000 0.5000
vt 0.0000 0.0000
vt 0.5000 0.0000
vt 0.5000 0.5000
vt 0.0000 0.5000
vt 0.0000 0.0000
vt 0.5000 0.0000
vt 0.5000 0.5000
vt 0.0000 0.5000
vt 0.0000 0.0000
vt 0.5000 0.0000
vt 0.5000 0.5000
vt 0.0000 0.5000
vt 0.0000 0.0000
vt 0.5000 0.0000
vt 0.5000 0.5000
vt 0.0000 0.5000
vt 0.0000 0.0000
vt 0.5000 0.0000
vt 0.5000 0.5000
vt 0.0000 0.5000
vt 0.0000 0.0000
vt 0.5000 0.0000
vt 0.5000 0.5000
vt 0.0000 0.5000
vt 0.0000 0.0000
vt 0.5000 0.0000
vt 0.5000 0.5000
vt 0.0000 0.5000
vt 0.0000 0.0000
vt 0.5000 0.0000
vt 0.5000 0.5000
vt 0.0000 0.5000
vt 0.0000 0.0000
vt 0.5000 0.0000
vt 0.5000 0.5000
vt 0.0000 0.5000
vt 0.0000 0.0000
vt 0.5000 0.0000
vt 0.5000 0.5000
vt 0.0000 0.5000
vt 0.0000 0.0000
vt 0.5000 0.0000
vt 0.5000 0.5000
vt 0.0000 0.5000
vt 0.0000 0.0000
vt 0.5000 0.0000
vt 0.5000 0.5000
vt 0.0000 0.5000
vt 0.0000 0.0000
vt 0.5000 0.0000
vt 0.5000 0.5000
vt 0.0000 0.5000
vt 0.0000 0.0000
vt 0.5000 0.0000
vt 0.5000 0.5000
vt 0.0000 0.5000
vt 0.0000 0.0000
vt 0.5000 0.0000
vt 0.5000 0.5000
vt 0.0000 0.5000
vt 0.0000 0.0000
vt 0.5000 0.0000
vt 0.5000 0.5000
vt 0.0000 0.5000
vt 0.0000 0.0000
vt 0.5000 0.0000
vt 0.5000 0.5000
vt 0.0000 0.5000
vt 0.0000 0.0000
vt 0.5000 0.0000
vt 0.5000 0.5000
vt 0.0000 0.5000
vt 0.0000 0.0000
vt 0.5000 0.0000
vt 0.5000 0.5000
vt 0.0000 0.5000
vt 0.0000 0.0000
vt 0.5000 0.0000
vt 0.5000 0.5000
vt 0.0000 0.5000
vt 0.0000 0.0000
vt 0.5000 0.0000
vt 0.5000 0.5000
vt 0.0000 0.5000
vt 0.0000 0.0000
vt 0.5000 0.0000
vt 0.5000 0.5000
vt 0.0000 0.5000
vt 0.0000 0.0000
vt 0.5000 0.0000
vt 0.5000 0.5000
vt 0.0000 0.5000
vt 0.0000 0.0000
vt 0.5000 0.0000
vt 0.5000 0.5000
vt 0.0000 0.5000
vt 0.0000 0.0000
vt 0.5000 0.0000
vt 0.5000 0.5000
vt 0.0000 0.5000
vt 0.0000 0.0000
vt 0.5000 0.0000
vt 0.5000 0.5000
vt 0.0000 0.5000
vt 0.0000 0.0000
vt 0.5000 0.0000
vt 0.5000 0.5000
vt 0.0000 0.5000
vt 0.0000 0.0000
vt 0.5000 0.0000
vt 0.5000 0.5000
vt 0.0000 0.5000
vt 0.0000 0.0000
vt 0.5000 0.0000
vt 0.5000 0.5000
vt 0.0000 0.5000
vt 0.0000 0.0000
vt 0.5000 0.0000
vt 0.5000 0.5000
vt 0.0000 0.5000
vt 0.0000 0.0000
vt 0.5000 0.0000
vt 0.5000 0.5000
vt 0.0000 0.5000
vt 0.0000 0.0000
vt 0.5000 0.0000
vt 0.5000 0.5000
vt 0.0000 0.5000
vt 0.0000 0.0000
vt 0.5000 0.0000
vt 0.5000 0.5000
vt 0.0000 0.5000
vt 0.0000 0.0000
vt 0.5000 0.0000
vt 0.5000 0.5000
vt 0.0000 0.5000
vt 0.0000 0.0000
vt 0.5000 0.0000
vt 0.5000 0.5000
vt 0.0000 0.5000
vt 0.0000 0.0000
vt 0.5000 0.0000
vt 0.5000 0.5000
vt 0.0000 0.5000
vt 0.0000 0.0000
vt 0.5000 0.0000
vt 0.5000 0.5000
vt 0.0000 0.5000
vt 0.0000 0.0000
vt 0.5000 0.0000
vt 0.5000 0.5000
vt 0.0000 0.5000
vt 0.0000 0.0000
vt 0.5000 0.0000
vt 0.5000 0.5000
vt 0.0000 0.5000
vt 0.0000 0.0000
vt 0.5000 0.0000
vt 0.5000 0.5000
vt 0.0000 0.5000
vt 0.0000 0.0000
vt 0.5000 0.0000
vt 0.5000 0.5000
vt 0.0000 0.5000
vt 0.0000 0.0000
vt 0.5000 0.0000
vt 0.5000 0.5000
vt 0.0000 0.5000
vt 0.0000 0.0000
vt 0.5000 0.0000
vt 0.5000 0.5000
vt 0.0000 0.5000
vt 0.0000 0.0000
vt 0.5000 0.0000
vt 0.5000 0.5000
vt 0.0000 0.5000
vt 0.0000 0.0000
vt 0.5000 0.0000
vt 0.5000 0.5000
vt 0.0000 0.5000
vt 0.0000 0.0000
vt 0.5000 0.0000
vt 0.5000 0.5000
vt 0.0000 0.5000
vt 0.0000 0.0000
vt 0.5000 0.0000
vt 0.5000 0.5000
vt 0.0000 0.5000
vt 0.0000 0.0000
vt 0.5000 0.0000
vt 0.5000 0.5000
vt 0.0000 0.5000
vt 0.0000 0.0000
vt 0.5000 0.0000
vt 0.5000 0.5000
vt 0.0000 0.5000
vt 0.0000 0.0000
vt 0.5000 0.0000
vt 0.5000 0.5000
vt 0.0000 0.5000
vt 0.0000 0.0000
vt 0.5000 0.0000
vt 0.5000 0.5000
vt 0.0000 0.5000
vt 0.0000 0.0000
vt 0.5000 0.0000
vt 0.5000 0.5000
vt 0.0000 0.5000
vt 0.0000 0.0000
vt 0.5000 0.0000
vt 0.5000 0.5000
vt 0.0000 0.5000
vt 0.0000 0.0000
vt 0.5000 0.0000
vt 0.5000 0.5000
vt 0.0000 0.5000
vt 0.0000 0.0000
vt 0.5000 0.0000
vt 0.5000 0.5000
vt 0.0000 0.5000
vt 0.0000 0.0000
vt 0.5000 0.0000
vt 0.5000 0.5000
vt 0.0000 0.5000
vt 0.0000 0.0000
vt 0.5000 0.0000
vt 0.5000 0.5000
vt 0.0000 0.5000
vt 0.0000 0.0000
vt 0.5000 0.0000
vt 0.5000 0.5000
vt 0.0000 0.5000
vt 0.0000 0.0000
vt 0.5000 0.0000
vt 0.5000 0.5000
vt 0.0000 0.5000
vt 0.0000 0.0000
vt 0.5000 0.0000
vt 0.5000 0.5000
vt 0.0000 0.5000
vt 0.0000 0.0000
vt 0.5000 0.0000
vt 0.5000 0.5000
vt 0.0000 0.5000
vt 0.0000 0.0000
vt 0.5000 0.0000
vt 0.5000 0.5000
vt 0.0000 0.5000
vt 0.0000 0.0000
vt 0.5000 0.0000
vt 0.5000 0.5000
vt 0.0000 0.5000
vt 0.0000 0.0000
vt 0.5000 0.0000
vt 0.5000 0.5000
vt 0.0000 0.5000
vt 0.0000 0.0000
vt 0.5000 0.0000
vt 0.5000 0.5000
vt 0.0000 0.5000
vt 0.0000 0.0000
vt 0.5000 0.0000
vt 0.5000 0.5000
vt 0.0000 0.5000
vt 0.0000 0.0000
vt 0.5000 0.0000
vt 0.5000 0.5000
vt 0.0000 0.5000
vt 0.0000 0.0000
vt 0.5000 0.0000
vt 0.5000 0.5000
vt 0.0000 0.5000
vt 0.0000 0.0000
vt 0.5000 0.0000
vt 0.5000 0.5000
vt 0.0000 0.5000
vt 0.0000 0.0000
vt 0.5000 0.0000
vt 0.5000 0.5000
vt 0.0000 0.5000
vt 0.0000 0.0000
vt 0.5000 0.0000
vt 0.5000 0.5000
vt 0.0000 0.5000
vt 0.0000 0.0000
vt 0.5000 0.0000
vt 0.5000 0.5000
vt 0.0000 0.5000
vt 0.0000 0.0000
vt 0.5000 0.0000
vt 0.5000 0.5000
vt 0.0000 0.5000
vt 0.0000 0.0000
vt 0.5000 0.0000
vt 0.5000 0.5000
vt 0.0000 0.5000
vt 0.0000 0.0000
vt 0.5000 0.0000
vt 0.5000 0.5000
vt 0.0000 0.5000
vt 0.0000 0.0000
vt 0.5000 0.0000
vt 0.5000 0.5000
vt 0.0000 0.5000
vt 0.0000 0.0000
vt 0.5000 0.0000
vt 0.5000 0.5000
vt 0.0000 0.5000
vt 0.0000 0.0000
vt 0.5000 0.0000
vt 0.5000 0.5000
vt 0.0000 0.5000
vt 0.0000 0.0000
vt 1.0000 0.0000
vt 1.0000 1.0000
vt 0.0000 1.0000
vt 0.0000 0.0000
vt 1.0000 0.0000
vt 1.0000 1.0000
vt 0.0000 1.0000
vt 0.0000 0.0000
vt 1.0000 0.0000
vt 1.0000 1.0000
vt 0.0000 1.0000
vt 0.0000 0.0000
vt 1.0000 0.0000
vt 1.0000 1.0000
vt 0.0000 1.0000
vt 0.0000 0.0000
vt 1.0000 0.0000
vt 1.0000 1.0000
vt 0.0000 1.0000
vt 0.0000 0.0000
vt 1.0000 0.0000
vt 1.0000 1.0000
vt 0.0000 1.0000
vt 0.0000 0.0000
vt 0.2500 0.0000
vt 0.5000 0.0000
vt 0.7500 0.0000
vt 0.0000 8.0000
vt 0.2500 8.0000
vt 0.5000 8.0000
vt 0.7500 8.0000
vt 0.0000 0.0000
vt 0.2500 0.0000
vt 0.5000 0.0000
vt 0.7500 0.0000
vt 0.0000 6.0000
vt 0.2500 6.0000
vt 0.5000 6.0000
vt 0.7500 6.0000
vt 0.0000 0.0000
vt 0.2500 0.0000
vt 0.5000 0.0000
vt 0.7500 0.0000
vt 0.0000 6.0000
vt 0.2500 6.0000
vt 0.5000 6.0000
vt 0.7500 6.0000
vt 0.0000 0.0000
vt 0.2500 0.0000
vt 0.5000 0.0000
vt 0.7500 0.0000
vt 0.0000 6.0000
vt 0.2500 6.0000
vt 0.5000 6.0000
vt 0.7500 6.0000
vt 0.0000 0.0000
vt 0.2500 0.0000
vt 0.5000 0.0000
vt 0.7500 0.0000
vt 0.0000 6.0000
vt 0.2500 6.0000
vt 0.5000 6.0000
vt 0.7500 6.0000
vt 0.0000 0.0000
vt 0.2500 0.0000
vt 0.5000 0.0000
vt 0.7500 0.0000
vt 0.0000 1.0000
vt 0.2500 1.0000
vt 0.5000 1.0000
vt 0.7500 1.0000
vt 0.0000 0.0000
vt 0.2500 0.0000
vt 0.5000 0.0000
vt 0.7500 0.0000
vt 0.0000 1.0000
vt 0.2500 1.0000
vt 0.5000 1.0000
vt 0.7500 1.0000
vt 0.0000 0.0000
vt 0.2500 0.0000
vt 0.5000 0.0000
vt 0.7500 0.0000
vt 0.0000 1.0000
vt 0.2500 1.0000
vt 0.5000 1.0000
vt 0.7500 1.0000
vt 0.0000 0.0000
vt 0.2500 0.0000
vt 0.5000 0.0000
vt 0.7500 0.0000
vt 0.0000 1.0000
vt 0.2500 1.0000
vt 0.5000 1.0000
vt 0.7500 1.0000
vt 0.0000 0.0000
vt 0.2500 0.0000
vt 0.5000 0.0000
vt 0.7500 0.0000
vt 0.0000 1.0000
vt 0.2500 1.0000
vt 0.5000 1.0000
vt 0.7500 1.0000
vt 0.0000 0.0000
vt 0.2500 0.0000
vt 0.5000 0.0000
vt 0.7500 0.0000
vt 0.0000 1.0000
vt 0.2500 1.0000
vt 0.5000 1.0000
vt 0.7500 1.0000
vt 0.0000 0.0000
vt 0.2500 0.0000
vt 0.5000 0.0000
vt 0.7500 0.0000
vt 0.0000 1.0000
vt 0.2500 1.0000
vt 0.5000 1.0000
vt 0.7500 1.0000
vt 0.0000 0.0000
vt 0.2500 0.0000
vt 0.5000 0.0000
vt 0.7500 0.0000
vt 0.0000 1.0000
vt 0.2500 1.0000
vt 0.5000 1.0000
vt 0.7500 1.0000
vt 0.0000 0.0000
vt 0.2500 0.0000
vt 0.5000 0.0000
vt 0.7500 0.0000
vt 0.0000 1.0000
vt 0.2500 1.0000
vt 0.5000 1.0000
vt 0.7500 1.0000
vt 0.0000 0.0000
vt 0.2500 0.0000
vt 0.5000 0.0000
vt 0.7500 0.0000
vt 0.0000 1.0000
vt 0.2500 1.0000
vt 0.5000 1.0000
vt 0.7500 1.0000
vt 0.0000 0.0000
vt 0.2500 0.0000
vt 0.5000 0.0000
vt 0.7500 0.0000
vt 0.0000 1.0000
vt 0.2500 1.0000
vt 0.5000 1.0000
vt 0.7500 1.0000
vt 0.0000 0.0000
vt 0.2500 0.0000
vt 0.5000 0.0000
vt 0.7500 0.0000
vt 0.0000 1.0000
vt 0.2500 1.0000
vt 0.5000 1.0000
vt 0.7500 1.0000
vt 0.0000 0.0000
vt 0.2500 0.0000
vt 0.5000 0.0000
vt 0.7500 0.0000
vt 0.0000 1.0000
vt 0.2500 1.0000
vt 0.5000 1.0000
vt 0.7500 1.0000
vt 0.0000 0.0000
vt 0.2500 0.0000
vt 0.5000 0.0000
vt 0.7500 0.0000
vt 0.0000 1.0000
vt 0.2500 1.0000
vt 0.5000 1.0000
vt 0.7500 1.0000
vt 0.0000 0.0000
vt 0.2500 0.0000
vt 0.5000 0.0000
vt 0.7500 0.0000
vt 0.0000 1.0000
vt 0.2500 1.0000
vt 0.5000 1.0000
vt 0.7500 1.0000
vt 0.0000 0.0000
vt 0.2500 0.0000
vt 0.5000 0.0000
vt 0.7500 0.0000
vt 0.0000 1.0000
vt 0.2500 1.0000
vt 0.5000 1.0000
vt 0.7500 1.0000
vt 0.0000 0.0000
vt 0.2500 0.0000
vt 0.5000 0.0000
vt 0.7500 0.0000
vt 0.0000 1.0000
vt 0.2500 1.0000
vt 0.5000 1.0000
vt 0.7500 1.0000
vt 0.0000 0.0000
vt 0.2500 0.0000
vt 0.5000 0.0000
vt 0.7500 0.0000
vt 0.0000 1.0000
vt 0.2500 1.0000
vt 0.5000 1.0000
vt 0.7500 1.0000
vt 0.0000 0.0000
vt 0.2500 0.0000
vt 0.5000 0.0000
vt 0.7500 0.0000
vt 0.0000 1.0000
vt 0.2500 1.0000
vt 0.5000 1.0000
vt 0.7500 1.0000
vt 0.0000 0.0000
vt 0.2500 0.0000
vt 0.5000 0.0000
vt 0.7500 0.0000
vt 0.0000 1.0000
vt 0.2500 1.0000
vt 0.5000 1.0000
vt 0.7500 1.0000
vt 0.0000 0.0000
vt 0.2500 0.0000
vt 0.5000 0.0000
vt 0.7500 0.0000
vt 0.0000 1.0000
vt 0.2500 1.0000
vt 0.5000 1.0000
vt 0.7500 1.0000
vt 0.0000 0.0000
vt 0.2500 0.0000
vt 0.5000 0.0000
vt 0.7500 0.0000
vt 0.0000 1.0000
vt 0.2500 1.0000
vt 0.5000 1.0000
vt 0.7500 1.0000
vt 0.0000 0.0000
vt 0.2500 0.0000
vt 0.5000 0.0000
vt 0.7500 0.0000
vt 0.0000 1.0000
vt 0.2500 1.0000
vt 0.5000 1.0000
vt 0.7500 1.0000
vt 0.0000 0.0000
vt 0.2500 0.0000
vt 0.5000 0.0000
vt 0.7500 0.0000
vt 0.0000 1.0000
vt 0.2500 1.0000
vt 0.5000 1.0000
vt 0.7500 1.0000
vt 0.0000 0.0000
vt 0.2500 0.0000
vt 0.5000 0.0000
vt 0.7500 0.0000
vt 0.0000 1.0000
vt 0.2500 1.0000
vt 0.5000 1.0000
vt 0.7500 1.0000
vt 0.0000 0.0000
vt 0.2500 0.0000
vt 0.5000 0.0000
vt 0.7500 0.0000
vt 0.0000 1.0000
vt 0.2500 1.0000
vt 0.5000 1.0000
vt 0.7500 1.0000
vt 0.0000 0.0000
vt 0.2500 0.0000
vt 0.5000 0.0000
vt 0.7500 0.0000
vt 0.0000 1.0000
vt 0.2500 1.0000
vt 0.5000 1.0000
vt 0.7500 1.0000
vt 0.0000 0.0000
vt 0.2500 0.0000
vt 0.5000 0.0000
vt 0.7500 0.0000
vt 0.0000 1.0000
vt 0.2500 1.0000
vt 0.5000 1.0000
vt 0.7500 1.0000
vt 0.0000 0.0000
vt 0.2500 0.0000
vt 0.5000 0.0000
vt 0.7500 0.0000
vt 0.0000 1.0000
vt 0.2500 1.0000
vt 0.5000 1.0000
vt 0.7500 1.0000
vt 0.0000 0.0000
vt 0.2500 0.0000
vt 0.5000 0.0000
vt 0.7500 0.0000
vt 0.0000 1.0000
vt 0.2500 1.0000
vt 0.5000 1.0000
vt 0.7500 1.0000
vt 0.0000 0.0000
vt 0.2500 0.0000
vt 0.5000 0.0000
vt 0.7500 0.0000
vt 0.0000 1.0000
vt 0.2500 1.0000
vt 0.5000 1.0000
vt 0.7500 1.0000
vt 0.0000 0.0000
vt 0.2500 0.0000
vt 0.5000 0.0000
vt 0.7500 0.0000
vt 0.0000 1.0000
vt 0.2500 1.0000
vt 0.5000 1.0000
vt 0.7500 1.0000
vt 0.0000 0.0000
vt 0.2500 0.0000
vt 0.5000 0.0000
vt 0.7500 0.0000
vt 0.0000 1.0000
vt 0.2500 1.0000
vt 0.5000 1.0000
vt 0.7500 1.0000
vt 0.0000 0.0000
vt 0.2500 0.0000
vt 0.5000 0.0000
vt 0.7500 0.0000
vt 0.0000 1.0000
vt 0.2500 1.0000
vt 0.5000 1.0000
vt 0.7500 1.0000
vt 0.0000 0.0000
vt 0.2500 0.0000
vt 0.5000 0.0000
vt 0.7500 0.0000
vt 0.0000 1.0000
vt 0.2500 1.0000
vt 0.5000 1.0000
vt 0.7500 1.0000
vt 0.0000 0.0000
vt 0.2500 0.0000
vt 0.5000 0.0000
vt 0.7500 0.0000
vt 0.0000 1.0000
vt 0.2500 1.0000
vt 0.5000 1.0000
vt 0.7500 1.0000
vt 0.0000 0.0000
vt 0.2500 0.0000
vt 0.5000 0.0000
vt 0.7500 0.0000
vt 0.0000 1.0000
vt 0.2500 1.0000
vt 0.5000 1.0000
vt 0.7500 1.0000
vt 0.0000 0.0000
vt 0.2500 0.0000
vt 0.5000 0.0000
vt 0.7500 0.0000
vt 0.0000 1.0000
vt 0.2500 1.0000
vt 0.5000 1.0000
vt 0.7500 1.0000
vt 0.0000 0.0000
vt 0.2500 0.0000
vt 0.5000 0.0000
vt 0.7500 0.0000
vt 0.0000 1.0000
vt 0.2500 1.0000
vt 0.5000 1.0000
vt 0.7500 1.0000
vt 0.0000 0.0000
vt 0.2500 0.0000
vt 0.5000 0.0000
vt 0.7500 0.0000
vt 0.0000 1.0000
vt 0.2500 1.0000
vt 0.5000 1.0000
vt 0.7500 1.0000
vt 0.0000 0.0000
vt 0.2500 0.0000
vt 0.5000 0.0000
vt 0.7500 0.0000
vt 0.0000 1.0000
vt 0.2500 1.0000
vt 0.5000 1.0000
vt 0.7500 1.0000
vt 0.0000 0.0000
vt 0.2500 0.0000
vt 0.5000 0.0000
vt 0.7500 0.0000
vt 0.0000 1.0000
vt 0.2500 1.0000
vt 0.5000 1.0000
vt 0.7500 1.0000
vt 0.0000 0.0000
vt 0.2500 0.0000
vt 0.5000 0.0000
vt 0.7500 0.0000
vt 0.0000 1.0000
vt 0.2500 1.0000
vt 0.5000 1.0000
vt 0.7500 1.0000
vt 0.0000 0.0000
vt 0.2500 0.0000
vt 0.5000 0.0000
vt 0.7500 0.0000
vt 0.0000 1.0000
vt 0.2500 1.0000
vt 0.5000 1.0000
vt 0.7500 1.0000
vt 0.0000 0.0000
vt 0.2500 0.0000
vt 0.5000 0.0000
vt 0.7500 0.0000
vt 0.0000 1.0000
vt 0.2500 1.0000
vt 0.5000 1.0000
vt 0.7500 1.0000
vt 0.0000 0.0000
vt 0.2500 0.0000
vt 0.5000 0.0000
vt 0.7500 0.0000
vt 0.0000 1.0000
vt 0.2500 1.0000
vt 0.5000 1.0000
vt 0.7500 1.0000
vt 0.0000 0.0000
vt 0.2500 0.0000
vt 0.5000 0.0000
vt 0.7500 0.0000
vt 0.0000 1.0000
vt 0.2500 1.0000
vt 0.5000 1.0000
vt 0.7500 1.0000
vt 0.0000 0.0000
vt 0.2500 0.0000
vt 0.5000 0.0000
vt 0.7500 0.0000
vt 0.0000 1.0000
vt 0.2500 1.0000
vt 0.5000 1.0000
vt 0.7500 1.0000
vt 0.0000 0.0000
vt 0.2500 0.0000
vt 0.5000 0.0000
vt 0.7500 0.0000
vt 0.0000 1.0000
vt 0.2500 1.0000
vt 0.5000 1.0000
vt 0.7500 1.0000
vt 0.0000 0.0000
vt 0.2500 0.0000
vt 0.5000 0.0000
vt 0.7500 0.0000
vt 0.0000 1.0000
vt 0.2500 1.0000
vt 0.5000 1.0000
vt 0.7500 1.0000
vt 0.0000 0.0000
vt 0.2500 0.0000
vt 0.5000 0.0000
vt 0.7500 0.0000
vt 0.0000 1.0000
vt 0.2500 1.0000
vt 0.5000 1.0000
vt 0.7500 1.0000
vt 0.0000 0.0000
vt 0.2500 0.0000
vt 0.5000 0.0000
vt 0.7500 0.0000
vt 0.0000 1.0000
vt 0.2500 1.0000
vt 0.5000 1.0000
vt 0.7500 1.0000
vt 0.0000 0.0000
vt 0.2500 0.0000
vt 0.5000 0.0000
vt 0.7500 0.0000
vt 0.0000 1.0000
vt 0.2500 1.0000
vt 0.5000 1.0000
vt 0.7500 1.0000
vt 0.0000 0.0000
vt 0.2500 0.0000
vt 0.5000 0.0000
vt 0.7500 0.0000
vt 0.0000 1.0000
vt 0.2500 1.0000
vt 0.5000 1.0000
vt 0.7500 1.0000
vt 0.0000 0.0000
vt 0.2500 0.0000
vt 0.5000 0.0000
vt 0.7500 0.0000
vt 0.0000 1.0000
vt 0.2500 1.0000
vt 0.5000 1.0000
vt 0.7500 1.0000
vt 0.0000 0.0000
vt 0.2500 0.0000
vt 0.5000 0.0000
vt 0.7500 0.0000
vt 0.0000 1.0000
vt 0.2500 1.0000
vt 0.5000 1.0000
vt 0.7500 1.0000
vt 0.0000 0.0000
vt 0.2500 0.0000
vt 0.5000 0.0000
vt 0.7500 0.0000
vt 0.0000 1.0000
vt 0.2500 1.0000
vt 0.5000 1.0000
vt 0.7500 1.0000
vt 0.0000 0.0000
vt 0.2500 0.0000
vt 0.5000 0.0000
vt 0.7500 0.0000
vt 0.0000 1.0000
vt 0.2500 1.0000
vt 0.5000 1.0000
vt 0.7500 1.0000
vt 0.0000 0.0000
vt 0.2500 0.0000
vt 0.5000 0.0000
vt 0.7500 0.0000
vt 0.0000 1.0000
vt 0.2500 1.0000
vt 0.5000 1.0000
vt 0.7500 1.0000
vt 0.0000 0.0000
vt 0.2500 0.0000
vt 0.5000 0.0000
vt 0.7500 0.0000
vt 0.0000 1.0000
vt 0.2500 1.0000
vt 0.5000 1.0000
vt 0.7500 1.0000
vt 0.0000 0.0000
vt 0.2500 0.0000
vt 0.5000 0.0000
vt 0.7500 0.0000
vt 0.0000 1.0000
vt 0.2500 1.0000
vt 0.5000 1.0000
vt 0.7500 1.0000
vt 0.0000 0.0000
vt 0.2500 0.0000
vt 0.5000 0.0000
vt 0.7500 0.0000
vt 0.0000 1.0000
vt 0.2500 1.0000
vt 0.5000 1.0000
vt 0.7500 1.0000
vt 0.0000 0.0000
vt 0.2500 0.0000
vt 0.5000 0.0000
vt 0.7500 0.0000
vt 0.0000 1.0000
vt 0.2500 1.0000
vt 0.5000 1.0000
vt 0.7500 1.0000
vt 0.0000 0.0000
vt 0.2500 0.0000
vt 0.5000 0.0000
vt 0.7500 0.0000
vt 0.0000 1.0000
vt 0.2500 1.0000
vt 0.5000 1.0000
vt 0.7500 1.0000
vt 0.0000 0.0000
vt 0.2500 0.0000
vt 0.5000 0.0000
vt 0.7500 0.0000
vt 0.0000 1.0000
vt 0.2500 1.0000
vt 0.5000 1.0000
vt 0.7500 1.0000
vt 0.0000 0.0000
vt 0.2500 0.0000
vt 0.5000 0.0000
vt 0.7500 0.0000
vt 0.0000 1.0000
vt 0.2500 1.0000
vt 0.5000 1.0000
vt 0.7500 1.0000
vt 0.0000 0.0000
vt 0.2500 0.0000
vt 0.5000 0.0000
vt 0.7500 0.0000
vt 0.0000 1.0000
vt 0.2500 1.0000
vt 0.5000 1.0000
vt 0.7500 1.0000
vt 0.0000 0.0000
vt 0.2500 0.0000
vt 0.5000 0.0000
vt 0.7500 0.0000
vt 0.0000 1.0000
vt 0.2500 1.0000
vt 0.5000 1.0000
vt 0.7500 1.0000
vt 0.0000 0.0000
vt 0.2500 0.0000
vt 0.5000 0.0000
vt 0.7500 0.0000
vt 0.0000 1.0000
vt 0.2500 1.0000
vt 0.5000 1.0000
vt 0.7500 1.0000
vt 0.0000 0.0000
vt 0.2500 0.0000
vt 0.5000 0.0000
vt 0.7500 0.0000
vt 0.0000 1.0000
vt 0.2500 1.0000
vt 0.5000 1.0000
vt 0.7500 1.0000
vt 0.0000 0.0000
vt 0.2500 0.0000
vt 0.5000 0.0000
vt 0.7500 0.0000
vt 0.0000 1.0000
vt 0.2500 1.0000
vt 0.5000 1.0000
vt 0.7500 1.0000
vt 0.0000 0.0000
vt 0.2500 0.0000
vt 0.5000 0.0000
vt 0.7500 0.0000
vt 0.0000 1.0000
vt 0.2500 1.0000
vt 0.5000 1.0000
vt 0.7500 1.0000
vt 0.0000 0.0000
vt 0.2500 0.0000
vt 0.5000 0.0000
vt 0.7500 0.0000
vt 0.0000 12.0000
vt 0.2500 12.0000
vt 0.5000 12.0000
vt 0.7500 12.0000
vt 0.0000 0.0000
vt 0.5000 0.0000
vt 0.5000 0.5000
vt 0.0000 0.5000
vt 0.0000 0.0000
vt 0.5000 0.0000
vt 0.5000 0.5000
vt 0.0000 0.5000
vt 0.0000 0.0000
vt 0.5000 0.0000
vt 0.5000 0.5000
vt 0.0000 0.5000
vt 0.0000 0.0000
vt 0.5000 0.0000
vt 0.5000 0.5000
vt 0.0000 0.5000
vt 0.0000 0.0000
vt 0.5000 0.0000
vt 0.5000 0.5000
vt 0.0000 0.5000
vt 0.0000 0.0000
vt 0.5000 0.0000
vt 0.5000 0.5000
vt 0.0000 0.5000
vt 0.0000 0.0000
vt 0.5000 0.0000
vt 0.5000 0.5000
vt 0.0000 0.5000
vt 0.0000 0.0000
vt 0.5000 0.0000
vt 0.5000 0.5000
vt 0.0000 0.5000
vt 0.0000 0.0000
vt 0.5000 0.0000
vt 0.5000 0.5000
vt 0.0000 0.5000
vt 0.0000 0.0000
vt 0.5000 0.0000
vt 0.5000 0.5000
vt 0.0000 0.5000
vt 0.0000 0.0000
vt 0.5000 0.0000
vt 0.5000 0.5000
vt 0.0000 0.5000
vt 0.0000 0.0000
vt 0.5000 0.0000
vt 0.5000 0.5000
vt 0.0000 0.5000
vt 0.0000 0.0000
vt 0.5000 0.0000
vt 0.5000 0.5000
vt 0.0000 0.5000
vt 0.0000 0.0000
vt 0.5000 0.0000
vt 0.5000 0.5000
vt 0.0000 0.5000
vt 0.0000 0.0000
vt 0.5000 0.0000
vt 0.5000 0.5000
vt 0.0000 0.5000
vt 0.0000 0.0000
vt 0.5000 0.0000
vt 0.5000 0.5000
vt 0.0000 0.5000
vt 0.0000 0.0000
vt 0.5000 0.0000
vt 0.5000 0.5000
vt 0.0000 0.5000
vt 0.0000 0.0000
vt 0.5000 0.0000
vt 0.5000 0.5000
vt 0.0000 0.5000
vt 0.0000 0.0000
vt 0.5000 0.0000
vt 0.5000 0.5000
vt 0.0000 0.5000
vt 0.0000 0.0000
vt 0.5000 0.0000
vt 0.5000 0.5000
vt 0.0000 0.5000
vt 0.0000 0.0000
vt 0.5000 0.0000
vt 0.5000 0.5000
vt 0.0000 0.5000
vt 0.0000 0.0000
vt 0.5000 0.0000
vt 0.5000 0.5000
vt 0.0000 0.5000
vt 0.0000 0.0000
vt 0.5000 0.0000
vt 0.5000 0.5000
vt 0.0000 0.5000
vt 0.0000 0.0000
vt 0.5000 0.0000
vt 0.5000 0.5000
vt 0.0000 0.5000
vt 0.0000 0.0000
vt 0.5000 0.0000
vt 0.5000 0.5000
vt 0.0000 0.5000
vt 0.0000 0.0000
vt 0.5000 0.0000
vt 0.5000 0.5000
vt 0.0000 0.5000
vt 0.0000 0.0000
vt 0.5000 0.0000
vt 0.5000 0.5000
vt 0.0000 0.5000
vt 0.0000 0.0000
vt 0.5000 0.0000
vt 0.5000 0.5000
vt 0.0000 0.5000
vt 0.0000 0.0000
vt 0.5000 0.0000
vt 0.5000 0.5000
vt 0.0000 0.5000
vt 0.0000 0.0000
vt 0.5000 0.0000
vt 0.5000 0.5000
vt 0.0000 0.5000
vt 0.0000 0.0000
vt 0.5000 0.0000
vt 0.5000 0.5000
vt 0.0000 0.5000
vt 0.0000 0.0000
vt 0.5000 0.0000
vt 0.5000 0.5000
vt 0.0000 0.5000
vt 0.0000 0.0000
vt 0.5000 0.0000
vt 0.5000 0.5000
vt 0.0000 0.5000
vt 0.0000 0.0000
vt 0.5000 0.0000
vt 0.5000 0.5000
vt 0.0000 0.5000
vt 0.0000 0.0000
vt 0.5000 0.0000
vt 0.5000 0.5000
vt 0.0000 0.5000
vt 0.0000 0.0000
vt 0.5000 0.0000
vt 0.5000 0.5000
vt 0.0000 0.5000
vt 0.0000 0.0000
vt 0.5000 0.0000
vt 0.5000 0.5000
vt 0.0000 0.5000
vt 0.0000 0.0000
vt 0.5000 0.0000
vt 0.5000 0.5000
vt 0.0000 0.5000
vt 0.0000 0.0000
vt 0.5000 0.0000
vt 0.5000 0.5000
vt 0.0000 0.5000
vt 0.0000 0.0000
vt 0.5000 0.0000
vt 0.5000 0.5000
vt 0.0000 0.5000
vt 0.0000 0.0000
vt 0.5000 0.0000
vt 0.5000 0.5000
vt 0.0000 0.5000
vt 0.0000 0.0000
vt 0.5000 0.0000
vt 0.5000 0.5000
vt 0.0000 0.5000
vt 0.0000 0.0000
vt 0.5000 0.0000
vt 0.5000 0.5000
vt 0.0000 0.5000
vt 0.0000 0.0000
vt 0.5000 0.0000
vt 0.5000 0.5000
vt 0.0000 0.5000
vt 0.0000 0.0000
vt 0.5000 0.0000
vt 0.5000 0.5000
vt 0.0000 0.5000
vt 0.0000 0.0000
vt 0.5000 0.0000
vt 0.5000 0.5000
vt 0.0000 0.5000
vt 0.0000 0.0000
vt 0.5000 0.0000
vt 0.5000 0.5000
vt 0.0000 0.5000
vt 0.0000 0.0000
vt 0.5000 0.0000
vt 0.5000 0.5000
vt 0.0000 0.5000
vt 0.0000 0.0000
vt 0.5000 0.0000
vt 0.5000 0.5000
vt 0.0000 0.5000
vt 0.0000 0.0000
vt 0.5000 0.0000
vt 0.5000 0.5000
vt 0.0000 0.5000
vt 0.0000 0.0000
vt 0.5000 0.0000
vt 0.5000 0.5000
vt 0.0000 0.5000
vt 0.0000 0.0000
vt 0.5000 0.0000
vt 0.5000 0.5000
vt 0.0000 0.5000
vt 0.0000 0.0000
vt 0.5000 0.0000
vt 0.5000 0.5000
vt 0.0000 0.5000
vt 0.0000 0.0000
vt 0.5000 0.0000
vt 0.5000 0.5000
vt 0.0000 0.5000
vt 0.0000 0.0000
vt 0.5000 0.0000
vt 0.5000 0.5000
vt 0.0000 0.5000
vt 0.0000 0.0000
vt 0.5000 0.0000
vt 0.5000 0.5000
vt 0.0000 0.5000
vt 0.0000 0.0000
vt 0.5000 0.0000
vt 0.5000 0.5000
vt 0.0000 0.5000
vt 0.0000 0.0000
vt 0.5000 0.0000
vt 0.5000 0.5000
vt 0.0000 0.5000
vt 0.0000 0.0000
vt 0.5000 0.0000
vt 0.5000 0.5000
vt 0.0000 0.5000
vt 0.0000 0.0000
vt 0.5000 0.0000
vt 0.5000 0.5000
vt 0.0000 0.5000
vt 0.0000 0.0000
vt 0.5000 0.0000
vt 0.5000 0.5000
vt 0.0000 0.5000
vt 0.0000 0.0000
vt 0.5000 0.0000
vt 0.5000 0.5000
vt 0.0000 0.5000
vt 0.0000 0.0000
vt 0.5000 0.0000
vt 0.5000 0.5000
vt 0.0000 0.5000
vt 0.0000 0.0000
vt 0.5000 0.0000
vt 0.5000 0.5000
vt 0.0000 0.5000
vt 0.0000 0.0000
vt 0.5000 0.0000
vt 0.5000 0.5000
vt 0.0000 0.5000
vt 0.0000 0.0000
vt 0.5000 0.0000
vt 0.5000 0.5000
vt 0.0000 0.5000
vt 0.0000 0.0000
vt 0.5000 0.0000
vt 0.5000 0.5000
vt 0.0000 0.5000
vt 0.0000 0.0000
vt 0.5000 0.0000
vt 0.5000 0.5000
vt 0.0000 0.5000
vt 0.0000 0.0000
vt 0.5000 0.0000
vt 0.5000 0.5000
vt 0.0000 0.5000
vt 0.0000 0.0000
vt 0.5000 0.0000
vt 0.5000 0.5000
vt 0.0000 0.5000
vt 0.0000 0.0000
vt 0.5000 0.0000
vt 0.5000 0.5000
vt 0.0000 0.5000
vt 0.0000 0.0000
vt 0.5000 0.0000
vt 0.5000 0.5000
vt 0.0000 0.5000
vt 0.0000 0.0000
vt 0.5000 0.0000
vt 0.5000 0.5000
vt 0.0000 0.5000
vt 0.0000 0.0000
vt 0.5000 0.0000
vt 0.5000 0.5000
vt 0.0000 0.5000
vt 0.0000 0.0000
vt 0.5000 0.0000
vt 0.5000 0.5000
vt 0.0000 0.5000
vt 0.0000 0.0000
vt 0.5000 0.0000
vt 0.5000 0.5000
vt 0.0000 0.5000
vt 0.0000 0.0000
vt 0.5000 0.0000
vt 0.5000 0.5000
vt 0.0000 0.5000
vt 0.0000 0.0000
vt 0.5000 0.0000
vt 0.5000 0.5000
vt 0.0000 0.5000
vt 0.0000 0.0000
vt 0.5000 0.0000
vt 0.5000 0.5000
vt 0.0000 0.5000
vt 0.0000 0.0000
vt 0.5000 0.0000
vt 0.5000 0.5000
vt 0.0000 0.5000
vt 0.0000 0.0000
vt 0.5000 0.0000
vt 0.5000 0.5000
vt 0.0000 0.5000
vt 0.0000 0.0000
vt 0.5000 0.0000
vt 0.5000 0.5000
vt 0.0000 0.5000
vt 0.0000 0.0000
vt 0.5000 0.0000
vt 0.5000 0.5000
vt 0.0000 0.5000
vt 0.0000 0.0000
vt 0.5000 0.0000
vt 0.5000 0.5000
vt 0.0000 0.5000
vt 0.0000 0.0000
vt 0.5000 0.0000
vt 0.5000 0.5000
vt 0.0000 0.5000
vt 0.0000 0.0000
vt 0.5000 0.0000
vt 0.5000 0.5000
vt 0.0000 0.5000
vt 0.0000 0.0000
vt 0.5000 0.0000
vt 0.5000 0.5000
vt 0.0000 0.5000
vt 0.0000 0.0000
vt 0.5000 0.0000
vt 0.5000 0.5000
vt 0.0000 0.5000
vt 0.0000 0.0000
vt 0.5000 0.0000
vt 0.5000 0.5000
vt 0.0000 0.5000
vt 0.0000 0.0000
vt 0.5000 0.0000
vt 0.5000 0.5000
vt 0.0000 0.5000
vt 0.0000 0.0000
vt 0.5000 0.0000
vt 0.5000 0.5000
vt 0.0000 0.5000
vt 0.0000 0.0000
vt 0.5000 0.0000
vt 0.5000 0.5000
vt 0.0000 0.5000
vt 0.0000 0.0000
vt 0.5000 0.0000
vt 0.5000 0.5000
vt 0.0000 0.5000
vt 0.0000 0.0000
vt 0.5000 0.0000
vt 0.5000 0.5000
vt 0.0000 0.5000
vt 0.0000 0.0000
vt 0.5000 0.0000
vt 0.5000 0.5000
vt 0.0000 0.5000
vt 0.0000 0.0000
vt 0.5000 0.0000
vt 0.5000 0.5000
vt 0.0000 0.5000
vt 0.0000 0.0000
vt 0.5000 0.0000
vt 0.5000 0.5000
vt 0.0000 0.5000
vt 0.0000 0.0000
vt 0.5000 0.0000
vt 0.5000 0.5000
vt 0.0000 0.5000
vt 0.0000 0.0000
vt 0.5000 0.0000
vt 0.5000 0.5000
vt 0.0000 0.5000
vt 0.0000 0.0000
vt 0.5000 0.0000
vt 0.5000 0.5000
vt 0.0000 0.5000
vt 0.0000 0.0000
vt 0.5000 0.0000
vt 0.5000 0.5000
vt 0.0000 0.5000
vt 0.0000 0.0000
vt 0.5000 0.0000
vt 0.5000 0.5000
vt 0.0000 0.5000
vt 0.0000 0.0000
vt 0.5000 0.0000
vt 0.5000 0.5000
vt 0.0000 0.5000
vt 0.0000 0.0000
vt 0.5000 0.0000
vt 0.5000 0.5000
vt 0.0000 0.5000
vt 0.0000 0.0000
vt 0.5000 0.0000
vt 0.5000 0.5000
vt 0.0000 0.5000
vt 0.0000 0.0000
vt 0.5000 0.0000
vt 0.5000 0.5000
vt 0.0000 0.5000
vt 0.0000 0.0000
vt 0.5000 0.0000
vt 0.5000 0.5000
vt 0.0000 0.5000
vt 0.0000 0.0000
vt 0.5000 0.0000
vt 0.5000 0.5000
vt 0.0000 0.5000
vt 0.0000 0.0000
vt 0.5000 0.0000
vt 0.5000 0.5000
vt 0.0000 0.5000
vt 0.0000 0.0000
vt 0.5000 0.0000
vt 0.5000 0.5000
vt 0.0000 0.5000
vt 0.0000 0.0000
vt 0.5000 0.0000
vt 0.5000 0.5000
vt 0.0000 0.5000
vt 0.0000 0.0000
vt 0.5000 0.0000
vt 0.5000 0.5000
vt 0.0000 0.5000
vt 0.0000 0.0000
vt 0.5000 0.0000
vt 0.5000 0.5000
vt 0.0000 0.5000
vt 0.0000 0.0000
vt 0.5000 0.0000
vt 0.5000 0.5000
vt 0.0000 0.5000
vt 0.0000 0.0000
vt 0.5000 0.0000
vt 0.5000 0.5000
vt 0.0000 0.5000
vt 0.0000 0.0000
vt 0.5000 0.0000
vt 0.5000 0.5000
vt 0.0000 0.5000
vt 0.0000 0.0000
vt 0.5000 0.0000
vt 0.5000 0.5000
vt 0.0000 0.5000
vt 0.0000 0.0000
vt 0.5000 0.0000
vt 0.5000 0.5000
vt 0.0000 0.5000
vt 0.0000 0.0000
vt 0.5000 0.0000
vt 0.5000 0.5000
vt 0.0000 0.5000
vt 0.0000 0.0000
vt 0.5000 0.0000
vt 0.5000 0.5000
vt 0.0000 0.5000
vt 0.0000 0.0000
vt 0.5000 0.0000
vt 0.5000 0.5000
vt 0.0000 0.5000
vt 0.0000 0.0000
vt 0.5000 0.0000
vt 0.5000 0.5000
vt 0.0000 0.5000
vt 0.0000 0.0000
vt 0.5000 0.0000
vt 0.5000 0.5000
vt 0.0000 0.5000
vt 0.0000 0.0000
vt 0.5000 0.0000
vt 0.5000 0.5000
vt 0.0000 0.5000
vt 0.0000 0.0000
vt 0.5000 0.0000
vt 0.5000 0.5000
vt 0.0000 0.5000
vt 0.0000 0.0000
vt 0.5000 0.0000
vt 0.5000 0.5000
vt 0.0000 0.5000
vt 0.0000 0.0000
vt 0.5000 0.0000
vt 0.5000 0.5000
vt 0.0000 0.5000
vt 0.0000 0.0000
vt 0.5000 0.0000
vt 0.5000 0.5000
vt 0.0000 0.5000
vt 0.0000 0.0000
vt 0.5000 0.0000
vt 0.5000 0.5000
vt 0.0000 0.5000
vt 0.0000 0.0000
vt 0.5000 0.0000
vt 0.5000 0.5000
vt 0.0000 0.5000
vt 0.0000 0.0000
vt 0.5000 0.0000
vt 0.5000 0.5000
vt 0.0000 0.5000
vt 0.0000 0.0000
vt 0.5000 0.0000
vt 0.5000 0.5000
vt 0.0000 0.5000
vt 0.0000 0.0000
vt 0.5000 0.0000
vt 0.5000 0.5000
vt 0.0000 0.5000
vt 0.0000 0.0000
vt 0.5000 0.0000
vt 0.5000 0.5000
vt 0.0000 0.5000
vt 0.0000 0.0000
vt 0.5000 0.0000
vt 0.5000 0.5000
vt 0.0000 0.5000
vt 0.0000 0.0000
vt 0.5000 0.0000
vt 0.5000 0.5000
vt 0.0000 0.5000
vt 0.0000 0.0000
vt 0.5000 0.0000
vt 0.5000 0.5000
vt 0.0000 0.5000
vt 0.0000 0.0000
vt 0.5000 0.0000
vt 0.5000 0.5000
vt 0.0000 0.5000
vt 0.0000 0.0000
vt 0.5000 0.0000
vt 0.5000 0.5000
vt 0.0000 0.5000
vt 0.0000 0.0000
vt 0.5000 0.0000
vt 0.5000 0.5000
vt 0.0000 0.5000
vt 0.0000 0.0000
vt 0.5000 0.0000
vt 0.5000 0.5000
vt 0.0000 0.5000
vt 0.0000 0.0000
vt 0.5000 0.0000
vt 0.5000 0.5000
vt 0.0000 0.5000
vt 0.0000 0.0000
vt 0.5000 0.0000
vt 0.5000 0.5000
vt 0.0000 0.5000
vt 0.0000 0.0000
vt 0.5000 0.0000
vt 0.5000 0.5000
vt 0.0000 0.5000
vt 0.0000 0.0000
vt 1.0000 0.0000
vt 1.0000 1.0000
vt 0.0000 1.0000
vt 0.0000 0.0000
vt 1.0000 0.0000
vt 1.0000 1.0000
vt 0.0000 1.0000
vt 0.0000 0.0000
vt 1.0000 0.0000
vt 1.0000 1.0000
vt 0.0000 1.0000
vt 0.0000 0.0000
vt 1.0000 0.0000
vt 1.0000 1.0000
vt 0.0000 1.0000
vt 0.0000 0.0000
vt 1.0000 0.0000
vt 1.0000 1.0000
vt 0.0000 1.0000
vt 0.0000 0.0000
vt 1.0000 0.0000
vt 1.0000 1.0000
vt 0.0000 1.0000
vt 0.0000 0.0000
vt 0.2500 0.0000
vt 0.5000 0.0000
vt 0.7500 0.0000
vt 0.0000 8.0000
vt 0.2500 8.0000
vt 0.5000 8.0000
vt 0.7500 8.0000
vt 0.0000 0.0000
vt 0.2500 0.0000
vt 0.5000 0.0000
vt 0.7500 0.0000
vt 0.0000 1.0000
vt 0.2500 1.0000
vt 0.5000 1.0000
vt 0.7500 1.0000
vt 0.0000 0.0000
vt 0.2500 0.0000
vt 0.5000 0.0000
vt 0.7500 0.0000
vt 0.0000 1.0000
vt 0.2500 1.0000
vt 0.5000 1.0000
vt 0.7500 1.0000
vt 0.0000 0.0000
vt 0.2500 0.0000
vt 0.5000 0.0000
vt 0.7500 0.0000
vt 0.0000 1.0000
vt 0.2500 1.0000
vt 0.5000 1.0000
vt 0.7500 1.0000
vt 0.0000 0.0000
vt 0.2500 0.0000
vt 0.5000 0.0000
vt 0.7500 0.0000
vt 0.0000 1.0000
vt 0.2500 1.0000
vt 0.5000 1.0000
vt 0.7500 1.0000
vt 0.0000 0.0000
vt 0.2500 0.0000
vt 0.5000 0.0000
vt 0.7500 0.0000
vt 0.0000 1.0000
vt 0.2500 1.0000
vt 0.5000 1.0000
vt 0.7500 1.0000
vt 0.0000 0.0000
vt 0.2500 0.0000
vt 0.5000 0.0000
vt 0.7500 0.0000
vt 0.0000 1.0000
vt 0.2500 1.0000
vt 0.5000 1.0000
vt 0.7500 1.0000
vt 0.0000 0.0000
vt 0.2500 0.0000
vt 0.5000 0.0000
vt 0.7500 0.0000
vt 0.0000 1.0000
vt 0.2500 1.0000
vt 0.5000 1.0000
vt 0.7500 1.0000
vt 0.0000 0.0000
vt 0.2500 0.0000
vt 0.5000 0.0000
vt 0.7500 0.0000
vt 0.0000 1.0000
vt 0.2500 1.0000
vt 0.5000 1.0000
vt 0.7500 1.0000
vt 0.0000 0.0000
vt 0.2500 0.0000
vt 0.5000 0.0000
vt 0.7500 0.0000
vt 0.0000 1.0000
vt 0.2500 1.0000
vt 0.5000 1.0000
vt 0.7500 1.0000
vt 0.0000 0.0000
vt 0.2500 0.0000
vt 0.5000 0.0000
vt 0.7500 0.0000
vt 0.0000 1.0000
vt 0.2500 1.0000
vt 0.5000 1.0000
vt 0.7500 1.0000
vt 0.0000 0.0000
vt 0.2500 0.0000
vt 0.5000 0.0000
vt 0.7500 0.0000
vt 0.0000 1.0000
vt 0.2500 1.0000
vt 0.5000 1.0000
vt 0.7500 1.0000
vt 0.0000 0.0000
vt 0.2500 0.0000
vt 0.5000 0.0000
vt 0.7500 0.0000
vt 0.0000 1.0000
vt 0.2500 1.0000
vt 0.5000 1.0000
vt 0.7500 1.0000
vt 0.0000 0.0000
vt 0.2500 0.0000
vt 0.5000 0.0000
vt 0.7500 0.0000
vt 0.0000 1.0000
vt 0.2500 1.0000
vt 0.5000 1.0000
vt 0.7500 1.0000
vt 0.0000 0.0000
vt 0.2500 0.0000
vt 0.5000 0.0000
vt 0.7500 0.0000
vt 0.0000 1.0000
vt 0.2500 1.0000
vt 0.5000 1.0000
vt 0.7500 1.0000
vt 0.0000 0.0000
vt 0.2500 0.0000
vt 0.5000 0.0000
vt 0.7500 0.0000
vt 0.0000 1.0000
vt 0.2500 1.0000
vt 0.5000 1.0000
vt 0.7500 1.0000
vt 0.0000 0.0000
vt 0.2500 0.0000
vt 0.5000 0.0000
vt 0.7500 0.0000
vt 0.0000 1.0000
vt 0.2500 1.0000
vt 0.5000 1.0000
vt 0.7500 1.0000
vt 0.0000 0.0000
vt 0.2500 0.0000
vt 0.5000 0.0000
vt 0.7500 0.0000
vt 0.0000 1.0000
vt 0.2500 1.0000
vt 0.5000 1.0000
vt 0.7500 1.0000
vt 0.0000 0.0000
vt 0.2500 0.0000
vt 0.5000 0.0000
vt 0.7500 0.0000
vt 0.0000 1.0000
vt 0.2500 1.0000
vt 0.5000 1.0000
vt 0.7500 1.0000
vt 0.0000 0.0000
vt 0.2500 0.0000
vt 0.5000 0.0000
vt 0.7500 0.0000
vt 0.0000 1.0000
vt 0.2500 1.0000
vt 0.5000 1.0000
vt 0.7500 1.0000
vt 0.0000 0.0000
vt 0.2500 0.0000
vt 0.5000 0.0000
vt 0.7500 0.0000
vt 0.0000 1.0000
vt 0.2500 1.0000
vt 0.5000 1.0000
vt 0.7500 1.0000
vt 0.0000 0.0000
vt 0.2500 0.0000
vt 0.5000 0.0000
vt 0.7500 0.0000
vt 0.0000 1.0000
vt 0.2500 1.0000
vt 0.5000 1.0000
vt 0.7500 1.0000
vt 0.0000 0.0000
vt 0.2500 0.0000
vt 0.5000 0.0000
vt 0.7500 0.0000
vt 0.0000 1.0000
vt 0.2500 1.0000
vt 0.5000 1.0000
vt 0.7500 1.0000
vt 0.0000 0.0000
vt 0.2500 0.0000
vt 0.5000 0.0000
vt 0.7500 0.0000
vt 0.0000 1.0000
vt 0.2500 1.0000
vt 0.5000 1.0000
vt 0.7500 1.0000
vt 0.0000 0.0000
vt 0.2500 0.0000
vt 0.5000 0.0000
vt 0.7500 0.0000
vt 0.0000 1.0000
vt 0.2500 1.0000
vt 0.5000 1.0000
vt 0.7500 1.0000
vt 0.0000 0.0000
vt 0.2500 0.0000
vt 0.5000 0.0000
vt 0.7500 0.0000
vt 0.0000 1.0000
vt 0.2500 1.0000
vt 0.5000 1.0000
vt 0.7500 1.0000
vt 0.0000 0.0000
vt 0.2500 0.0000
vt 0.5000 0.0000
vt 0.7500 0.0000
vt 0.0000 1.0000
vt 0.2500 1.0000
vt 0.5000 1.0000
vt 0.7500 1.0000
vt 0.0000 0.0000
vt 0.2500 0.0000
vt 0.5000 0.0000
vt 0.7500 0.0000
vt 0.0000 1.0000
vt 0.2500 1.0000
vt 0.5000 1.0000
vt 0.7500 1.0000
vt 0.0000 0.0000
vt 0.2500 0.0000
vt 0.5000 0.0000
vt 0.7500 0.0000
vt 0.0000 1.0000
vt 0.2500 1.0000
vt 0.5000 1.0000
vt 0.7500 1.0000
vt 0.0000 0.0000
vt 0.2500 0.0000
vt 0.5000 0.0000
vt 0.7500 0.0000
vt 0.0000 1.0000
vt 0.2500 1.0000
vt 0.5000 1.0000
vt 0.7500 1.0000
vt 0.0000 0.0000
vt 0.2500 0.0000
vt 0.5000 0.0000
vt 0.7500 0.0000
vt 0.0000 1.0000
vt 0.2500 1.0000
vt 0.5000 1.0000
vt 0.7500 1.0000
vt 0.0000 0.0000
vt 0.2500 0.0000
vt 0.5000 0.0000
vt 0.7500 0.0000
vt 0.0000 1.0000
vt 0.2500 1.0000
vt 0.5000 1.0000
vt 0.7500 1.0000
vt 0.0000 0.0000
vt 0.2500 0.0000
vt 0.5000 0.0000
vt 0.7500 0.0000
vt 0.0000 1.0000
vt 0.2500 1.0000
vt 0.5000 1.0000
vt 0.7500 1.0000
vt 0.0000 0.0000
vt 0.2500 0.0000
vt 0.5000 0.0000
vt 0.7500 0.0000
vt 0.0000 1.0000
vt 0.2500 1.0000
vt 0.5000 1.0000
vt 0.7500 1.0000
vt 0.0000 0.0000
vt 1.0000 0.0000
vt 1.0000 1.0000
vt 0.0000 1.0000
vt 0.0000 0.0000
vt 1.0000 0.0000
vt 1.0000 1.0000
vt 0.0000 1.0000
vt 0.0000 0.0000
vt 1.0000 0.0000
vt 1.0000 1.0000
vt 0.0000 1.0000
vt 0.0000 0.0000
vt 1.0000 0.0000
vt 1.0000 1.0000
vt 0.0000 1.0000
vt 0.0000 0.0000
vt 1.0000 0.0000
vt 1.0000 1.0000
vt 0.0000 1.0000
vt 0.0000 0.0000
vt 1.0000 0.0000
vt 1.0000 1.0000
vt 0.0000 1.0000
vt 0.0000 0.0000
vt 1.0000 0.0000
vt 1.0000 1.0000
vt 0.0000 1.0000
vt 0.0000 0.0000
vt 1.0000 0.0000
vt 1.0000 1.0000
vt 0.0000 1.0000
vt 0.0000 0.0000
vt 1.0000 0.0000
vt 1.0000 1.0000
vt 0.0000 1.0000
vt 0.0000 0.0000
vt 1.0000 0.0000
vt 1.0000 1.0000
vt 0.0000 1.0000
vt 0.0000 0.0000
vt 1.0000 0.0000
vt 1.0000 1.0000
vt 0.0000 1.0000
vt 0.0000 0.0000
vt 1.0000 0.0000
vt 1.0000 1.0000
vt 0.0000 1.0000
vt 0.0000 0.0000
vt 0.2500 0.0000
vt 0.5000 0.0000
vt 0.7500 0.0000
vt 0.0000 8.0000
vt 0.2500 8.0000
vt 0.5000 8.0000
vt 0.7500 8.0000
vt 0.0000 0.0000
vt 0.2500 0.0000
vt 0.5000 0.0000
vt 0.7500 0.0000
vt 0.0000 1.0000
vt 0.2500 1.0000
vt 0.5000 1.0000
vt 0.7500 1.0000
vt 0.0000 0.0000
vt 0.2500 0.0000
vt 0.5000 0.0000
vt 0.7500 0.0000
vt 0.0000 1.0000
vt 0.2500 1.0000
vt 0.5000 1.0000
vt 0.7500 1.0000
vt 0.0000 0.0000
vt 0.2500 0.0000
vt 0.5000 0.0000
vt 0.7500 0.0000
vt 0.0000 10.0000
vt 0.2500 10.0000
vt 0.5000 10.0000
vt 0.7500 10.0000
vt 0.0000 0.0000
vt 0.2500 0.0000
vt 0.5000 0.0000
vt 0.7500 0.0000
vt 0.0000 1.0000
vt 0.2500 1.0000
vt 0.5000 1.0000
vt 0.7500 1.0000
vt 0.0000 0.0000
vt 0.2500 0.0000
vt 0.5000 0.0000
vt 0.7500 0.0000
vt 0.0000 1.0000
vt 0.2500 1.0000
vt 0.5000 1.0000
vt 0.7500 1.0000
vt 0.0000 0.0000
vt 0.2500 0.0000
vt 0.5000 0.0000
vt 0.7500 0.0000
vt 0.0000 1.0000
vt 0.2500 1.0000
vt 0.5000 1.0000
vt 0.7500 1.0000
vt 0.0000 0.0000
vt 0.2500 0.0000
vt 0.5000 0.0000
vt 0.7500 0.0000
vt 0.0000 1.0000
vt 0.2500 1.0000
vt 0.5000 1.0000
vt 0.7500 1.0000
vt 0.0000 0.0000
vt 0.2500 0.0000
vt 0.5000 0.0000
vt 0.7500 0.0000
vt 0.0000 1.0000
vt 0.2500 1.0000
vt 0.5000 1.0000
vt 0.7500 1.0000
vt 0.0000 0.0000
vt 0.2500 0.0000
vt 0.5000 0.0000
vt 0.7500 0.0000
vt 0.0000 1.0000
vt 0.2500 1.0000
vt 0.5000 1.0000
vt 0.7500 1.0000
vt 0.0000 0.0000
vt 0.2500 0.0000
vt 0.5000 0.0000
vt 0.7500 0.0000
vt 0.0000 1.0000
vt 0.2500 1.0000
vt 0.5000 1.0000
vt 0.7500 1.0000
vt 0.0000 0.0000
vt 0.2500 0.0000
vt 0.5000 0.0000
vt 0.7500 0.0000
vt 0.0000 1.0000
vt 0.2500 1.0000
vt 0.5000 1.0000
vt 0.7500 1.0000
vt 0.0000 0.0000
vt 0.2500 0.0000
vt 0.5000 0.0000
vt 0.7500 0.0000
vt 0.0000 1.0000
vt 0.2500 1.0000
vt 0.5000 1.0000
vt 0.7500 1.0000
vt 0.0000 0.0000
vt 0.2500 0.0000
vt 0.5000 0.0000
vt 0.7500 0.0000
vt 0.0000 1.0000
vt 0.2500 1.0000
vt 0.5000 1.0000
vt 0.7500 1.0000
vt 0.0000 0.0000
vt 0.2500 0.0000
vt 0.5000 0.0000
vt 0.7500 0.0000
vt 0.0000 1.0000
vt 0.2500 1.0000
vt 0.5000 1.0000
vt 0.7500 1.0000
vt 0.0000 0.0000
vt 0.2500 0.0000
vt 0.5000 0.0000
vt 0.7500 0.0000
vt 0.0000 1.0000
vt 0.2500 1.0000
vt 0.5000 1.0000
vt 0.7500 1.0000
vt 0.0000 0.0000
vt 0.2500 0.0000
vt 0.5000 0.0000
vt 0.7500 0.0000
vt 0.0000 1.0000
vt 0.2500 1.0000
vt 0.5000 1.0000
vt 0.7500 1.0000
vt 0.0000 0.0000
vt 0.2500 0.0000
vt 0.5000 0.0000
vt 0.7500 0.0000
vt 0.0000 1.0000
vt 0.2500 1.0000
vt 0.5000 1.0000
vt 0.7500 1.0000
vt 0.0000 0.0000
vt 0.2500 0.0000
vt 0.5000 0.0000
vt 0.7500 0.0000
vt 0.0000 1.0000
vt 0.2500 1.0000
vt 0.5000 1.0000
vt 0.7500 1.0000
vt 0.0000 0.0000
vt 0.2500 0.0000
vt 0.5000 0.0000
vt 0.7500 0.0000
vt 0.0000 1.0000
vt 0.2500 1.0000
vt 0.5000 1.0000
vt 0.7500 1.0000
vt 0.0000 0.0000
vt 0.2500 0.0000
vt 0.5000 0.0000
vt 0.7500 0.0000
vt 0.0000 1.0000
vt 0.2500 1.0000
vt 0.5000 1.0000
vt 0.7500 1.0000
vt 0.0000 0.0000
vt 0.2500 0.0000
vt 0.5000 0.0000
vt 0.7500 0.0000
vt 0.0000 1.0000
vt 0.2500 1.0000
vt 0.5000 1.0000
vt 0.7500 1.0000
vt 0.0000 0.0000
vt 0.2500 0.0000
vt 0.5000 0.0000
vt 0.7500 0.0000
vt 0.0000 1.0000
vt 0.2500 1.0000
vt 0.5000 1.0000
vt 0.7500 1.0000
vt 0.0000 0.0000
vt 0.2500 0.0000
vt 0.5000 0.0000
vt 0.7500 0.0000
vt 0.0000 1.0000
vt 0.2500 1.0000
vt 0.5000 1.0000
vt 0.7500 1.0000
vt 0.0000 0.0000
vt 0.2500 0.0000
vt 0.5000 0.0000
vt 0.7500 0.0000
vt 0.0000 10.0000
vt 0.2500 10.0000
vt 0.5000 10.0000
vt 0.7500 10.0000
vt 0.0000 0.0000
vt 0.2500 0.0000
vt 0.5000 0.0000
vt 0.7500 0.0000
vt 0.0000 1.0000
vt 0.2500 1.0000
vt 0.5000 1.0000
vt 0.7500 1.0000
vt 0.0000 0.0000
vt 0.2500 0.0000
vt 0.5000 0.0000
vt 0.7500 0.0000
vt 0.0000 1.0000
vt 0.2500 1.0000
vt 0.5000 1.0000
vt 0.7500 1.0000
vt 0.0000 0.0000
vt 0.2500 0.0000
vt 0.5000 0.0000
vt 0.7500 0.0000
vt 0.0000 1.0000
vt 0.2500 1.0000
vt 0.5000 1.0000
vt 0.7500 1.0000
vt 0.0000 0.0000
vt 0.2500 0.0000
vt 0.5000 0.0000
vt 0.7500 0.0000
vt 0.0000 1.0000
vt 0.2500 1.0000
vt 0.5000 1.0000
vt 0.7500 1.0000
vt 0.0000 0.0000
vt 0.2500 0.0000
vt 0.5000 0.0000
vt 0.7500 0.0000
vt 0.0000 1.0000
vt 0.2500 1.0000
vt 0.5000 1.0000
vt 0.7500 1.0000
vt 0.0000 0.0000
vt 0.2500 0.0000
vt 0.5000 0.0000
vt 0.7500 0.0000
vt 0.0000 1.0000
vt 0.2500 1.0000
vt 0.5000 1.0000
vt 0.7500 1.0000
vt 0.0000 0.0000
vt 0.2500 0.0000
vt 0.5000 0.0000
vt 0.7500 0.0000
vt 0.0000 1.0000
vt 0.2500 1.0000
vt 0.5000 1.0000
vt 0.7500 1.0000
vt 0.0000 0.0000
vt 0.2500 0.0000
vt 0.5000 0.0000
vt 0.7500 0.0000
vt 0.0000 1.0000
vt 0.2500 1.0000
vt 0.5000 1.0000
vt 0.7500 1.0000
vt 0.0000 0.0000
vt 0.2500 0.0000
vt 0.5000 0.0000
vt 0.7500 0.0000
vt 0.0000 1.0000
vt 0.2500 1.0000
vt 0.5000 1.0000
vt 0.7500 1.0000
vt 0.0000 0.0000
vt 0.2500 0.0000
vt 0.5000 0.0000
vt 0.7500 0.0000
vt 0.0000 1.0000
vt 0.2500 1.0000
vt 0.5000 1.0000
vt 0.7500 1.0000
vt 0.0000 0.0000
vt 0.2500 0.0000
vt 0.5000 0.0000
vt 0.7500 0.0000
vt 0.0000 1.0000
vt 0.2500 1.0000
vt 0.5000 1.0000
vt 0.7500 1.0000
vt 0.0000 0.0000
vt 0.2500 0.0000
vt 0.5000 0.0000
vt 0.7500 0.0000
vt 0.0000 1.0000
vt 0.2500 1.0000
vt 0.5000 1.0000
vt 0.7500 1.0000
vt 0.0000 0.0000
vt 0.2500 0.0000
vt 0.5000 0.0000
vt 0.7500 0.0000
vt 0.0000 1.0000
vt 0.2500 1.0000
vt 0.5000 1.0000
vt 0.7500 1.0000
vt 0.0000 0.0000
vt 0.2500 0.0000
vt 0.5000 0.0000
vt 0.7500 0.0000
vt 0.0000 1.0000
vt 0.2500 1.0000
vt 0.5000 1.0000
vt 0.7500 1.0000
vt 0.0000 0.0000
vt 0.2500 0.0000
vt 0.5000 0.0000
vt 0.7500 0.0000
vt 0.0000 1.0000
vt 0.2500 1.0000
vt 0.5000 1.0000
vt 0.7500 1.0000
vt 0.0000 0.0000
vt 0.2500 0.0000
vt 0.5000 0.0000
vt 0.7500 0.0000
vt 0.0000 1.0000
vt 0.2500 1.0000
vt 0.5000 1.0000
vt 0.7500 1.0000
vt 0.0000 0.0000
vt 0.2500 0.0000
vt 0.5000 0.0000
vt 0.7500 0.0000
vt 0.0000 1.0000
vt 0.2500 1.0000
vt 0.5000 1.0000
vt 0.7500 1.0000
vt 0.0000 0.0000
vt 0.2500 0.0000
vt 0.5000 0.0000
vt 0.7500 0.0000
vt 0.0000 1.0000
vt 0.2500 1.0000
vt 0.5000 1.0000
vt 0.7500 1.0000
vn 0.0000 0.0000 1.0000
vn 0.0000 0.0000 1.0000
vn 0.0000 0.0000 1.0000
vn 0.0000 0.0000 1.0000
vn 0.0000 0.0000 -1.0000
vn 0.0000 0.0000 -1.0000
vn 0.0000 0.0000 -1.0000
vn 0.0000 0.0000 -1.0000
vn 0.0000 1.0000 0.0000
vn 0.0000 1.0000 0.0000
vn 0.0000 1.0000 0.0000
vn 0.0000 1.0000 0.0000
vn 0.0000 -1.0000 0.0000
vn 0.0000 -1.0000 0.0000
vn 0.0000 -1.0000 0.0000
vn 0.0000 -1.0000 0.0000
vn 1.0000 0.0000 0.0000
vn 1.0000 0.0000 0.0000
vn 1.0000 0.0000 0.0000
vn 1.0000 0.0000 0.0000
vn -1.0000 0.0000 0.0000
vn -1.0000 0.0000 0.0000
vn -1.0000 0.0000 0.0000
vn -1.0000 0.0000 0.0000
vn 0.0000 0.0000 1.0000
vn 0.0000 0.0000 1.0000
vn 0.0000 0.0000 1.0000
vn 0.0000 0.0000 1.0000
vn 0.0000 0.0000 -1.0000
vn 0.0000 0.0000 -1.0000
vn 0.0000 0.0000 -1.0000
vn 0.0000 0.0000 -1.0000
vn 0.0000 1.0000 0.0000
vn 0.0000 1.0000 0.0000
vn 0.0000 1.0000 0.0000
vn 0.0000 1.0000 0.0000
vn 0.0000 -1.0000 0.0000
vn 0.0000 -1.0000 0.0000
vn 0.0000 -1.0000 0.0000
vn 0.0000 -1.0000 0.0000
vn 1.0000 0.0000 0.0000
vn 1.0000 0.0000 0.0000
vn 1.0000 0.0000 0.0000
vn 1.0000 0.0000 0.0000
vn -1.0000 0.0000 0.0000
vn -1.0000 0.0000 0.0000
vn -1.0000 0.0000 0.0000
vn -1.0000 0.0000 0.0000
vn 0.0000 0.0000 1.0000
vn 0.0000 0.0000 1.0000
vn 0.0000 0.0000 1.0000
vn 0.0000 0.0000 1.0000
vn 0.0000 0.0000 -1.0000
vn 0.0000 0.0000 -1.0000
vn 0.0000 0.0000 -1.0000
vn 0.0000 0.0000 -1.0000
vn 0.0000 1.0000 0.0000
vn 0.0000 1.0000 0.0000
vn 0.0000 1.0000 0.0000
vn 0.0000 1.0000 0.0000
vn 0.0000 -1.0000 0.0000
vn 0.0000 -1.0000 0.0000
vn 0.0000 -1.0000 0.0000
vn 0.0000 -1.0000 0.0000
vn 1.0000 0.0000 0.0000
vn 1.0000 0.0000 0.0000
vn 1.0000 0.0000 0.0000
vn 1.0000 0.0000 0.0000
vn -1.0000 0.0000 0.0000
vn -1.0000 0.0000 0.0000
vn -1.0000 0.0000 0.0000
vn -1.0000 0.0000 0.0000
vn 0.0000 0.0000 1.0000
vn 0.0000 0.0000 1.0000
vn 0.0000 0.0000 1.0000
vn 0.0000 0.0000 1.0000
vn 0.0000 0.0000 -1.0000
vn 0.0000 0.0000 -1.0000
vn 0.0000 0.0000 -1.0000
vn 0.0000 0.0000 -1.0000
vn 0.0000 1.0000 0.0000
vn 0.0000 1.0000 0.0000
vn 0.0000 1.0000 0.0000
vn 0.0000 1.0000 0.0000
vn 0.0000 -1.0000 0.0000
vn 0.0000 -1.0000 0.0000
vn 0.0000 -1.0000 0.0000
vn 0.0000 -1.0000 0.0000
vn 1.0000 0.0000 0.0000
vn 1.0000 0.0000 0.0000
vn 1.0000 0.0000 0.0000
vn 1.0000 0.0000 0.0000
vn -1.0000 0.0000 0.0000
vn -1.0000 0.0000 0.0000
vn -1.0000 0.0000 0.0000
vn -1.0000 0.0000 0.0000
vn 0.0000 0.0000 1.0000
vn 0.0000 0.0000 1.0000
vn 0.0000 0.0000 1.0000
vn 0.0000 0.0000 1.0000
vn 0.0000 0.0000 -1.0000
vn 0.0000 0.0000 -1.0000
vn 0.0000 0.0000 -1.0000
vn 0.0000 0.0000 -1.0000
vn 0.0000 1.0000 0.0000
vn 0.0000 1.0000 0.0000
vn 0.0000 1.0000 0.0000
vn 0.0000 1.0000 0.0000
vn 0.0000 -1.0000 0.0000
vn 0.0000 -1.0000 0.0000
vn 0.0000 -1.0000 0.0000
vn 0.0000 -1.0000 0.0000
vn 1.0000 0.0000 0.0000
vn 1.0000 0.0000 0.0000
vn 1.0000 0.0000 0.0000
vn 1.0000 0.0000 0.0000
vn -1.0000 0.0000 0.0000
vn -1.0000 0.0000 0.0000
vn -1.0000 0.0000 0.0000
vn -1.0000 0.0000 0.0000
vn 0.0000 0.0000 1.0000
vn 0.0000 0.0000 1.0000
vn 0.0000 0.0000 1.0000
vn 0.0000 0.0000 1.0000
vn 0.0000 0.0000 -1.0000
vn 0.0000 0.0000 -1.0000
vn 0.0000 0.0000 -1.0000
vn 0.0000 0.0000 -1.0000
vn 0.0000 1.0000 0.0000
vn 0.0000 1.0000 0.0000
vn 0.0000 1.0000 0.0000
vn 0.0000 1.0000 0.0000
vn 0.0000 -1.0000 0.0000
vn 0.0000 -1.0000 0.0000
vn 0.0000 -1.0000 0.0000
vn 0.0000 -1.0000 0.0000
vn 1.0000 0.0000 0.0000
vn 1.0000 0.0000 0.0000
vn 1.0000 0.0000 0.0000
vn 1.0000 0.0000 0.0000
vn -1.0000 0.0000 0.0000
vn -1.0000 0.0000 0.0000
vn -1.0000 0.0000 0.0000
vn -1.0000 0.0000 0.0000
vn 0.0000 0.0000 1.0000
vn 0.0000 0.0000 1.0000
vn 0.0000 0.0000 1.0000
vn 0.0000 0.0000 1.0000
vn 0.0000 0.0000 -1.0000
vn 0.0000 0.0000 -1.0000
vn 0.0000 0.0000 -1.0000
vn 0.0000 0.0000 -1.0000
vn 0.0000 1.0000 0.0000
vn 0.0000 1.0000 0.0000
vn 0.0000 1.0000 0.0000
vn 0.0000 1.0000 0.0000
vn 0.0000 -1.0000 0.0000
vn 0.0000 -1.0000 0.0000
vn 0.0000 -1.0000 0.0000
vn 0.0000 -1.0000 0.0000
vn 1.0000 0.0000 0.0000
vn 1.0000 0.0000 0.0000
vn 1.0000 0.0000 0.0000
vn 1.0000 0.0000 0.0000
vn -1.0000 0.0000 0.0000
vn -1.0000 0.0000 0.0000
vn -1.0000 0.0000 0.0000
vn -1.0000 0.0000 0.0000
vn 0.0000 0.0000 1.0000
vn 0.0000 0.0000 1.0000
vn 0.0000 0.0000 1.0000
vn 0.0000 0.0000 1.0000
vn 0.0000 0.0000 -1.0000
vn 0.0000 0.0000 -1.0000
vn 0.0000 0.0000 -1.0000
vn 0.0000 0.0000 -1.0000
vn 0.0000 1.0000 0.0000
vn 0.0000 1.0000 0.0000
vn 0.0000 1.0000 0.0000
vn 0.0000 1.0000 0.0000
vn 0.0000 -1.0000 0.0000
vn 0.0000 -1.0000 0.0000
vn 0.0000 -1.0000 0.0000
vn 0.0000 -1.0000 0.0000
vn 1.0000 0.0000 0.0000
vn 1.0000 0.0000 0.0000
vn 1.0000 0.0000 0.0000
vn 1.0000 0.0000 0.0000
vn -1.0000 0.0000 0.0000
vn -1.0000 0.0000 0.0000
vn -1.0000 0.0000 0.0000
vn -1.0000 0.0000 0.0000
vn 0.0000 0.0000 1.0000
vn 0.0000 0.0000 1.0000
vn 0.0000 0.0000 1.0000
vn 0.0000 0.0000 1.0000
vn 0.0000 0.0000 -1.0000
vn 0.0000 0.0000 -1.0000
vn 0.0000 0.0000 -1.0000
vn 0.0000 0.0000 -1.0000
vn 0.0000 1.0000 0.0000
vn 0.0000 1.0000 0.0000
vn 0.0000 1.0000 0.0000
vn 0.0000 1.0000 0.0000
vn 0.0000 -1.0000 0.0000
vn 0.0000 -1.0000 0.0000
vn 0.0000 -1.0000 0.0000
vn 0.0000 -1.0000 0.0000
vn 1.0000 0.0000 0.0000
vn 1.0000 0.0000 0.0000
vn 1.0000 0.0000 0.0000
vn 1.0000 0.0000 0.0000
vn -1.0000 0.0000 0.0000
vn -1.0000 0.0000 0.0000
vn -1.0000 0.0000 0.0000
vn -1.0000 0.0000 0.0000
vn 0.0000 0.0000 1.0000
vn 0.0000 0.0000 1.0000
vn 0.0000 0.0000 1.0000
vn 0.0000 0.0000 1.0000
vn 0.0000 0.0000 -1.0000
vn 0.0000 0.0000 -1.0000
vn 0.0000 0.0000 -1.0000
vn 0.0000 0.0000 -1.0000
vn 0.0000 1.0000 0.0000
vn 0.0000 1.0000 0.0000
vn 0.0000 1.0000 0.0000
vn 0.0000 1.0000 0.0000
vn 0.0000 -1.0000 0.0000
vn 0.0000 -1.0000 0.0000
vn 0.0000 -1.0000 0.0000
vn 0.0000 -1.0000 0.0000
vn 1.0000 0.0000 0.0000
vn 1.0000 0.0000 0.0000
vn 1.0000 0.0000 0.0000
vn 1.0000 0.0000 0.0000
vn -1.0000 0.0000 0.0000
vn -1.0000 0.0000 0.0000
vn -1.0000 0.0000 0.0000
vn -1.0000 0.0000 0.0000
vn 0.0000 0.0000 1.0000
vn 0.0000 0.0000 1.0000
vn 0.0000 0.0000 1.0000
vn 0.0000 0.0000 1.0000
vn 0.0000 0.0000 -1.0000
vn 0.0000 0.0000 -1.0000
vn 0.0000 0.0000 -1.0000
vn 0.0000 0.0000 -1.0000
vn 0.0000 1.0000 0.0000
vn 0.0000 1.0000 0.0000
vn 0.0000 1.0000 0.0000
vn 0.0000 1.0000 0.0000
vn 0.0000 -1.0000 0.0000
vn 0.0000 -1.0000 0.0000
vn 0.0000 -1.0000 0.0000
vn 0.0000 -1.0000 0.0000
vn 1.0000 0.0000 0.0000
vn 1.0000 0.0000 0.0000
vn 1.0000 0.0000 0.0000
vn 1.0000 0.0000 0.0000
vn -1.0000 0.0000 0.0000
vn -1.0000 0.0000 0.0000
vn -1.0000 0.0000 0.0000
vn -1.0000 0.0000 0.0000
vn 0.0000 0.0000 1.0000
vn 0.0000 0.0000 1.0000
vn 0.0000 0.0000 1.0000
vn 0.0000 0.0000 1.0000
vn 0.0000 0.0000 -1.0000
vn 0.0000 0.0000 -1.0000
vn 0.0000 0.0000 -1.0000
vn 0.0000 0.0000 -1.0000
vn 0.0000 1.0000 0.0000
vn 0.0000 1.0000 0.0000
vn 0.0000 1.0000 0.0000
vn 0.0000 1.0000 0.0000
vn 0.0000 -1.0000 0.0000
vn 0.0000 -1.0000 0.0000
vn 0.0000 -1.0000 0.0000
vn 0.0000 -1.0000 0.0000
vn 1.0000 0.0000 0.0000
vn 1.0000 0.0000 0.0000
vn 1.0000 0.0000 0.0000
vn 1.0000 0.0000 0.0000
vn -1.0000 0.0000 0.0000
vn -1.0000 0.0000 0.0000
vn -1.0000 0.0000 0.0000
vn -1.0000 0.0000 0.0000
vn 0.0000 0.0000 1.0000
vn 0.0000 0.0000 1.0000
vn 0.0000 0.0000 1.0000
vn 0.0000 0.0000 1.0000
vn 0.0000 0.0000 -1.0000
vn 0.0000 0.0000 -1.0000
vn 0.0000 0.0000 -1.0000
vn 0.0000 0.0000 -1.0000
vn 0.0000 1.0000 0.0000
vn 0.0000 1.0000 0.0000
vn 0.0000 1.0000 0.0000
vn 0.0000 1.0000 0.0000
vn 0.0000 -1.0000 0.0000
vn 0.0000 -1.0000 0.0000
vn 0.0000 -1.0000 0.0000
vn 0.0000 -1.0000 0.0000
vn 1.0000 0.0000 0.0000
vn 1.0000 0.0000 0.0000
vn 1.0000 0.0000 0.0000
vn 1.0000 0.0000 0.0000
vn -1.0000 0.0000 0.0000
vn -1.0000 0.0000 0.0000
vn -1.0000 0.0000 0.0000
vn -1.0000 0.0000 0.0000
vn 0.0000 0.0000 1.0000
vn 0.0000 0.0000 1.0000
vn 0.0000 0.0000 1.0000
vn 0.0000 0.0000 1.0000
vn 0.0000 0.0000 -1.0000
vn 0.0000 0.0000 -1.0000
vn 0.0000 0.0000 -1.0000
vn 0.0000 0.0000 -1.0000
vn 0.0000 1.0000 0.0000
vn 0.0000 1.0000 0.0000
vn 0.0000 1.0000 0.0000
vn 0.0000 1.0000 0.0000
vn 0.0000 -1.0000 0.0000
vn 0.0000 -1.0000 0.0000
vn 0.0000 -1.0000 0.0000
vn 0.0000 -1.0000 0.0000
vn 1.0000 0.0000 0.0000
vn 1.0000 0.0000 0.0000
vn 1.0000 0.0000 0.0000
vn 1.0000 0.0000 0.0000
vn -1.0000 0.0000 0.0000
vn -1.0000 0.0000 0.0000
vn -1.0000 0.0000 0.0000
vn -1.0000 0.0000 0.0000
vn 0.0000 0.0000 1.0000
vn 0.0000 0.0000 1.0000
vn 0.0000 0.0000 1.0000
vn 0.0000 0.0000 1.0000
vn 0.0000 0.0000 -1.0000
vn 0.0000 0.0000 -1.0000
vn 0.0000 0.0000 -1.0000
vn 0.0000 0.0000 -1.0000
vn 0.0000 1.0000 0.0000
vn 0.0000 1.0000 0.0000
vn 0.0000 1.0000 0.0000
vn 0.0000 1.0000 0.0000
vn 0.0000 -1.0000 0.0000
vn 0.0000 -1.0000 0.0000
vn 0.0000 -1.0000 0.0000
vn 0.0000 -1.0000 0.0000
vn 1.0000 0.0000 0.0000
vn 1.0000 0.0000 0.0000
vn 1.0000 0.0000 0.0000
vn 1.0000 0.0000 0.0000
vn -1.0000 0.0000 0.0000
vn -1.0000 0.0000 0.0000
vn -1.0000 0.0000 0.0000
vn -1.0000 0.0000 0.0000
vn 0.0000 0.0000 1.0000
vn 0.0000 0.0000 1.0000
vn 0.0000 0.0000 1.0000
vn 0.0000 0.0000 1.0000
vn 0.0000 0.0000 -1.0000
vn 0.0000 0.0000 -1.0000
vn 0.0000 0.0000 -1.0000
vn 0.0000 0.0000 -1.0000
vn 0.0000 1.0000 0.0000
vn 0.0000 1.0000 0.0000
vn 0.0000 1.0000 0.0000
vn 0.0000 1.0000 0.0000
vn 0.0000 -1.0000 0.0000
vn 0.0000 -1.0000 0.0000
vn 0.0000 -1.0000 0.0000
vn 0.0000 -1.0000 0.0000
vn 1.0000 0.0000 0.0000
vn 1.0000 0.0000 0.0000
vn 1.0000 0.0000 0.0000
vn 1.0000 0.0000 0.0000
vn -1.0000 0.0000 0.0000
vn -1.0000 0.0000 0.0000
vn -1.0000 0.0000 0.0000
vn -1.0000 0.0000 0.0000
vn 0.0000 0.0000 1.0000
vn 0.0000 0.0000 1.0000
vn 0.0000 0.0000 1.0000
vn 0.0000 0.0000 1.0000
vn 0.0000 0.0000 -1.0000
vn 0.0000 0.0000 -1.0000
vn 0.0000 0.0000 -1.0000
vn 0.0000 0.0000 -1.0000
vn 0.0000 1.0000 0.0000
vn 0.0000 1.0000 0.0000
vn 0.0000 1.0000 0.0000
vn 0.0000 1.0000 0.0000
vn 0.0000 -1.0000 0.0000
vn 0.0000 -1.0000 0.0000
vn 0.0000 -1.0000 0.0000
vn 0.0000 -1.0000 0.0000
vn 1.0000 0.0000 0.0000
vn 1.0000 0.0000 0.0000
vn 1.0000 0.0000 0.0000
vn 1.0000 0.0000 0.0000
vn -1.0000 0.0000 0.0000
vn -1.0000 0.0000 0.0000
vn -1.0000 0.0000 0.0000
vn -1.0000 0.0000 0.0000
vn 0.0000 0.0000 1.0000
vn 0.0000 0.0000 1.0000
vn 0.0000 0.0000 1.0000
vn 0.0000 0.0000 1.0000
vn 0.0000 0.0000 -1.0000
vn 0.0000 0.0000 -1.0000
vn 0.0000 0.0000 -1.0000
vn 0.0000 0.0000 -1.0000
vn 0.0000 1.0000 0.0000
vn 0.0000 1.0000 0.0000
vn 0.0000 1.0000 0.0000
vn 0.0000 1.0000 0.0000
vn 0.0000 -1.0000 0.0000
vn 0.0000 -1.0000 0.0000
vn 0.0000 -1.0000 0.0000
vn 0.0000 -1.0000 0.0000
vn 1.0000 0.0000 0.0000
vn 1.0000 0.0000 0.0000
vn 1.0000 0.0000 0.0000
vn 1.0000 0.0000 0.0000
vn -1.0000 0.0000 0.0000
vn -1.0000 0.0000 0.0000
vn -1.0000 0.0000 0.0000
vn -1.0000 0.0000 0.0000
vn 0.0000 0.0000 1.0000
vn 0.0000 0.0000 1.0000
vn 0.0000 0.0000 1.0000
vn 0.0000 0.0000 1.0000
vn 0.0000 0.0000 -1.0000
vn 0.0000 0.0000 -1.0000
vn 0.0000 0.0000 -1.0000
vn 0.0000 0.0000 -1.0000
vn 0.0000 1.0000 0.0000
vn 0.0000 1.0000 0.0000
vn 0.0000 1.0000 0.0000
vn 0.0000 1.0000 0.0000
vn 0.0000 -1.0000 0.0000
vn 0.0000 -1.0000 0.0000
vn 0.0000 -1.0000 0.0000
vn 0.0000 -1.0000 0.0000
vn 1.0000 0.0000 0.0000
vn 1.0000 0.0000 0.0000
vn 1.0000 0.0000 0.0000
vn 1.0000 0.0000 0.0000
vn -1.0000 0.0000 0.0000
vn -1.0000 0.0000 0.0000
vn -1.0000 0.0000 0.0000
vn -1.0000 0.0000 0.0000
vn 0.0000 0.0000 1.0000
vn 0.0000 0.0000 1.0000
vn 0.0000 0.0000 1.0000
vn 0.0000 0.0000 1.0000
vn 0.0000 0.0000 -1.0000
vn 0.0000 0.0000 -1.0000
vn 0.0000 0.0000 -1.0000
vn 0.0000 0.0000 -1.0000
vn 0.0000 1.0000 0.0000
vn 0.0000 1.0000 0.0000
vn 0.0000 1.0000 0.0000
vn 0.0000 1.0000 0.0000
vn 0.0000 -1.0000 0.0000
vn 0.0000 -1.0000 0.0000
vn 0.0000 -1.0000 0.0000
vn 0.0000 -1.0000 0.0000
vn 1.0000 0.0000 0.0000
vn 1.0000 0.0000 0.0000
vn 1.0000 0.0000 0.0000
vn 1.0000 0.0000 0.0000
vn -1.0000 0.0000 0.0000
vn -1.0000 0.0000 0.0000
vn -1.0000 0.0000 0.0000
vn -1.0000 0.0000 0.0000
vn 0.0000 0.0000 1.0000
vn 0.0000 0.0000 1.0000
vn 0.0000 0.0000 1.0000
vn 0.0000 0.0000 1.0000
vn 0.0000 0.0000 -1.0000
vn 0.0000 0.0000 -1.0000
vn 0.0000 0.0000 -1.0000
vn 0.0000 0.0000 -1.0000
vn 0.0000 1.0000 0.0000
vn 0.0000 1.0000 0.0000
vn 0.0000 1.0000 0.0000
vn 0.0000 1.0000 0.0000
vn 0.0000 -1.0000 0.0000
vn 0.0000 -1.0000 0.0000
vn 0.0000 -1.0000 0.0000
vn 0.0000 -1.0000 0.0000
vn 1.0000 0.0000 0.0000
vn 1.0000 0.0000 0.0000
vn 1.0000 0.0000 0.0000
vn 1.0000 0.0000 0.0000
vn -1.0000 0.0000 0.0000
vn -1.0000 0.0000 0.0000
vn -1.0000 0.0000 0.0000
vn -1.0000 0.0000 0.0000
vn 0.0000 0.0000 1.0000
vn 0.0000 0.0000 1.0000
vn 0.0000 0.0000 1.0000
vn 0.0000 0.0000 1.0000
vn 0.0000 0.0000 -1.0000
vn 0.0000 0.0000 -1.0000
vn 0.0000 0.0000 -1.0000
vn 0.0000 0.0000 -1.0000
vn 0.0000 1.0000 0.0000
vn 0.0000 1.0000 0.0000
vn 0.0000 1.0000 0.0000
vn 0.0000 1.0000 0.0000
vn 0.0000 -1.0000 0.0000
vn 0.0000 -1.0000 0.0000
vn 0.0000 -1.0000 0.0000
vn 0.0000 -1.0000 0.0000
vn 1.0000 0.0000 0.0000
vn 1.0000 0.0000 0.0000
vn 1.0000 0.0000 0.0000
vn 1.0000 0.0000 0.0000
vn -1.0000 0.0000 0.0000
vn -1.0000 0.0000 0.0000
vn -1.0000 0.0000 0.0000
vn -1.0000 0.0000 0.0000
vn 0.0000 0.0000 1.0000
vn 0.0000 0.0000 1.0000
vn 0.0000 0.0000 1.0000
vn 0.0000 0.0000 1.0000
vn 0.0000 0.0000 -1.0000
vn 0.0000 0.0000 -1.0000
vn 0.0000 0.0000 -1.0000
vn 0.0000 0.0000 -1.0000
vn 0.0000 1.0000 0.0000
vn 0.0000 1.0000 0.0000
vn 0.0000 1.0000 0.0000
vn 0.0000 1.0000 0.0000
vn 0.0000 -1.0000 0.0000
vn 0.0000 -1.0000 0.0000
vn 0.0000 -1.0000 0.0000
vn 0.0000 -1.0000 0.0000
vn 1.0000 0.0000 0.0000
vn 1.0000 0.0000 0.0000
vn 1.0000 0.0000 0.0000
vn 1.0000 0.0000 0.0000
vn -1.0000 0.0000 0.0000
vn -1.0000 0.0000 0.0000
vn -1.0000 0.0000 0.0000
vn -1.0000 0.0000 0.0000
vn 0.0000 0.0000 1.0000
vn 0.0000 0.0000 1.0000
vn 0.0000 0.0000 1.0000
vn 0.0000 0.0000 1.0000
vn 0.0000 0.0000 -1.0000
vn 0.0000 0.0000 -1.0000
vn 0.0000 0.0000 -1.0000
vn 0.0000 0.0000 -1.0000
vn 0.0000 1.0000 0.0000
vn 0.0000 1.0000 0.0000
vn 0.0000 1.0000 0.0000
vn 0.0000 1.0000 0.0000
vn 0.0000 -1.0000 0.0000
vn 0.0000 -1.0000 0.0000
vn 0.0000 -1.0000 0.0000
vn 0.0000 -1.0000 0.0000
vn 1.0000 0.0000 0.0000
vn 1.0000 0.0000 0.0000
vn 1.0000 0.0000 0.0000
vn 1.0000 0.0000 0.0000
vn -1.0000 0.0000 0.0000
vn -1.0000 0.0000 0.0000
vn -1.0000 0.0000 0.0000
vn -1.0000 0.0000 0.0000
vn 0.0000 0.0000 1.0000
vn 0.0000 0.0000 1.0000
vn 0.0000 0.0000 1.0000
vn 0.0000 0.0000 1.0000
vn 0.0000 0.0000 -1.0000
vn 0.0000 0.0000 -1.0000
vn 0.0000 0.0000 -1.0000
vn 0.0000 0.0000 -1.0000
vn 0.0000 1.0000 0.0000
vn 0.0000 1.0000 0.0000
vn 0.0000 1.0000 0.0000
vn 0.0000 1.0000 0.0000
vn 0.0000 -1.0000 0.0000
vn 0.0000 -1.0000 0.0000
vn 0.0000 -1.0000 0.0000
vn 0.0000 -1.0000 0.0000
vn 1.0000 0.0000 0.0000
vn 1.0000 0.0000 0.0000
vn 1.0000 0.0000 0.0000
vn 1.0000 0.0000 0.0000
vn -1.0000 0.0000 0.0000
vn -1.0000 0.0000 0.0000
vn -1.0000 0.0000 0.0000
vn -1.0000 0.0000 0.0000
vn 0.0000 0.0000 1.0000
vn 0.0000 0.0000 1.0000
vn 0.0000 0.0000 1.0000
vn 0.0000 0.0000 1.0000
vn 0.0000 0.0000 -1.0000
vn 0.0000 0.0000 -1.0000
vn 0.0000 0.0000 -1.0000
vn 0.0000 0.0000 -1.0000
vn 0.0000 1.0000 0.0000
vn 0.0000 1.0000 0.0000
vn 0.0000 1.0000 0.0000
vn 0.0000 1.0000 0.0000
vn 0.0000 -1.0000 0.0000
vn 0.0000 -1.0000 0.0000
vn 0.0000 -1.0000 0.0000
vn 0.0000 -1.0000 0.0000
vn 1.0000 0.0000 0.0000
vn 1.0000 0.0000 0.0000
vn 1.0000 0.0000 0.0000
vn 1.0000 0.0000 0.0000
vn -1.0000 0.0000 0.0000
vn -1.0000 0.0000 0.0000
vn -1.0000 0.0000 0.0000
vn -1.0000 0.0000 0.0000
vn 0.0000 0.0000 1.0000
vn 0.0000 0.0000 1.0000
vn 0.0000 0.0000 1.0000
vn 0.0000 0.0000 1.0000
vn 0.0000 0.0000 -1.0000
vn 0.0000 0.0000 -1.0000
vn 0.0000 0.0000 -1.0000
vn 0.0000 0.0000 -1.0000
vn 0.0000 1.0000 0.0000
vn 0.0000 1.0000 0.0000
vn 0.0000 1.0000 0.0000
vn 0.0000 1.0000 0.0000
vn 0.0000 -1.0000 0.0000
vn 0.0000 -1.0000 0.0000
vn 0.0000 -1.0000 0.0000
vn 0.0000 -1.0000 0.0000
vn 1.0000 0.0000 0.0000
vn 1.0000 0.0000 0.0000
vn 1.0000 0.0000 0.0000
vn 1.0000 0.0000 0.0000
vn -1.0000 0.0000 0.0000
vn -1.0000 0.0000 0.0000
vn -1.0000 0.0000 0.0000
vn -1.0000 0.0000 0.0000
vn 0.0000 0.0000 1.0000
vn 0.0000 0.0000 1.0000
vn 0.0000 0.0000 1.0000
vn 0.0000 0.0000 1.0000
vn 0.0000 0.0000 -1.0000
vn 0.0000 0.0000 -1.0000
vn 0.0000 0.0000 -1.0000
vn 0.0000 0.0000 -1.0000
vn 0.0000 1.0000 0.0000
vn 0.0000 1.0000 0.0000
vn 0.0000 1.0000 0.0000
vn 0.0000 1.0000 0.0000
vn 0.0000 -1.0000 0.0000
vn 0.0000 -1.0000 0.0000
vn 0.0000 -1.0000 0.0000
vn 0.0000 -1.0000 0.0000
vn 1.0000 0.0000 0.0000
vn 1.0000 0.0000 0.0000
vn 1.0000 0.0000 0.0000
vn 1.0000 0.0000 0.0000
vn -1.0000 0.0000 0.0000
vn -1.0000 0.0000 0.0000
vn -1.0000 0.0000 0.0000
vn -1.0000 0.0000 0.0000
vn 0.0000 0.0000 1.0000
vn 0.0000 0.0000 1.0000
vn 0.0000 0.0000 1.0000
vn 0.0000 0.0000 1.0000
vn 0.0000 0.0000 -1.0000
vn 0.0000 0.0000 -1.0000
vn 0.0000 0.0000 -1.0000
vn 0.0000 0.0000 -1.0000
vn 0.0000 1.0000 0.0000
vn 0.0000 1.0000 0.0000
vn 0.0000 1.0000 0.0000
vn 0.0000 1.0000 0.0000
vn 0.0000 -1.0000 0.0000
vn 0.0000 -1.0000 0.0000
vn 0.0000 -1.0000 0.0000
vn 0.0000 -1.0000 0.0000
vn 1.0000 0.0000 0.0000
vn 1.0000 0.0000 0.0000
vn 1.0000 0.0000 0.0000
vn 1.0000 0.0000 0.0000
vn -1.0000 0.0000 0.0000
vn -1.0000 0.0000 0.0000
vn -1.0000 0.0000 0.0000
vn -1.0000 0.0000 0.0000
vn 0.0000 0.0000 1.0000
vn 0.0000 0.0000 1.0000
vn 0.0000 0.0000 1.0000
vn 0.0000 0.0000 1.0000
vn 0.0000 0.0000 -1.0000
vn 0.0000 0.0000 -1.0000
vn 0.0000 0.0000 -1.0000
vn 0.0000 0.0000 -1.0000
vn 0.0000 1.0000 0.0000
vn 0.0000 1.0000 0.0000
vn 0.0000 1.0000 0.0000
vn 0.0000 1.0000 0.0000
vn 0.0000 -1.0000 0.0000
vn 0.0000 -1.0000 0.0000
vn 0.0000 -1.0000 0.0000
vn 0.0000 -1.0000 0.0000
vn 1.0000 0.0000 0.0000
vn 1.0000 0.0000 0.0000
vn 1.0000 0.0000 0.0000
vn 1.0000 0.0000 0.0000
vn -1.0000 0.0000 0.0000
vn -1.0000 0.0000 0.0000
vn -1.0000 0.0000 0.0000
vn -1.0000 0.0000 0.0000
vn 0.0000 0.0000 1.0000
vn 0.0000 0.0000 1.0000
vn 0.0000 0.0000 1.0000
vn 0.0000 0.0000 1.0000
vn 0.0000 0.0000 -1.0000
vn 0.0000 0.0000 -1.0000
vn 0.0000 0.0000 -1.0000
vn 0.0000 0.0000 -1.0000
vn 0.0000 1.0000 0.0000
vn 0.0000 1.0000 0.0000
vn 0.0000 1.0000 0.0000
vn 0.0000 1.0000 0.0000
vn 0.0000 -1.0000 0.0000
vn 0.0000 -1.0000 0.0000
vn 0.0000 -1.0000 0.0000
vn 0.0000 -1.0000 0.0000
vn 1.0000 0.0000 0.0000
vn 1.0000 0.0000 0.0000
vn 1.0000 0.0000 0.0000
vn 1.0000 0.0000 0.0000
vn -1.0000 0.0000 0.0000
vn -1.0000 0.0000 0.0000
vn -1.0000 0.0000 0.0000
vn -1.0000 0.0000 0.0000
vn 0.0000 0.0000 1.0000
vn 0.0000 0.0000 1.0000
vn 0.0000 0.0000 1.0000
vn 0.0000 0.0000 1.0000
vn 0.0000 0.0000 -1.0000
vn 0.0000 0.0000 -1.0000
vn 0.0000 0.0000 -1.0000
vn 0.0000 0.0000 -1.0000
vn 0.0000 1.0000 0.0000
vn 0.0000 1.0000 0.0000
vn 0.0000 1.0000 0.0000
vn 0.0000 1.0000 0.0000
vn 0.0000 -1.0000 0.0000
vn 0.0000 -1.0000 0.0000
vn 0.0000 -1.0000 0.0000
vn 0.0000 -1.0000 0.0000
vn 1.0000 0.0000 0.0000
vn 1.0000 0.0000 0.0000
vn 1.0000 0.0000 0.0000
vn 1.0000 0.0000 0.0000
vn -1.0000 0.0000 0.0000
vn -1.0000 0.0000 0.0000
vn -1.0000 0.0000 0.0000
vn -1.0000 0.0000 0.0000
vn 0.0000 0.0000 1.0000
vn 0.0000 0.0000 1.0000
vn 0.0000 0.0000 1.0000
vn 0.0000 0.0000 1.0000
vn 0.0000 0.0000 -1.0000
vn 0.0000 0.0000 -1.0000
vn 0.0000 0.0000 -1.0000
vn 0.0000 0.0000 -1.0000
vn 0.0000 1.0000 0.0000
vn 0.0000 1.0000 0.0000
vn 0.0000 1.0000 0.0000
vn 0.0000 1.0000 0.0000
vn 0.0000 -1.0000 0.0000
vn 0.0000 -1.0000 0.0000
vn 0.0000 -1.0000 0.0000
vn 0.0000 -1.0000 0.0000
vn 1.0000 0.0000 0.0000
vn 1.0000 0.0000 0.0000
vn 1.0000 0.0000 0.0000
vn 1.0000 0.0000 0.0000
vn -1.0000 0.0000 0.0000
vn -1.0000 0.0000 0.0000
vn -1.0000 0.0000 0.0000
vn -1.0000 0.0000 0.0000
vn 0.0000 0.0000 1.0000
vn 0.0000 0.0000 1.0000
vn 0.0000 0.0000 1.0000
vn 0.0000 0.0000 1.0000
vn 0.0000 0.0000 -1.0000
vn 0.0000 0.0000 -1.0000
vn 0.0000 0.0000 -1.0000
vn 0.0000 0.0000 -1.0000
vn 0.0000 1.0000 0.0000
vn 0.0000 1.0000 0.0000
vn 0.0000 1.0000 0.0000
vn 0.0000 1.0000 0.0000
vn 0.0000 -1.0000 0.0000
vn 0.0000 -1.0000 0.0000
vn 0.0000 -1.0000 0.0000
vn 0.0000 -1.0000 0.0000
vn 1.0000 0.0000 0.0000
vn 1.0000 0.0000 0.0000
vn 1.0000 0.0000 0.0000
vn 1.0000 0.0000 0.0000
vn -1.0000 0.0000 0.0000
vn -1.0000 0.0000 0.0000
vn -1.0000 0.0000 0.0000
vn -1.0000 0.0000 0.0000
vn 0.7137 -0.7005 -0.0000
vn 0.7137 -0.7005 -0.0000
vn 0.7137 -0.7005 -0.0000
vn 0.7137 -0.7005 -0.0000
vn -0.7137 0.7005 0.0000
vn -0.7137 0.7005 0.0000
vn -0.7137 0.7005 0.0000
vn -0.7137 0.7005 0.0000
vn 0.7137 -0.7005 -0.0000
vn 0.7137 -0.7005 -0.0000
vn 0.7137 -0.7005 -0.0000
vn 0.7137 -0.7005 -0.0000
vn -0.7137 0.7005 0.0000
vn -0.7137 0.7005 0.0000
vn -0.7137 0.7005 0.0000
vn -0.7137 0.7005 0.0000
vn 0.7137 -0.7005 -0.0000
vn 0.7137 -0.7005 -0.0000
vn 0.7137 -0.7005 -0.0000
vn 0.7137 -0.7005 -0.0000
vn -0.7137 0.7005 0.0000
vn -0.7137 0.7005 0.0000
vn -0.7137 0.7005 0.0000
vn -0.7137 0.7005 0.0000
vn 0.7137 -0.7005 -0.0000
vn 0.7137 -0.7005 -0.0000
vn 0.7137 -0.7005 -0.0000
vn 0.7137 -0.7005 -0.0000
vn -0.7137 0.7005 0.0000
vn -0.7137 0.7005 0.0000
vn -0.7137 0.7005 0.0000
vn -0.7137 0.7005 0.0000
vn 0.7137 -0.7005 -0.0000
vn 0.7137 -0.7005 -0.0000
vn 0.7137 -0.7005 -0.0000
vn 0.7137 -0.7005 -0.0000
vn -0.7137 0.7005 0.0000
vn -0.7137 0.7005 0.0000
vn -0.7137 0.7005 0.0000
vn -0.7137 0.7005 0.0000
vn 0.5421 -0.5320 -0.6505
vn 0.5421 -0.5320 -0.6505
vn 0.5421 -0.5320 -0.6505
vn 0.5421 -0.5320 -0.6505
vn -0.5421 0.5320 0.6505
vn -0.5421 0.5320 0.6505
vn -0.5421 0.5320 0.6505
vn -0.5421 0.5320 0.6505
vn 0.5421 -0.5320 0.6505
vn 0.5421 -0.5320 0.6505
vn 0.5421 -0.5320 0.6505
vn 0.5421 -0.5320 0.6505
vn -0.5421 0.5320 -0.6505
vn -0.5421 0.5320 -0.6505
vn -0.5421 0.5320 -0.6505
vn -0.5421 0.5320 -0.6505
vn 0.0864 -0.9963 -0.0000
vn 0.0864 -0.9963 -0.0000
vn 0.0864 -0.9963 -0.0000
vn 0.0864 -0.9963 -0.0000
vn -0.0864 0.9963 0.0000
vn -0.0864 0.9963 0.0000
vn -0.0864 0.9963 0.0000
vn -0.0864 0.9963 0.0000
vn 0.9977 -0.0678 -0.0000
vn 0.9977 -0.0678 -0.0000
vn 0.9977 -0.0678 -0.0000
vn 0.9977 -0.0678 -0.0000
vn -0.9977 0.0678 0.0000
vn -0.9977 0.0678 0.0000
vn -0.9977 0.0678 0.0000
vn -0.9977 0.0678 0.0000
vn -0.0000 -0.0000 -1.0000
vn -0.0000 -0.0000 -1.0000
vn -0.0000 -0.0000 -1.0000
vn -0.0000 -0.0000 -1.0000
vn 0.0000 0.0000 1.0000
vn 0.0000 0.0000 1.0000
vn 0.0000 0.0000 1.0000
vn 0.0000 0.0000 1.0000
vn -0.7005 -0.7137 -0.0000
vn -0.7005 -0.7137 -0.0000
vn -0.7005 -0.7137 -0.0000
vn -0.7005 -0.7137 -0.0000
vn 0.7005 0.7137 0.0000
vn 0.7005 0.7137 0.0000
vn 0.7005 0.7137 0.0000
vn 0.7005 0.7137 0.0000
vn -0.0000 -0.0000 1.0000
vn -0.0000 -0.0000 1.0000
vn -0.0000 -0.0000 1.0000
vn -0.0000 -0.0000 1.0000
vn 0.0000 0.0000 -1.0000
vn 0.0000 0.0000 -1.0000
vn 0.0000 0.0000 -1.0000
vn 0.0000 0.0000 -1.0000
vn 0.7005 0.7137 -0.0000
vn 0.7005 0.7137 -0.0000
vn 0.7005 0.7137 -0.0000
vn 0.7005 0.7137 -0.0000
vn -0.7005 -0.7137 0.0000
vn -0.7005 -0.7137 0.0000
vn -0.7005 -0.7137 0.0000
vn -0.7005 -0.7137 0.0000
vn 0.5421 -0.5320 -0.6505
vn 0.5421 -0.5320 -0.6505
vn 0.5421 -0.5320 -0.6505
vn 0.5421 -0.5320 -0.6505
vn -0.5421 0.5320 0.6505
vn -0.5421 0.5320 0.6505
vn -0.5421 0.5320 0.6505
vn -0.5421 0.5320 0.6505
vn 0.5421 -0.5320 0.6505
vn 0.5421 -0.5320 0.6505
vn 0.5421 -0.5320 0.6505
vn 0.5421 -0.5320 0.6505
vn -0.5421 0.5320 -0.6505
vn -0.5421 0.5320 -0.6505
vn -0.5421 0.5320 -0.6505
vn -0.5421 0.5320 -0.6505
vn 0.0864 -0.9963 -0.0000
vn 0.0864 -0.9963 -0.0000
vn 0.0864 -0.9963 -0.0000
vn 0.0864 -0.9963 -0.0000
vn -0.0864 0.9963 0.0000
vn -0.0864 0.9963 0.0000
vn -0.0864 0.9963 0.0000
vn -0.0864 0.9963 0.0000
vn 0.9977 -0.0678 -0.0000
vn 0.9977 -0.0678 -0.0000
vn 0.9977 -0.0678 -0.0000
vn 0.9977 -0.0678 -0.0000
vn -0.9977 0.0678 0.0000
vn -0.9977 0.0678 0.0000
vn -0.9977 0.0678 0.0000
vn -0.9977 0.0678 0.0000
vn -0.0000 -0.0000 -1.0000
vn -0.0000 -0.0000 -1.0000
vn -0.0000 -0.0000 -1.0000
vn -0.0000 -0.0000 -1.0000
vn 0.0000 0.0000 1.0000
vn 0.0000 0.0000 1.0000
vn 0.0000 0.0000 1.0000
vn 0.0000 0.0000 1.0000
vn -0.7005 -0.7137 -0.0000
vn -0.7005 -0.7137 -0.0000
vn -0.7005 -0.7137 -0.0000
vn -0.7005 -0.7137 -0.0000
vn 0.7005 0.7137 0.0000
vn 0.7005 0.7137 0.0000
vn 0.7005 0.7137 0.0000
vn 0.7005 0.7137 0.0000
vn -0.0000 -0.0000 1.0000
vn -0.0000 -0.0000 1.0000
vn -0.0000 -0.0000 1.0000
vn -0.0000 -0.0000 1.0000
vn 0.0000 0.0000 -1.0000
vn 0.0000 0.0000 -1.0000
vn 0.0000 0.0000 -1.0000
vn 0.0000 0.0000 -1.0000
vn 0.7005 0.7137 -0.0000
vn 0.7005 0.7137 -0.0000
vn 0.7005 0.7137 -0.0000
vn 0.7005 0.7137 -0.0000
vn -0.7005 -0.7137 0.0000
vn -0.7005 -0.7137 0.0000
vn -0.7005 -0.7137 0.0000
vn -0.7005 -0.7137 0.0000
vn 0.5421 -0.5320 -0.6505
vn 0.5421 -0.5320 -0.6505
vn 0.5421 -0.5320 -0.6505
vn 0.5421 -0.5320 -0.6505
vn -0.5421 0.5320 0.6505
vn -0.5421 0.5320 0.6505
vn -0.5421 0.5320 0.6505
vn -0.5421 0.5320 0.6505
vn 0.5421 -0.5320 0.6505
vn 0.5421 -0.5320 0.6505
vn 0.5421 -0.5320 0.6505
vn 0.5421 -0.5320 0.6505
vn -0.5421 0.5320 -0.6505
vn -0.5421 0.5320 -0.6505
vn -0.5421 0.5320 -0.6505
vn -0.5421 0.5320 -0.6505
vn 0.0864 -0.9963 -0.0000
vn 0.0864 -0.9963 -0.0000
vn 0.0864 -0.9963 -0.0000
vn 0.0864 -0.9963 -0.0000
vn -0.0864 0.9963 0.0000
vn -0.0864 0.9963 0.0000
vn -0.0864 0.9963 0.0000
vn -0.0864 0.9963 0.0000
vn 0.9977 -0.0678 -0.0000
vn 0.9977 -0.0678 -0.0000
vn 0.9977 -0.0678 -0.0000
vn 0.9977 -0.0678 -0.0000
vn -0.9977 0.0678 0.0000
vn -0.9977 0.0678 0.0000
vn -0.9977 0.0678 0.0000
vn -0.9977 0.0678 0.0000
vn -0.0000 -0.0000 -1.0000
vn -0.0000 -0.0000 -1.0000
vn -0.0000 -0.0000 -1.0000
vn -0.0000 -0.0000 -1.0000
vn 0.0000 0.0000 1.0000
vn 0.0000 0.0000 1.0000
vn 0.0000 0.0000 1.0000
vn 0.0000 0.0000 1.0000
vn -0.7005 -0.7137 -0.0000
vn -0.7005 -0.7137 -0.0000
vn -0.7005 -0.7137 -0.0000
vn -0.7005 -0.7137 -0.0000
vn 0.7005 0.7137 0.0000
vn 0.7005 0.7137 0.0000
vn 0.7005 0.7137 0.0000
vn 0.7005 0.7137 0.0000
vn -0.0000 -0.0000 1.0000
vn -0.0000 -0.0000 1.0000
vn -0.0000 -0.0000 1.0000
vn -0.0000 -0.0000 1.0000
vn 0.0000 0.0000 -1.0000
vn 0.0000 0.0000 -1.0000
vn 0.0000 0.0000 -1.0000
vn 0.0000 0.0000 -1.0000
vn 0.7005 0.7137 -0.0000
vn 0.7005 0.7137 -0.0000
vn 0.7005 0.7137 -0.0000
vn 0.7005 0.7137 -0.0000
vn -0.7005 -0.7137 0.0000
vn -0.7005 -0.7137 0.0000
vn -0.7005 -0.7137 0.0000
vn -0.7005 -0.7137 0.0000
vn 0.5421 -0.5320 -0.6505
vn 0.5421 -0.5320 -0.6505
vn 0.5421 -0.5320 -0.6505
vn 0.5421 -0.5320 -0.6505
vn -0.5421 0.5320 0.6505
vn -0.5421 0.5320 0.6505
vn -0.5421 0.5320 0.6505
vn -0.5421 0.5320 0.6505
vn 0.5421 -0.5320 0.6505
vn 0.5421 -0.5320 0.6505
vn 0.5421 -0.5320 0.6505
vn 0.5421 -0.5320 0.6505
vn -0.5421 0.5320 -0.6505
vn -0.5421 0.5320 -0.6505
vn -0.5421 0.5320 -0.6505
vn -0.5421 0.5320 -0.6505
vn 0.0864 -0.9963 0.0000
vn 0.0864 -0.9963 0.0000
vn 0.0864 -0.9963 0.0000
vn 0.0864 -0.9963 0.0000
vn -0.0864 0.9963 -0.0000
vn -0.0864 0.9963 -0.0000
vn -0.0864 0.9963 -0.0000
vn -0.0864 0.9963 -0.0000
vn 0.9977 -0.0678 0.0000
vn 0.9977 -0.0678 0.0000
vn 0.9977 -0.0678 0.0000
vn 0.9977 -0.0678 0.0000
vn -0.9977 0.0678 -0.0000
vn -0.9977 0.0678 -0.0000
vn -0.9977 0.0678 -0.0000
vn -0.9977 0.0678 -0.0000
vn -0.0000 -0.0000 -1.0000
vn -0.0000 -0.0000 -1.0000
vn -0.0000 -0.0000 -1.0000
vn -0.0000 -0.0000 -1.0000
vn 0.0000 0.0000 1.0000
vn 0.0000 0.0000 1.0000
vn 0.0000 0.0000 1.0000
vn 0.0000 0.0000 1.0000
vn -0.7005 -0.7137 -0.0000
vn -0.7005 -0.7137 -0.0000
vn -0.7005 -0.7137 -0.0000
vn -0.7005 -0.7137 -0.0000
vn 0.7005 0.7137 0.0000
vn 0.7005 0.7137 0.0000
vn 0.7005 0.7137 0.0000
vn 0.7005 0.7137 0.0000
vn -0.0000 -0.0000 1.0000
vn -0.0000 -0.0000 1.0000
vn -0.0000 -0.0000 1.0000
vn -0.0000 -0.0000 1.0000
vn 0.0000 0.0000 -1.0000
vn 0.0000 0.0000 -1.0000
vn 0.0000 0.0000 -1.0000
vn 0.0000 0.0000 -1.0000
vn 0.7005 0.7137 -0.0000
vn 0.7005 0.7137 -0.0000
vn 0.7005 0.7137 -0.0000
vn 0.7005 0.7137 -0.0000
vn -0.7005 -0.7137 0.0000
vn -0.7005 -0.7137 0.0000
vn -0.7005 -0.7137 0.0000
vn -0.7005 -0.7137 0.0000
vn 0.5421 -0.5320 -0.6505
vn 0.5421 -0.5320 -0.6505
vn 0.5421 -0.5320 -0.6505
vn 0.5421 -0.5320 -0.6505
vn -0.5421 0.5320 0.6505
vn -0.5421 0.5320 0.6505
vn -0.5421 0.5320 0.6505
vn -0.5421 0.5320 0.6505
vn 0.5421 -0.5320 0.6505
vn 0.5421 -0.5320 0.6505
vn 0.5421 -0.5320 0.6505
vn 0.5421 -0.5320 0.6505
vn -0.5421 0.5320 -0.6505
vn -0.5421 0.5320 -0.6505
vn -0.5421 0.5320 -0.6505
vn -0.5421 0.5320 -0.6505
vn 0.0864 -0.9963 -0.0000
vn 0.0864 -0.9963 -0.0000
vn 0.0864 -0.9963 -0.0000
vn 0.0864 -0.9963 -0.0000
vn -0.0864 0.9963 0.0000
vn -0.0864 0.9963 0.0000
vn -0.0864 0.9963 0.0000
vn -0.0864 0.9963 0.0000
vn 0.9977 -0.0678 -0.0000
vn 0.9977 -0.0678 -0.0000
vn 0.9977 -0.0678 -0.0000
vn 0.9977 -0.0678 -0.0000
vn -0.9977 0.0678 0.0000
vn -0.9977 0.0678 0.0000
vn -0.9977 0.0678 0.0000
vn -0.9977 0.0678 0.0000
vn -0.0000 -0.0000 -1.0000
vn -0.0000 -0.0000 -1.0000
vn -0.0000 -0.0000 -1.0000
vn -0.0000 -0.0000 -1.0000
vn 0.0000 0.0000 1.0000
vn 0.0000 0.0000 1.0000
vn 0.0000 0.0000 1.0000
vn 0.0000 0.0000 1.0000
vn -0.7005 -0.7137 -0.0000
vn -0.7005 -0.7137 -0.0000
vn -0.7005 -0.7137 -0.0000
vn -0.7005 -0.7137 -0.0000
vn 0.7005 0.7137 0.0000
vn 0.7005 0.7137 0.0000
vn 0.7005 0.7137 0.0000
vn 0.7005 0.7137 0.0000
vn -0.0000 -0.0000 1.0000
vn -0.0000 -0.0000 1.0000
vn -0.0000 -0.0000 1.0000
vn -0.0000 -0.0000 1.0000
vn 0.0000 0.0000 -1.0000
vn 0.0000 0.0000 -1.0000
vn 0.0000 0.0000 -1.0000
vn 0.0000 0.0000 -1.0000
vn 0.7005 0.7137 -0.0000
vn 0.7005 0.7137 -0.0000
vn 0.7005 0.7137 -0.0000
vn 0.7005 0.7137 -0.0000
vn -0.7005 -0.7137 0.0000
vn -0.7005 -0.7137 0.0000
vn -0.7005 -0.7137 0.0000
vn -0.7005 -0.7137 0.0000
vn 0.5421 -0.5320 -0.6505
vn 0.5421 -0.5320 -0.6505
vn 0.5421 -0.5320 -0.6505
vn 0.5421 -0.5320 -0.6505
vn -0.5421 0.5320 0.6505
vn -0.5421 0.5320 0.6505
vn -0.5421 0.5320 0.6505
vn -0.5421 0.5320 0.6505
vn 0.5421 -0.5320 0.6505
vn 0.5421 -0.5320 0.6505
vn 0.5421 -0.5320 0.6505
vn 0.5421 -0.5320 0.6505
vn -0.5421 0.5320 -0.6505
vn -0.5421 0.5320 -0.6505
vn -0.5421 0.5320 -0.6505
vn -0.5421 0.5320 -0.6505
vn 0.0864 -0.9963 -0.0000
vn 0.0864 -0.9963 -0.0000
vn 0.0864 -0.9963 -0.0000
vn 0.0864 -0.9963 -0.0000
vn -0.0864 0.9963 0.0000
vn -0.0864 0.9963 0.0000
vn -0.0864 0.9963 0.0000
vn -0.0864 0.9963 0.0000
vn 0.9977 -0.0678 -0.0000
vn 0.9977 -0.0678 -0.0000
vn 0.9977 -0.0678 -0.0000
vn 0.9977 -0.0678 -0.0000
vn -0.9977 0.0678 0.0000
vn -0.9977 0.0678 0.0000
vn -0.9977 0.0678 0.0000
vn -0.9977 0.0678 0.0000
vn -0.0000 -0.0000 -1.0000
vn -0.0000 -0.0000 -1.0000
vn -0.0000 -0.0000 -1.0000
vn -0.0000 -0.0000 -1.0000
vn 0.0000 0.0000 1.0000
vn 0.0000 0.0000 1.0000
vn 0.0000 0.0000 1.0000
vn 0.0000 0.0000 1.0000
vn -0.7005 -0.7137 -0.0000
vn -0.7005 -0.7137 -0.0000
vn -0.7005 -0.7137 -0.0000
vn -0.7005 -0.7137 -0.0000
vn 0.7005 0.7137 0.0000
vn 0.7005 0.7137 0.0000
vn 0.7005 0.7137 0.0000
vn 0.7005 0.7137 0.0000
vn -0.0000 -0.0000 1.0000
vn -0.0000 -0.0000 1.0000
vn -0.0000 -0.0000 1.0000
vn -0.0000 -0.0000 1.0000
vn 0.0000 0.0000 -1.0000
vn 0.0000 0.0000 -1.0000
vn 0.0000 0.0000 -1.0000
vn 0.0000 0.0000 -1.0000
vn 0.7005 0.7137 -0.0000
vn 0.7005 0.7137 -0.0000
vn 0.7005 0.7137 -0.0000
vn 0.7005 0.7137 -0.0000
vn -0.7005 -0.7137 0.0000
vn -0.7005 -0.7137 0.0000
vn -0.7005 -0.7137 0.0000
vn -0.7005 -0.7137 0.0000
vn 0.5421 -0.5320 -0.6505
vn 0.5421 -0.5320 -0.6505
vn 0.5421 -0.5320 -0.6505
vn 0.5421 -0.5320 -0.6505
vn -0.5421 0.5320 0.6505
vn -0.5421 0.5320 0.6505
vn -0.5421 0.5320 0.6505
vn -0.5421 0.5320 0.6505
vn 0.5421 -0.5320 0.6505
vn 0.5421 -0.5320 0.6505
vn 0.5421 -0.5320 0.6505
vn 0.5421 -0.5320 0.6505
vn -0.5421 0.5320 -0.6505
vn -0.5421 0.5320 -0.6505
vn -0.5421 0.5320 -0.6505
vn -0.5421 0.5320 -0.6505
vn 0.0864 -0.9963 -0.0000
vn 0.0864 -0.9963 -0.0000
vn 0.0864 -0.9963 -0.0000
vn 0.0864 -0.9963 -0.0000
vn -0.0864 0.9963 0.0000
vn -0.0864 0.9963 0.0000
vn -0.0864 0.9963 0.0000
vn -0.0864 0.9963 0.0000
vn 0.9977 -0.0678 -0.0000
vn 0.9977 -0.0678 -0.0000
vn 0.9977 -0.0678 -0.0000
vn 0.9977 -0.0678 -0.0000
vn -0.9977 0.0678 0.0000
vn -0.9977 0.0678 0.0000
vn -0.9977 0.0678 0.0000
vn -0.9977 0.0678 0.0000
vn -0.0000 -0.0000 -1.0000
vn -0.0000 -0.0000 -1.0000
vn -0.0000 -0.0000 -1.0000
vn -0.0000 -0.0000 -1.0000
vn 0.0000 0.0000 1.0000
vn 0.0000 0.0000 1.0000
vn 0.0000 0.0000 1.0000
vn 0.0000 0.0000 1.0000
vn -0.7005 -0.7137 -0.0000
vn -0.7005 -0.7137 -0.0000
vn -0.7005 -0.7137 -0.0000
vn -0.7005 -0.7137 -0.0000
vn 0.7005 0.7137 0.0000
vn 0.7005 0.7137 0.0000
vn 0.7005 0.7137 0.0000
vn 0.7005 0.7137 0.0000
vn -0.0000 -0.0000 1.0000
vn -0.0000 -0.0000 1.0000
vn -0.0000 -0.0000 1.0000
vn -0.0000 -0.0000 1.0000
vn 0.0000 0.0000 -1.0000
vn 0.0000 0.0000 -1.0000
vn 0.0000 0.0000 -1.0000
vn 0.0000 0.0000 -1.0000
vn 0.7005 0.7137 -0.0000
vn 0.7005 0.7137 -0.0000
vn 0.7005 0.7137 -0.0000
vn 0.7005 0.7137 -0.0000
vn -0.7005 -0.7137 0.0000
vn -0.7005 -0.7137 0.0000
vn -0.7005 -0.7137 0.0000
vn -0.7005 -0.7137 0.0000
vn 0.5421 -0.5320 -0.6505
vn 0.5421 -0.5320 -0.6505
vn 0.5421 -0.5320 -0.6505
vn 0.5421 -0.5320 -0.6505
vn -0.5421 0.5320 0.6505
vn -0.5421 0.5320 0.6505
vn -0.5421 0.5320 0.6505
vn -0.5421 0.5320 0.6505
vn 0.5421 -0.5320 0.6505
vn 0.5421 -0.5320 0.6505
vn 0.5421 -0.5320 0.6505
vn 0.5421 -0.5320 0.6505
vn -0.5421 0.5320 -0.6505
vn -0.5421 0.5320 -0.6505
vn -0.5421 0.5320 -0.6505
vn -0.5421 0.5320 -0.6505
vn 0.0864 -0.9963 -0.0000
vn 0.0864 -0.9963 -0.0000
vn 0.0864 -0.9963 -0.0000
vn 0.0864 -0.9963 -0.0000
vn -0.0864 0.9963 0.0000
vn -0.0864 0.9963 0.0000
vn -0.0864 0.9963 0.0000
vn -0.0864 0.9963 0.0000
vn 0.9977 -0.0678 -0.0000
vn 0.9977 -0.0678 -0.0000
vn 0.9977 -0.0678 -0.0000
vn 0.9977 -0.0678 -0.0000
vn -0.9977 0.0678 0.0000
vn -0.9977 0.0678 0.0000
vn -0.9977 0.0678 0.0000
vn -0.9977 0.0678 0.0000
vn -0.0000 -0.0000 -1.0000
vn -0.0000 -0.0000 -1.0000
vn -0.0000 -0.0000 -1.0000
vn -0.0000 -0.0000 -1.0000
vn 0.0000 0.0000 1.0000
vn 0.0000 0.0000 1.0000
vn 0.0000 0.0000 1.0000
vn 0.0000 0.0000 1.0000
vn -0.7005 -0.7137 -0.0000
vn -0.7005 -0.7137 -0.0000
vn -0.7005 -0.7137 -0.0000
vn -0.7005 -0.7137 -0.0000
vn 0.7005 0.7137 0.0000
vn 0.7005 0.7137 0.0000
vn 0.7005 0.7137 0.0000
vn 0.7005 0.7137 0.0000
vn -0.0000 -0.0000 1.0000
vn -0.0000 -0.0000 1.0000
vn -0.0000 -0.0000 1.0000
vn -0.0000 -0.0000 1.0000
vn 0.0000 0.0000 -1.0000
vn 0.0000 0.0000 -1.0000
vn 0.0000 0.0000 -1.0000
vn 0.0000 0.0000 -1.0000
vn 0.7005 0.7137 -0.0000
vn 0.7005 0.7137 -0.0000
vn 0.7005 0.7137 -0.0000
vn 0.7005 0.7137 -0.0000
vn -0.7005 -0.7137 0.0000
vn -0.7005 -0.7137 0.0000
vn -0.7005 -0.7137 0.0000
vn -0.7005 -0.7137 0.0000
vn 0.5421 -0.5320 -0.6505
vn 0.5421 -0.5320 -0.6505
vn 0.5421 -0.5320 -0.6505
vn 0.5421 -0.5320 -0.6505
vn -0.5421 0.5320 0.6505
vn -0.5421 0.5320 0.6505
vn -0.5421 0.5320 0.6505
vn -0.5421 0.5320 0.6505
vn 0.5421 -0.5320 0.6505
vn 0.5421 -0.5320 0.6505
vn 0.5421 -0.5320 0.6505
vn 0.5421 -0.5320 0.6505
vn -0.5421 0.5320 -0.6505
vn -0.5421 0.5320 -0.6505
vn -0.5421 0.5320 -0.6505
vn -0.5421 0.5320 -0.6505
vn 0.0864 -0.9963 -0.0000
vn 0.0864 -0.9963 -0.0000
vn 0.0864 -0.9963 -0.0000
vn 0.0864 -0.9963 -0.0000
vn -0.0864 0.9963 0.0000
vn -0.0864 0.9963 0.0000
vn -0.0864 0.9963 0.0000
vn -0.0864 0.9963 0.0000
vn 0.9977 -0.0678 -0.0000
vn 0.9977 -0.0678 -0.0000
vn 0.9977 -0.0678 -0.0000
vn 0.9977 -0.0678 -0.0000
vn -0.9977 0.0678 0.0000
vn -0.9977 0.0678 0.0000
vn -0.9977 0.0678 0.0000
vn -0.9977 0.0678 0.0000
vn -0.0000 -0.0000 -1.0000
vn -0.0000 -0.0000 -1.0000
vn -0.0000 -0.0000 -1.0000
vn -0.0000 -0.0000 -1.0000
vn 0.0000 0.0000 1.0000
vn 0.0000 0.0000 1.0000
vn 0.0000 0.0000 1.0000
vn 0.0000 0.0000 1.0000
vn -0.7005 -0.7137 -0.0000
vn -0.7005 -0.7137 -0.0000
vn -0.7005 -0.7137 -0.0000
vn -0.7005 -0.7137 -0.0000
vn 0.7005 0.7137 0.0000
vn 0.7005 0.7137 0.0000
vn 0.7005 0.7137 0.0000
vn 0.7005 0.7137 0.0000
vn -0.0000 -0.0000 1.0000
vn -0.0000 -0.0000 1.0000
vn -0.0000 -0.0000 1.0000
vn -0.0000 -0.0000 1.0000
vn 0.0000 0.0000 -1.0000
vn 0.0000 0.0000 -1.0000
vn 0.0000 0.0000 -1.0000
vn 0.0000 0.0000 -1.0000
vn 0.7005 0.7137 -0.0000
vn 0.7005 0.7137 -0.0000
vn 0.7005 0.7137 -0.0000
vn 0.7005 0.7137 -0.0000
vn -0.7005 -0.7137 0.0000
vn -0.7005 -0.7137 0.0000
vn -0.7005 -0.7137 0.0000
vn -0.7005 -0.7137 0.0000
vn 0.7324 -0.6809 -0.0000
vn 0.7324 -0.6809 -0.0000
vn 0.7324 -0.6809 -0.0000
vn 0.7324 -0.6809 -0.0000
vn -0.7324 0.6809 0.0000
vn -0.7324 0.6809 0.0000
vn -0.7324 0.6809 0.0000
vn -0.7324 0.6809 0.0000
vn 0.0000 0.0000 1.0000
vn 0.0000 0.0000 1.0000
vn 0.0000 0.0000 1.0000
vn 0.0000 0.0000 1.0000
vn 0.0000 0.0000 -1.0000
vn 0.0000 0.0000 -1.0000
vn 0.0000 0.0000 -1.0000
vn 0.0000 0.0000 -1.0000
vn 0.0000 1.0000 0.0000
vn 0.0000 1.0000 0.0000
vn 0.0000 1.0000 0.0000
vn 0.0000 1.0000 0.0000
vn 0.0000 -1.0000 0.0000
vn 0.0000 -1.0000 0.0000
vn 0.0000 -1.0000 0.0000
vn 0.0000 -1.0000 0.0000
vn 1.0000 0.0000 0.0000
vn 1.0000 0.0000 0.0000
vn 1.0000 0.0000 0.0000
vn 1.0000 0.0000 0.0000
vn -1.0000 0.0000 0.0000
vn -1.0000 0.0000 0.0000
vn -1.0000 0.0000 0.0000
vn -1.0000 0.0000 0.0000
vn 0.0000 0.0000 1.0000
vn 0.0000 0.0000 1.0000
vn 0.0000 0.0000 1.0000
vn 0.0000 0.0000 1.0000
vn 0.0000 0.0000 -1.0000
vn 0.0000 0.0000 -1.0000
vn 0.0000 0.0000 -1.0000
vn 0.0000 0.0000 -1.0000
vn 0.0000 1.0000 0.0000
vn 0.0000 1.0000 0.0000
vn 0.0000 1.0000 0.0000
vn 0.0000 1.0000 0.0000
vn 0.0000 -1.0000 0.0000
vn 0.0000 -1.0000 0.0000
vn 0.0000 -1.0000 0.0000
vn 0.0000 -1.0000 0.0000
vn 1.0000 0.0000 0.0000
vn 1.0000 0.0000 0.0000
vn 1.0000 0.0000 0.0000
vn 1.0000 0.0000 0.0000
vn -1.0000 0.0000 0.0000
vn -1.0000 0.0000 0.0000
vn -1.0000 0.0000 0.0000
vn -1.0000 0.0000 0.0000
vn 0.0000 0.0000 1.0000
vn 0.0000 0.0000 1.0000
vn 0.0000 0.0000 1.0000
vn 0.0000 0.0000 1.0000
vn 0.0000 0.0000 -1.0000
vn 0.0000 0.0000 -1.0000
vn 0.0000 0.0000 -1.0000
vn 0.0000 0.0000 -1.0000
vn 0.0000 1.0000 0.0000
vn 0.0000 1.0000 0.0000
vn 0.0000 1.0000 0.0000
vn 0.0000 1.0000 0.0000
vn 0.0000 -1.0000 0.0000
vn 0.0000 -1.0000 0.0000
vn 0.0000 -1.0000 0.0000
vn 0.0000 -1.0000 0.0000
vn 1.0000 0.0000 0.0000
vn 1.0000 0.0000 0.0000
vn 1.0000 0.0000 0.0000
vn 1.0000 0.0000 0.0000
vn -1.0000 0.0000 0.0000
vn -1.0000 0.0000 0.0000
vn -1.0000 0.0000 0.0000
vn -1.0000 0.0000 0.0000
vn 0.0000 0.0000 1.0000
vn 0.0000 0.0000 1.0000
vn 0.0000 0.0000 1.0000
vn 0.0000 0.0000 1.0000
vn 0.0000 0.0000 -1.0000
vn 0.0000 0.0000 -1.0000
vn 0.0000 0.0000 -1.0000
vn 0.0000 0.0000 -1.0000
vn 0.0000 1.0000 0.0000
vn 0.0000 1.0000 0.0000
vn 0.0000 1.0000 0.0000
vn 0.0000 1.0000 0.0000
vn 0.0000 -1.0000 0.0000
vn 0.0000 -1.0000 0.0000
vn 0.0000 -1.0000 0.0000
vn 0.0000 -1.0000 0.0000
vn 1.0000 0.0000 0.0000
vn 1.0000 0.0000 0.0000
vn 1.0000 0.0000 0.0000
vn 1.0000 0.0000 0.0000
vn -1.0000 0.0000 0.0000
vn -1.0000 0.0000 0.0000
vn -1.0000 0.0000 0.0000
vn -1.0000 0.0000 0.0000
vn 0.0000 0.0000 1.0000
vn 0.0000 0.0000 1.0000
vn 0.0000 0.0000 1.0000
vn 0.0000 0.0000 1.0000
vn 0.0000 0.0000 -1.0000
vn 0.0000 0.0000 -1.0000
vn 0.0000 0.0000 -1.0000
vn 0.0000 0.0000 -1.0000
vn 0.0000 1.0000 0.0000
vn 0.0000 1.0000 0.0000
vn 0.0000 1.0000 0.0000
vn 0.0000 1.0000 0.0000
vn 0.0000 -1.0000 0.0000
vn 0.0000 -1.0000 0.0000
vn 0.0000 -1.0000 0.0000
vn 0.0000 -1.0000 0.0000
vn 1.0000 0.0000 0.0000
vn 1.0000 0.0000 0.0000
vn 1.0000 0.0000 0.0000
vn 1.0000 0.0000 0.0000
vn -1.0000 0.0000 0.0000
vn -1.0000 0.0000 0.0000
vn -1.0000 0.0000 0.0000
vn -1.0000 0.0000 0.0000
vn 0.0000 0.0000 1.0000
vn 0.0000 0.0000 1.0000
vn 0.0000 0.0000 1.0000
vn 0.0000 0.0000 1.0000
vn 0.0000 0.0000 -1.0000
vn 0.0000 0.0000 -1.0000
vn 0.0000 0.0000 -1.0000
vn 0.0000 0.0000 -1.0000
vn 0.0000 1.0000 0.0000
vn 0.0000 1.0000 0.0000
vn 0.0000 1.0000 0.0000
vn 0.0000 1.0000 0.0000
vn 0.0000 -1.0000 0.0000
vn 0.0000 -1.0000 0.0000
vn 0.0000 -1.0000 0.0000
vn 0.0000 -1.0000 0.0000
vn 1.0000 0.0000 0.0000
vn 1.0000 0.0000 0.0000
vn 1.0000 0.0000 0.0000
vn 1.0000 0.0000 0.0000
vn -1.0000 0.0000 0.0000
vn -1.0000 0.0000 0.0000
vn -1.0000 0.0000 0.0000
vn -1.0000 0.0000 0.0000
vn 0.0000 0.0000 1.0000
vn 0.0000 0.0000 1.0000
vn 0.0000 0.0000 1.0000
vn 0.0000 0.0000 1.0000
vn 0.0000 0.0000 -1.0000
vn 0.0000 0.0000 -1.0000
vn 0.0000 0.0000 -1.0000
vn 0.0000 0.0000 -1.0000
vn 0.0000 1.0000 0.0000
vn 0.0000 1.0000 0.0000
vn 0.0000 1.0000 0.0000
vn 0.0000 1.0000 0.0000
vn 0.0000 -1.0000 0.0000
vn 0.0000 -1.0000 0.0000
vn 0.0000 -1.0000 0.0000
vn 0.0000 -1.0000 0.0000
vn 1.0000 0.0000 0.0000
vn 1.0000 0.0000 0.0000
vn 1.0000 0.0000 0.0000
vn 1.0000 0.0000 0.0000
vn -1.0000 0.0000 0.0000
vn -1.0000 0.0000 0.0000
vn -1.0000 0.0000 0.0000
vn -1.0000 0.0000 0.0000
vn 0.0000 0.0000 1.0000
vn 0.0000 0.0000 1.0000
vn 0.0000 0.0000 1.0000
vn 0.0000 0.0000 1.0000
vn 0.0000 0.0000 -1.0000
vn 0.0000 0.0000 -1.0000
vn 0.0000 0.0000 -1.0000
vn 0.0000 0.0000 -1.0000
vn 0.0000 1.0000 0.0000
vn 0.0000 1.0000 0.0000
vn 0.0000 1.0000 0.0000
vn 0.0000 1.0000 0.0000
vn 0.0000 -1.0000 0.0000
vn 0.0000 -1.0000 0.0000
vn 0.0000 -1.0000 0.0000
vn 0.0000 -1.0000 0.0000
vn 1.0000 0.0000 0.0000
vn 1.0000 0.0000 0.0000
vn 1.0000 0.0000 0.0000
vn 1.0000 0.0000 0.0000
vn -1.0000 0.0000 0.0000
vn -1.0000 0.0000 0.0000
vn -1.0000 0.0000 0.0000
vn -1.0000 0.0000 0.0000
vn 0.0000 0.0000 1.0000
vn 0.0000 0.0000 1.0000
vn 0.0000 0.0000 1.0000
vn 0.0000 0.0000 1.0000
vn 0.0000 0.0000 -1.0000
vn 0.0000 0.0000 -1.0000
vn 0.0000 0.0000 -1.0000
vn 0.0000 0.0000 -1.0000
vn 0.0000 1.0000 0.0000
vn 0.0000 1.0000 0.0000
vn 0.0000 1.0000 0.0000
vn 0.0000 1.0000 0.0000
vn 0.0000 -1.0000 0.0000
vn 0.0000 -1.0000 0.0000
vn 0.0000 -1.0000 0.0000
vn 0.0000 -1.0000 0.0000
vn 1.0000 0.0000 0.0000
vn 1.0000 0.0000 0.0000
vn 1.0000 0.0000 0.0000
vn 1.0000 0.0000 0.0000
vn -1.0000 0.0000 0.0000
vn -1.0000 0.0000 0.0000
vn -1.0000 0.0000 0.0000
vn -1.0000 0.0000 0.0000
vn 0.0000 0.0000 1.0000
vn 0.0000 0.0000 1.0000
vn 0.0000 0.0000 1.0000
vn 0.0000 0.0000 1.0000
vn 0.0000 0.0000 -1.0000
vn 0.0000 0.0000 -1.0000
vn 0.0000 0.0000 -1.0000
vn 0.0000 0.0000 -1.0000
vn 0.0000 1.0000 0.0000
vn 0.0000 1.0000 0.0000
vn 0.0000 1.0000 0.0000
vn 0.0000 1.0000 0.0000
vn 0.0000 -1.0000 0.0000
vn 0.0000 -1.0000 0.0000
vn 0.0000 -1.0000 0.0000
vn 0.0000 -1.0000 0.0000
vn 1.0000 0.0000 0.0000
vn 1.0000 0.0000 0.0000
vn 1.0000 0.0000 0.0000
vn 1.0000 0.0000 0.0000
vn -1.0000 0.0000 0.0000
vn -1.0000 0.0000 0.0000
vn -1.0000 0.0000 0.0000
vn -1.0000 0.0000 0.0000
vn 0.0000 0.0000 1.0000
vn 0.0000 0.0000 1.0000
vn 0.0000 0.0000 1.0000
vn 0.0000 0.0000 1.0000
vn 0.0000 0.0000 -1.0000
vn 0.0000 0.0000 -1.0000
vn 0.0000 0.0000 -1.0000
vn 0.0000 0.0000 -1.0000
vn 0.0000 1.0000 0.0000
vn 0.0000 1.0000 0.0000
vn 0.0000 1.0000 0.0000
vn 0.0000 1.0000 0.0000
vn 0.0000 -1.0000 0.0000
vn 0.0000 -1.0000 0.0000
vn 0.0000 -1.0000 0.0000
vn 0.0000 -1.0000 0.0000
vn 1.0000 0.0000 0.0000
vn 1.0000 0.0000 0.0000
vn 1.0000 0.0000 0.0000
vn 1.0000 0.0000 0.0000
vn -1.0000 0.0000 0.0000
vn -1.0000 0.0000 0.0000
vn -1.0000 0.0000 0.0000
vn -1.0000 0.0000 0.0000
vn 0.0000 0.0000 1.0000
vn 0.0000 0.0000 1.0000
vn 0.0000 0.0000 1.0000
vn 0.0000 0.0000 1.0000
vn 0.0000 0.0000 -1.0000
vn 0.0000 0.0000 -1.0000
vn 0.0000 0.0000 -1.0000
vn 0.0000 0.0000 -1.0000
vn 0.0000 1.0000 0.0000
vn 0.0000 1.0000 0.0000
vn 0.0000 1.0000 0.0000
vn 0.0000 1.0000 0.0000
vn 0.0000 -1.0000 0.0000
vn 0.0000 -1.0000 0.0000
vn 0.0000 -1.0000 0.0000
vn 0.0000 -1.0000 0.0000
vn 1.0000 0.0000 0.0000
vn 1.0000 0.0000 0.0000
vn 1.0000 0.0000 0.0000
vn 1.0000 0.0000 0.0000
vn -1.0000 0.0000 0.0000
vn -1.0000 0.0000 0.0000
vn -1.0000 0.0000 0.0000
vn -1.0000 0.0000 0.0000
vn 0.0000 0.0000 1.0000
vn 0.0000 0.0000 1.0000
vn 0.0000 0.0000 1.0000
vn 0.0000 0.0000 1.0000
vn 0.0000 0.0000 -1.0000
vn 0.0000 0.0000 -1.0000
vn 0.0000 0.0000 -1.0000
vn 0.0000 0.0000 -1.0000
vn 0.0000 1.0000 0.0000
vn 0.0000 1.0000 0.0000
vn 0.0000 1.0000 0.0000
vn 0.0000 1.0000 0.0000
vn 0.0000 -1.0000 0.0000
vn 0.0000 -1.0000 0.0000
vn 0.0000 -1.0000 0.0000
vn 0.0000 -1.0000 0.0000
vn 1.0000 0.0000 0.0000
vn 1.0000 0.0000 0.0000
vn 1.0000 0.0000 0.0000
vn 1.0000 0.0000 0.0000
vn -1.0000 0.0000 0.0000
vn -1.0000 0.0000 0.0000
vn -1.0000 0.0000 0.0000
vn -1.0000 0.0000 0.0000
vn 0.0000 0.0000 1.0000
vn 0.0000 0.0000 1.0000
vn 0.0000 0.0000 1.0000
vn 0.0000 0.0000 1.0000
vn 0.0000 0.0000 -1.0000
vn 0.0000 0.0000 -1.0000
vn 0.0000 0.0000 -1.0000
vn 0.0000 0.0000 -1.0000
vn 0.0000 1.0000 0.0000
vn 0.0000 1.0000 0.0000
vn 0.0000 1.0000 0.0000
vn 0.0000 1.0000 0.0000
vn 0.0000 -1.0000 0.0000
vn 0.0000 -1.0000 0.0000
vn 0.0000 -1.0000 0.0000
vn 0.0000 -1.0000 0.0000
vn 1.0000 0.0000 0.0000
vn 1.0000 0.0000 0.0000
vn 1.0000 0.0000 0.0000
vn 1.0000 0.0000 0.0000
vn -1.0000 0.0000 0.0000
vn -1.0000 0.0000 0.0000
vn -1.0000 0.0000 0.0000
vn -1.0000 0.0000 0.0000
vn 0.0000 0.0000 1.0000
vn 0.0000 0.0000 1.0000
vn 0.0000 0.0000 1.0000
vn 0.0000 0.0000 1.0000
vn 0.0000 0.0000 -1.0000
vn 0.0000 0.0000 -1.0000
vn 0.0000 0.0000 -1.0000
vn 0.0000 0.0000 -1.0000
vn 0.0000 1.0000 0.0000
vn 0.0000 1.0000 0.0000
vn 0.0000 1.0000 0.0000
vn 0.0000 1.0000 0.0000
vn 0.0000 -1.0000 0.0000
vn 0.0000 -1.0000 0.0000
vn 0.0000 -1.0000 0.0000
vn 0.0000 -1.0000 0.0000
vn 1.0000 0.0000 0.0000
vn 1.0000 0.0000 0.0000
vn 1.0000 0.0000 0.0000
vn 1.0000 0.0000 0.0000
vn -1.0000 0.0000 0.0000
vn -1.0000 0.0000 0.0000
vn -1.0000 0.0000 0.0000
vn -1.0000 0.0000 0.0000
vn 0.0000 0.0000 1.0000
vn 0.0000 0.0000 1.0000
vn 0.0000 0.0000 1.0000
vn 0.0000 0.0000 1.0000
vn 0.0000 0.0000 -1.0000
vn 0.0000 0.0000 -1.0000
vn 0.0000 0.0000 -1.0000
vn 0.0000 0.0000 -1.0000
vn 0.0000 1.0000 0.0000
vn 0.0000 1.0000 0.0000
vn 0.0000 1.0000 0.0000
vn 0.0000 1.0000 0.0000
vn 0.0000 -1.0000 0.0000
vn 0.0000 -1.0000 0.0000
vn 0.0000 -1.0000 0.0000
vn 0.0000 -1.0000 0.0000
vn 1.0000 0.0000 0.0000
vn 1.0000 0.0000 0.0000
vn 1.0000 0.0000 0.0000
vn 1.0000 0.0000 0.0000
vn -1.0000 0.0000 0.0000
vn -1.0000 0.0000 0.0000
vn -1.0000 0.0000 0.0000
vn -1.0000 0.0000 0.0000
vn 0.0000 0.0000 1.0000
vn 0.0000 0.0000 1.0000
vn 0.0000 0.0000 1.0000
vn 0.0000 0.0000 1.0000
vn 0.0000 0.0000 -1.0000
vn 0.0000 0.0000 -1.0000
vn 0.0000 0.0000 -1.0000
vn 0.0000 0.0000 -1.0000
vn 0.0000 1.0000 0.0000
vn 0.0000 1.0000 0.0000
vn 0.0000 1.0000 0.0000
vn 0.0000 1.0000 0.0000
vn 0.0000 -1.0000 0.0000
vn 0.0000 -1.0000 0.0000
vn 0.0000 -1.0000 0.0000
vn 0.0000 -1.0000 0.0000
vn 1.0000 0.0000 0.0000
vn 1.0000 0.0000 0.0000
vn 1.0000 0.0000 0.0000
vn 1.0000 0.0000 0.0000
vn -1.0000 0.0000 0.0000
vn -1.0000 0.0000 0.0000
vn -1.0000 0.0000 0.0000
vn -1.0000 0.0000 0.0000
vn 0.0000 0.0000 1.0000
vn 0.0000 0.0000 1.0000
vn 0.0000 0.0000 1.0000
vn 0.0000 0.0000 1.0000
vn 0.0000 0.0000 -1.0000
vn 0.0000 0.0000 -1.0000
vn 0.0000 0.0000 -1.0000
vn 0.0000 0.0000 -1.0000
vn 0.0000 1.0000 0.0000
vn 0.0000 1.0000 0.0000
vn 0.0000 1.0000 0.0000
vn 0.0000 1.0000 0.0000
vn 0.0000 -1.0000 0.0000
vn 0.0000 -1.0000 0.0000
vn 0.0000 -1.0000 0.0000
vn 0.0000 -1.0000 0.0000
vn 1.0000 0.0000 0.0000
vn 1.0000 0.0000 0.0000
vn 1.0000 0.0000 0.0000
vn 1.0000 0.0000 0.0000
vn -1.0000 0.0000 0.0000
vn -1.0000 0.0000 0.0000
vn -1.0000 0.0000 0.0000
vn -1.0000 0.0000 0.0000
vn 0.0000 0.0000 1.0000
vn 0.0000 0.0000 1.0000
vn 0.0000 0.0000 1.0000
vn 0.0000 0.0000 1.0000
vn 0.0000 0.0000 -1.0000
vn 0.0000 0.0000 -1.0000
vn 0.0000 0.0000 -1.0000
vn 0.0000 0.0000 -1.0000
vn 0.0000 1.0000 0.0000
vn 0.0000 1.0000 0.0000
vn 0.0000 1.0000 0.0000
vn 0.0000 1.0000 0.0000
vn 0.0000 -1.0000 0.0000
vn 0.0000 -1.0000 0.0000
vn 0.0000 -1.0000 0.0000
vn 0.0000 -1.0000 0.0000
vn 1.0000 0.0000 0.0000
vn 1.0000 0.0000 0.0000
vn 1.0000 0.0000 0.0000
vn 1.0000 0.0000 0.0000
vn -1.0000 0.0000 0.0000
vn -1.0000 0.0000 0.0000
vn -1.0000 0.0000 0.0000
vn -1.0000 0.0000 0.0000
vn 0.0000 0.0000 1.0000
vn 0.0000 0.0000 1.0000
vn 0.0000 0.0000 1.0000
vn 0.0000 0.0000 1.0000
vn 0.0000 0.0000 -1.0000
vn 0.0000 0.0000 -1.0000
vn 0.0000 0.0000 -1.0000
vn 0.0000 0.0000 -1.0000
vn 0.0000 1.0000 0.0000
vn 0.0000 1.0000 0.0000
vn 0.0000 1.0000 0.0000
vn 0.0000 1.0000 0.0000
vn 0.0000 -1.0000 0.0000
vn 0.0000 -1.0000 0.0000
vn 0.0000 -1.0000 0.0000
vn 0.0000 -1.0000 0.0000
vn 1.0000 0.0000 0.0000
vn 1.0000 0.0000 0.0000
vn 1.0000 0.0000 0.0000
vn 1.0000 0.0000 0.0000
vn -1.0000 0.0000 0.0000
vn -1.0000 0.0000 0.0000
vn -1.0000 0.0000 0.0000
vn -1.0000 0.0000 0.0000
vn 0.0000 0.0000 1.0000
vn 0.0000 0.0000 1.0000
vn 0.0000 0.0000 1.0000
vn 0.0000 0.0000 1.0000
vn 0.0000 0.0000 -1.0000
vn 0.0000 0.0000 -1.0000
vn 0.0000 0.0000 -1.0000
vn 0.0000 0.0000 -1.0000
vn 0.0000 1.0000 0.0000
vn 0.0000 1.0000 0.0000
vn 0.0000 1.0000 0.0000
vn 0.0000 1.0000 0.0000
vn 0.0000 -1.0000 0.0000
vn 0.0000 -1.0000 0.0000
vn 0.0000 -1.0000 0.0000
vn 0.0000 -1.0000 0.0000
vn 1.0000 0.0000 0.0000
vn 1.0000 0.0000 0.0000
vn 1.0000 0.0000 0.0000
vn 1.0000 0.0000 0.0000
vn -1.0000 0.0000 0.0000
vn -1.0000 0.0000 0.0000
vn -1.0000 0.0000 0.0000
vn -1.0000 0.0000 0.0000
vn 0.0000 0.0000 1.0000
vn 0.0000 0.0000 1.0000
vn 0.0000 0.0000 1.0000
vn 0.0000 0.0000 1.0000
vn 0.0000 0.0000 -1.0000
vn 0.0000 0.0000 -1.0000
vn 0.0000 0.0000 -1.0000
vn 0.0000 0.0000 -1.0000
vn 0.0000 1.0000 0.0000
vn 0.0000 1.0000 0.0000
vn 0.0000 1.0000 0.0000
vn 0.0000 1.0000 0.0000
vn 0.0000 -1.0000 0.0000
vn 0.0000 -1.0000 0.0000
vn 0.0000 -1.0000 0.0000
vn 0.0000 -1.0000 0.0000
vn 1.0000 0.0000 0.0000
vn 1.0000 0.0000 0.0000
vn 1.0000 0.0000 0.0000
vn 1.0000 0.0000 0.0000
vn -1.0000 0.0000 0.0000
vn -1.0000 0.0000 0.0000
vn -1.0000 0.0000 0.0000
vn -1.0000 0.0000 0.0000
vn 0.0000 0.0000 1.0000
vn 0.0000 0.0000 1.0000
vn 0.0000 0.0000 1.0000
vn 0.0000 0.0000 1.0000
vn 0.0000 0.0000 -1.0000
vn 0.0000 0.0000 -1.0000
vn 0.0000 0.0000 -1.0000
vn 0.0000 0.0000 -1.0000
vn 0.0000 1.0000 0.0000
vn 0.0000 1.0000 0.0000
vn 0.0000 1.0000 0.0000
vn 0.0000 1.0000 0.0000
vn 0.0000 -1.0000 0.0000
vn 0.0000 -1.0000 0.0000
vn 0.0000 -1.0000 0.0000
vn 0.0000 -1.0000 0.0000
vn 1.0000 0.0000 0.0000
vn 1.0000 0.0000 0.0000
vn 1.0000 0.0000 0.0000
vn 1.0000 0.0000 0.0000
vn -1.0000 0.0000 0.0000
vn -1.0000 0.0000 0.0000
vn -1.0000 0.0000 0.0000
vn -1.0000 0.0000 0.0000
vn 0.0000 0.0000 1.0000
vn 0.0000 0.0000 1.0000
vn 0.0000 0.0000 1.0000
vn 0.0000 0.0000 1.0000
vn 0.0000 0.0000 -1.0000
vn 0.0000 0.0000 -1.0000
vn 0.0000 0.0000 -1.0000
vn 0.0000 0.0000 -1.0000
vn 0.0000 1.0000 0.0000
vn 0.0000 1.0000 0.0000
vn 0.0000 1.0000 0.0000
vn 0.0000 1.0000 0.0000
vn 0.0000 -1.0000 0.0000
vn 0.0000 -1.0000 0.0000
vn 0.0000 -1.0000 0.0000
vn 0.0000 -1.0000 0.0000
vn 1.0000 0.0000 0.0000
vn 1.0000 0.0000 0.0000
vn 1.0000 0.0000 0.0000
vn 1.0000 0.0000 0.0000
vn -1.0000 0.0000 0.0000
vn -1.0000 0.0000 0.0000
vn -1.0000 0.0000 0.0000
vn -1.0000 0.0000 0.0000
vn 0.0000 0.0000 1.0000
vn 0.0000 0.0000 1.0000
vn 0.0000 0.0000 1.0000
vn 0.0000 0.0000 1.0000
vn 0.0000 0.0000 -1.0000
vn 0.0000 0.0000 -1.0000
vn 0.0000 0.0000 -1.0000
vn 0.0000 0.0000 -1.0000
vn 0.0000 1.0000 0.0000
vn 0.0000 1.0000 0.0000
vn 0.0000 1.0000 0.0000
vn 0.0000 1.0000 0.0000
vn 0.0000 -1.0000 0.0000
vn 0.0000 -1.0000 0.0000
vn 0.0000 -1.0000 0.0000
vn 0.0000 -1.0000 0.0000
vn 1.0000 0.0000 0.0000
vn 1.0000 0.0000 0.0000
vn 1.0000 0.0000 0.0000
vn 1.0000 0.0000 0.0000
vn -1.0000 0.0000 0.0000
vn -1.0000 0.0000 0.0000
vn -1.0000 0.0000 0.0000
vn -1.0000 0.0000 0.0000
vn 0.7137 0.7005 -0.0000
vn 0.7137 0.7005 -0.0000
vn 0.7137 0.7005 -0.0000
vn 0.7137 0.7005 -0.0000
vn -0.7137 -0.7005 0.0000
vn -0.7137 -0.7005 0.0000
vn -0.7137 -0.7005 0.0000
vn -0.7137 -0.7005 0.0000
vn 0.7137 0.7005 -0.0000
vn 0.7137 0.7005 -0.0000
vn 0.7137 0.7005 -0.0000
vn 0.7137 0.7005 -0.0000
vn -0.7137 -0.7005 0.0000
vn -0.7137 -0.7005 0.0000
vn -0.7137 -0.7005 0.0000
vn -0.7137 -0.7005 0.0000
vn 0.7137 0.7005 -0.0000
vn 0.7137 0.7005 -0.0000
vn 0.7137 0.7005 -0.0000
vn 0.7137 0.7005 -0.0000
vn -0.7137 -0.7005 0.0000
vn -0.7137 -0.7005 0.0000
vn -0.7137 -0.7005 0.0000
vn -0.7137 -0.7005 0.0000
vn 0.7137 0.7005 -0.0000
vn 0.7137 0.7005 -0.0000
vn 0.7137 0.7005 -0.0000
vn 0.7137 0.7005 -0.0000
vn -0.7137 -0.7005 0.0000
vn -0.7137 -0.7005 0.0000
vn -0.7137 -0.7005 0.0000
vn -0.7137 -0.7005 0.0000
vn 0.7137 0.7005 -0.0000
vn 0.7137 0.7005 -0.0000
vn 0.7137 0.7005 -0.0000
vn 0.7137 0.7005 -0.0000
vn -0.7137 -0.7005 0.0000
vn -0.7137 -0.7005 0.0000
vn -0.7137 -0.7005 0.0000
vn -0.7137 -0.7005 0.0000
vn 0.5421 0.5320 -0.6505
vn 0.5421 0.5320 -0.6505
vn 0.5421 0.5320 -0.6505
vn 0.5421 0.5320 -0.6505
vn -0.5421 -0.5320 0.6505
vn -0.5421 -0.5320 0.6505
vn -0.5421 -0.5320 0.6505
vn -0.5421 -0.5320 0.6505
vn 0.5421 0.5320 0.6505
vn 0.5421 0.5320 0.6505
vn 0.5421 0.5320 0.6505
vn 0.5421 0.5320 0.6505
vn -0.5421 -0.5320 -0.6505
vn -0.5421 -0.5320 -0.6505
vn -0.5421 -0.5320 -0.6505
vn -0.5421 -0.5320 -0.6505
vn 0.9977 0.0678 -0.0000
vn 0.9977 0.0678 -0.0000
vn 0.9977 0.0678 -0.0000
vn 0.9977 0.0678 -0.0000
vn -0.9977 -0.0678 0.0000
vn -0.9977 -0.0678 0.0000
vn -0.9977 -0.0678 0.0000
vn -0.9977 -0.0678 0.0000
vn 0.0864 0.9963 -0.0000
vn 0.0864 0.9963 -0.0000
vn 0.0864 0.9963 -0.0000
vn 0.0864 0.9963 -0.0000
vn -0.0864 -0.9963 0.0000
vn -0.0864 -0.9963 0.0000
vn -0.0864 -0.9963 0.0000
vn -0.0864 -0.9963 0.0000
vn -0.0000 -0.0000 -1.0000
vn -0.0000 -0.0000 -1.0000
vn -0.0000 -0.0000 -1.0000
vn -0.0000 -0.0000 -1.0000
vn 0.0000 0.0000 1.0000
vn 0.0000 0.0000 1.0000
vn 0.0000 0.0000 1.0000
vn 0.0000 0.0000 1.0000
vn 0.7005 -0.7137 -0.0000
vn 0.7005 -0.7137 -0.0000
vn 0.7005 -0.7137 -0.0000
vn 0.7005 -0.7137 -0.0000
vn -0.7005 0.7137 0.0000
vn -0.7005 0.7137 0.0000
vn -0.7005 0.7137 0.0000
vn -0.7005 0.7137 0.0000
vn -0.0000 -0.0000 1.0000
vn -0.0000 -0.0000 1.0000
vn -0.0000 -0.0000 1.0000
vn -0.0000 -0.0000 1.0000
vn 0.0000 0.0000 -1.0000
vn 0.0000 0.0000 -1.0000
vn 0.0000 0.0000 -1.0000
vn 0.0000 0.0000 -1.0000
vn -0.7005 0.7137 -0.0000
vn -0.7005 0.7137 -0.0000
vn -0.7005 0.7137 -0.0000
vn -0.7005 0.7137 -0.0000
vn 0.7005 -0.7137 0.0000
vn 0.7005 -0.7137 0.0000
vn 0.7005 -0.7137 0.0000
vn 0.7005 -0.7137 0.0000
vn 0.5421 0.5320 -0.6505
vn 0.5421 0.5320 -0.6505
vn 0.5421 0.5320 -0.6505
vn 0.5421 0.5320 -0.6505
vn -0.5421 -0.5320 0.6505
vn -0.5421 -0.5320 0.6505
vn -0.5421 -0.5320 0.6505
vn -0.5421 -0.5320 0.6505
vn 0.5421 0.5320 0.6505
vn 0.5421 0.5320 0.6505
vn 0.5421 0.5320 0.6505
vn 0.5421 0.5320 0.6505
vn -0.5421 -0.5320 -0.6505
vn -0.5421 -0.5320 -0.6505
vn -0.5421 -0.5320 -0.6505
vn -0.5421 -0.5320 -0.6505
vn 0.9977 0.0678 -0.0000
vn 0.9977 0.0678 -0.0000
vn 0.9977 0.0678 -0.0000
vn 0.9977 0.0678 -0.0000
vn -0.9977 -0.0678 0.0000
vn -0.9977 -0.0678 0.0000
vn -0.9977 -0.0678 0.0000
vn -0.9977 -0.0678 0.0000
vn 0.0864 0.9963 -0.0000
vn 0.0864 0.9963 -0.0000
vn 0.0864 0.9963 -0.0000
vn 0.0864 0.9963 -0.0000
vn -0.0864 -0.9963 0.0000
vn -0.0864 -0.9963 0.0000
vn -0.0864 -0.9963 0.0000
vn -0.0864 -0.9963 0.0000
vn -0.0000 -0.0000 -1.0000
vn -0.0000 -0.0000 -1.0000
vn -0.0000 -0.0000 -1.0000
vn -0.0000 -0.0000 -1.0000
vn 0.0000 0.0000 1.0000
vn 0.0000 0.0000 1.0000
vn 0.0000 0.0000 1.0000
vn 0.0000 0.0000 1.0000
vn 0.7005 -0.7137 -0.0000
vn 0.7005 -0.7137 -0.0000
vn 0.7005 -0.7137 -0.0000
vn 0.7005 -0.7137 -0.0000
vn -0.7005 0.7137 0.0000
vn -0.7005 0.7137 0.0000
vn -0.7005 0.7137 0.0000
vn -0.7005 0.7137 0.0000
vn -0.0000 -0.0000 1.0000
vn -0.0000 -0.0000 1.0000
vn -0.0000 -0.0000 1.0000
vn -0.0000 -0.0000 1.0000
vn 0.0000 0.0000 -1.0000
vn 0.0000 0.0000 -1.0000
vn 0.0000 0.0000 -1.0000
vn 0.0000 0.0000 -1.0000
vn -0.7005 0.7137 -0.0000
vn -0.7005 0.7137 -0.0000
vn -0.7005 0.7137 -0.0000
vn -0.7005 0.7137 -0.0000
vn 0.7005 -0.7137 0.0000
vn 0.7005 -0.7137 0.0000
vn 0.7005 -0.7137 0.0000
vn 0.7005 -0.7137 0.0000
vn 0.5421 0.5320 -0.6505
vn 0.5421 0.5320 -0.6505
vn 0.5421 0.5320 -0.6505
vn 0.5421 0.5320 -0.6505
vn -0.5421 -0.5320 0.6505
vn -0.5421 -0.5320 0.6505
vn -0.5421 -0.5320 0.6505
vn -0.5421 -0.5320 0.6505
vn 0.5421 0.5320 0.6505
vn 0.5421 0.5320 0.6505
vn 0.5421 0.5320 0.6505
vn 0.5421 0.5320 0.6505
vn -0.5421 -0.5320 -0.6505
vn -0.5421 -0.5320 -0.6505
vn -0.5421 -0.5320 -0.6505
vn -0.5421 -0.5320 -0.6505
vn 0.9977 0.0678 0.0000
vn 0.9977 0.0678 0.0000
vn 0.9977 0.0678 0.0000
vn 0.9977 0.0678 0.0000
vn -0.9977 -0.0678 -0.0000
vn -0.9977 -0.0678 -0.0000
vn -0.9977 -0.0678 -0.0000
vn -0.9977 -0.0678 -0.0000
vn 0.0864 0.9963 0.0000
vn 0.0864 0.9963 0.0000
vn 0.0864 0.9963 0.0000
vn 0.0864 0.9963 0.0000
vn -0.0864 -0.9963 -0.0000
vn -0.0864 -0.9963 -0.0000
vn -0.0864 -0.9963 -0.0000
vn -0.0864 -0.9963 -0.0000
vn -0.0000 -0.0000 -1.0000
vn -0.0000 -0.0000 -1.0000
vn -0.0000 -0.0000 -1.0000
vn -0.0000 -0.0000 -1.0000
vn 0.0000 0.0000 1.0000
vn 0.0000 0.0000 1.0000
vn 0.0000 0.0000 1.0000
vn 0.0000 0.0000 1.0000
vn 0.7005 -0.7137 -0.0000
vn 0.7005 -0.7137 -0.0000
vn 0.7005 -0.7137 -0.0000
vn 0.7005 -0.7137 -0.0000
vn -0.7005 0.7137 0.0000
vn -0.7005 0.7137 0.0000
vn -0.7005 0.7137 0.0000
vn -0.7005 0.7137 0.0000
vn -0.0000 -0.0000 1.0000
vn -0.0000 -0.0000 1.0000
vn -0.0000 -0.0000 1.0000
vn -0.0000 -0.0000 1.0000
vn 0.0000 0.0000 -1.0000
vn 0.0000 0.0000 -1.0000
vn 0.0000 0.0000 -1.0000
vn 0.0000 0.0000 -1.0000
vn -0.7005 0.7137 -0.0000
vn -0.7005 0.7137 -0.0000
vn -0.7005 0.7137 -0.0000
vn -0.7005 0.7137 -0.0000
vn 0.7005 -0.7137 0.0000
vn 0.7005 -0.7137 0.0000
vn 0.7005 -0.7137 0.0000
vn 0.7005 -0.7137 0.0000
vn 0.5421 0.5320 -0.6505
vn 0.5421 0.5320 -0.6505
vn 0.5421 0.5320 -0.6505
vn 0.5421 0.5320 -0.6505
vn -0.5421 -0.5320 0.6505
vn -0.5421 -0.5320 0.6505
vn -0.5421 -0.5320 0.6505
vn -0.5421 -0.5320 0.6505
vn 0.5421 0.5320 0.6505
vn 0.5421 0.5320 0.6505
vn 0.5421 0.5320 0.6505
vn 0.5421 0.5320 0.6505
vn -0.5421 -0.5320 -0.6505
vn -0.5421 -0.5320 -0.6505
vn -0.5421 -0.5320 -0.6505
vn -0.5421 -0.5320 -0.6505
vn 0.9977 0.0678 -0.0000
vn 0.9977 0.0678 -0.0000
vn 0.9977 0.0678 -0.0000
vn 0.9977 0.0678 -0.0000
vn -0.9977 -0.0678 0.0000
vn -0.9977 -0.0678 0.0000
vn -0.9977 -0.0678 0.0000
vn -0.9977 -0.0678 0.0000
vn 0.0864 0.9963 -0.0000
vn 0.0864 0.9963 -0.0000
vn 0.0864 0.9963 -0.0000
vn 0.0864 0.9963 -0.0000
vn -0.0864 -0.9963 0.0000
vn -0.0864 -0.9963 0.0000
vn -0.0864 -0.9963 0.0000
vn -0.0864 -0.9963 0.0000
vn -0.0000 -0.0000 -1.0000
vn -0.0000 -0.0000 -1.0000
vn -0.0000 -0.0000 -1.0000
vn -0.0000 -0.0000 -1.0000
vn 0.0000 0.0000 1.0000
vn 0.0000 0.0000 1.0000
vn 0.0000 0.0000 1.0000
vn 0.0000 0.0000 1.0000
vn 0.7005 -0.7137 -0.0000
vn 0.7005 -0.7137 -0.0000
vn 0.7005 -0.7137 -0.0000
vn 0.7005 -0.7137 -0.0000
vn -0.7005 0.7137 0.0000
vn -0.7005 0.7137 0.0000
vn -0.7005 0.7137 0.0000
vn -0.7005 0.7137 0.0000
vn -0.0000 -0.0000 1.0000
vn -0.0000 -0.0000 1.0000
vn -0.0000 -0.0000 1.0000
vn -0.0000 -0.0000 1.0000
vn 0.0000 0.0000 -1.0000
vn 0.0000 0.0000 -1.0000
vn 0.0000 0.0000 -1.0000
vn 0.0000 0.0000 -1.0000
vn -0.7005 0.7137 -0.0000
vn -0.7005 0.7137 -0.0000
vn -0.7005 0.7137 -0.0000
vn -0.7005 0.7137 -0.0000
vn 0.7005 -0.7137 0.0000
vn 0.7005 -0.7137 0.0000
vn 0.7005 -0.7137 0.0000
vn 0.7005 -0.7137 0.0000
vn 0.5421 0.5320 -0.6505
vn 0.5421 0.5320 -0.6505
vn 0.5421 0.5320 -0.6505
vn 0.5421 0.5320 -0.6505
vn -0.5421 -0.5320 0.6505
vn -0.5421 -0.5320 0.6505
vn -0.5421 -0.5320 0.6505
vn -0.5421 -0.5320 0.6505
vn 0.5421 0.5320 0.6505
vn 0.5421 0.5320 0.6505
vn 0.5421 0.5320 0.6505
vn 0.5421 0.5320 0.6505
vn -0.5421 -0.5320 -0.6505
vn -0.5421 -0.5320 -0.6505
vn -0.5421 -0.5320 -0.6505
vn -0.5421 -0.5320 -0.6505
vn 0.9977 0.0678 -0.0000
vn 0.9977 0.0678 -0.0000
vn 0.9977 0.0678 -0.0000
vn 0.9977 0.0678 -0.0000
vn -0.9977 -0.0678 0.0000
vn -0.9977 -0.0678 0.0000
vn -0.9977 -0.0678 0.0000
vn -0.9977 -0.0678 0.0000
vn 0.0864 0.9963 -0.0000
vn 0.0864 0.9963 -0.0000
vn 0.0864 0.9963 -0.0000
vn 0.0864 0.9963 -0.0000
vn -0.0864 -0.9963 0.0000
vn -0.0864 -0.9963 0.0000
vn -0.0864 -0.9963 0.0000
vn -0.0864 -0.9963 0.0000
vn -0.0000 -0.0000 -1.0000
vn -0.0000 -0.0000 -1.0000
vn -0.0000 -0.0000 -1.0000
vn -0.0000 -0.0000 -1.0000
vn 0.0000 0.0000 1.0000
vn 0.0000 0.0000 1.0000
vn 0.0000 0.0000 1.0000
vn 0.0000 0.0000 1.0000
vn 0.7005 -0.7137 -0.0000
vn 0.7005 -0.7137 -0.0000
vn 0.7005 -0.7137 -0.0000
vn 0.7005 -0.7137 -0.0000
vn -0.7005 0.7137 0.0000
vn -0.7005 0.7137 0.0000
vn -0.7005 0.7137 0.0000
vn -0.7005 0.7137 0.0000
vn -0.0000 -0.0000 1.0000
vn -0.0000 -0.0000 1.0000
vn -0.0000 -0.0000 1.0000
vn -0.0000 -0.0000 1.0000
vn 0.0000 0.0000 -1.0000
vn 0.0000 0.0000 -1.0000
vn 0.0000 0.0000 -1.0000
vn 0.0000 0.0000 -1.0000
vn -0.7005 0.7137 -0.0000
vn -0.7005 0.7137 -0.0000
vn -0.7005 0.7137 -0.0000
vn -0.7005 0.7137 -0.0000
vn 0.7005 -0.7137 0.0000
vn 0.7005 -0.7137 0.0000
vn 0.7005 -0.7137 0.0000
vn 0.7005 -0.7137 0.0000
vn 0.5421 0.5320 -0.6505
vn 0.5421 0.5320 -0.6505
vn 0.5421 0.5320 -0.6505
vn 0.5421 0.5320 -0.6505
vn -0.5421 -0.5320 0.6505
vn -0.5421 -0.5320 0.6505
vn -0.5421 -0.5320 0.6505
vn -0.5421 -0.5320 0.6505
vn 0.5421 0.5320 0.6505
vn 0.5421 0.5320 0.6505
vn 0.5421 0.5320 0.6505
vn 0.5421 0.5320 0.6505
vn -0.5421 -0.5320 -0.6505
vn -0.5421 -0.5320 -0.6505
vn -0.5421 -0.5320 -0.6505
vn -0.5421 -0.5320 -0.6505
vn 0.9977 0.0678 -0.0000
vn 0.9977 0.0678 -0.0000
vn 0.9977 0.0678 -0.0000
vn 0.9977 0.0678 -0.0000
vn -0.9977 -0.0678 0.0000
vn -0.9977 -0.0678 0.0000
vn -0.9977 -0.0678 0.0000
vn -0.9977 -0.0678 0.0000
vn 0.0864 0.9963 -0.0000
vn 0.0864 0.9963 -0.0000
vn 0.0864 0.9963 -0.0000
vn 0.0864 0.9963 -0.0000
vn -0.0864 -0.9963 0.0000
vn -0.0864 -0.9963 0.0000
vn -0.0864 -0.9963 0.0000
vn -0.0864 -0.9963 0.0000
vn -0.0000 -0.0000 -1.0000
vn -0.0000 -0.0000 -1.0000
vn -0.0000 -0.0000 -1.0000
vn -0.0000 -0.0000 -1.0000
vn 0.0000 0.0000 1.0000
vn 0.0000 0.0000 1.0000
vn 0.0000 0.0000 1.0000
vn 0.0000 0.0000 1.0000
vn 0.7005 -0.7137 -0.0000
vn 0.7005 -0.7137 -0.0000
vn 0.7005 -0.7137 -0.0000
vn 0.7005 -0.7137 -0.0000
vn -0.7005 0.7137 0.0000
vn -0.7005 0.7137 0.0000
vn -0.7005 0.7137 0.0000
vn -0.7005 0.7137 0.0000
vn -0.0000 -0.0000 1.0000
vn -0.0000 -0.0000 1.0000
vn -0.0000 -0.0000 1.0000
vn -0.0000 -0.0000 1.0000
vn 0.0000 0.0000 -1.0000
vn 0.0000 0.0000 -1.0000
vn 0.0000 0.0000 -1.0000
vn 0.0000 0.0000 -1.0000
vn -0.7005 0.7137 -0.0000
vn -0.7005 0.7137 -0.0000
vn -0.7005 0.7137 -0.0000
vn -0.7005 0.7137 -0.0000
vn 0.7005 -0.7137 0.0000
vn 0.7005 -0.7137 0.0000
vn 0.7005 -0.7137 0.0000
vn 0.7005 -0.7137 0.0000
vn 0.5421 0.5320 -0.6505
vn 0.5421 0.5320 -0.6505
vn 0.5421 0.5320 -0.6505
vn 0.5421 0.5320 -0.6505
vn -0.5421 -0.5320 0.6505
vn -0.5421 -0.5320 0.6505
vn -0.5421 -0.5320 0.6505
vn -0.5421 -0.5320 0.6505
vn 0.5421 0.5320 0.6505
vn 0.5421 0.5320 0.6505
vn 0.5421 0.5320 0.6505
vn 0.5421 0.5320 0.6505
vn -0.5421 -0.5320 -0.6505
vn -0.5421 -0.5320 -0.6505
vn -0.5421 -0.5320 -0.6505
vn -0.5421 -0.5320 -0.6505
vn 0.9977 0.0678 -0.0000
vn 0.9977 0.0678 -0.0000
vn 0.9977 0.0678 -0.0000
vn 0.9977 0.0678 -0.0000
vn -0.9977 -0.0678 0.0000
vn -0.9977 -0.0678 0.0000
vn -0.9977 -0.0678 0.0000
vn -0.9977 -0.0678 0.0000
vn 0.0864 0.9963 -0.0000
vn 0.0864 0.9963 -0.0000
vn 0.0864 0.9963 -0.0000
vn 0.0864 0.9963 -0.0000
vn -0.0864 -0.9963 0.0000
vn -0.0864 -0.9963 0.0000
vn -0.0864 -0.9963 0.0000
vn -0.0864 -0.9963 0.0000
vn -0.0000 -0.0000 -1.0000
vn -0.0000 -0.0000 -1.0000
vn -0.0000 -0.0000 -1.0000
vn -0.0000 -0.0000 -1.0000
vn 0.0000 0.0000 1.0000
vn 0.0000 0.0000 1.0000
vn 0.0000 0.0000 1.0000
vn 0.0000 0.0000 1.0000
vn 0.7005 -0.7137 -0.0000
vn 0.7005 -0.7137 -0.0000
vn 0.7005 -0.7137 -0.0000
vn 0.7005 -0.7137 -0.0000
vn -0.7005 0.7137 0.0000
vn -0.7005 0.7137 0.0000
vn -0.7005 0.7137 0.0000
vn -0.7005 0.7137 0.0000
vn -0.0000 -0.0000 1.0000
vn -0.0000 -0.0000 1.0000
vn -0.0000 -0.0000 1.0000
vn -0.0000 -0.0000 1.0000
vn 0.0000 0.0000 -1.0000
vn 0.0000 0.0000 -1.0000
vn 0.0000 0.0000 -1.0000
vn 0.0000 0.0000 -1.0000
vn -0.7005 0.7137 -0.0000
vn -0.7005 0.7137 -0.0000
vn -0.7005 0.7137 -0.0000
vn -0.7005 0.7137 -0.0000
vn 0.7005 -0.7137 0.0000
vn 0.7005 -0.7137 0.0000
vn 0.7005 -0.7137 0.0000
vn 0.7005 -0.7137 0.0000
vn 0.5421 0.5320 -0.6505
vn 0.5421 0.5320 -0.6505
vn 0.5421 0.5320 -0.6505
vn 0.5421 0.5320 -0.6505
vn -0.5421 -0.5320 0.6505
vn -0.5421 -0.5320 0.6505
vn -0.5421 -0.5320 0.6505
vn -0.5421 -0.5320 0.6505
vn 0.5421 0.5320 0.6505
vn 0.5421 0.5320 0.6505
vn 0.5421 0.5320 0.6505
vn 0.5421 0.5320 0.6505
vn -0.5421 -0.5320 -0.6505
vn -0.5421 -0.5320 -0.6505
vn -0.5421 -0.5320 -0.6505
vn -0.5421 -0.5320 -0.6505
vn 0.9977 0.0678 -0.0000
vn 0.9977 0.0678 -0.0000
vn 0.9977 0.0678 -0.0000
vn 0.9977 0.0678 -0.0000
vn -0.9977 -0.0678 0.0000
vn -0.9977 -0.0678 0.0000
vn -0.9977 -0.0678 0.0000
vn -0.9977 -0.0678 0.0000
vn 0.0864 0.9963 -0.0000
vn 0.0864 0.9963 -0.0000
vn 0.0864 0.9963 -0.0000
vn 0.0864 0.9963 -0.0000
vn -0.0864 -0.9963 0.0000
vn -0.0864 -0.9963 0.0000
vn -0.0864 -0.9963 0.0000
vn -0.0864 -0.9963 0.0000
vn -0.0000 -0.0000 -1.0000
vn -0.0000 -0.0000 -1.0000
vn -0.0000 -0.0000 -1.0000
vn -0.0000 -0.0000 -1.0000
vn 0.0000 0.0000 1.0000
vn 0.0000 0.0000 1.0000
vn 0.0000 0.0000 1.0000
vn 0.0000 0.0000 1.0000
vn 0.7005 -0.7137 -0.0000
vn 0.7005 -0.7137 -0.0000
vn 0.7005 -0.7137 -0.0000
vn 0.7005 -0.7137 -0.0000
vn -0.7005 0.7137 0.0000
vn -0.7005 0.7137 0.0000
vn -0.7005 0.7137 0.0000
vn -0.7005 0.7137 0.0000
vn -0.0000 -0.0000 1.0000
vn -0.0000 -0.0000 1.0000
vn -0.0000 -0.0000 1.0000
vn -0.0000 -0.0000 1.0000
vn 0.0000 0.0000 -1.0000
vn 0.0000 0.0000 -1.0000
vn 0.0000 0.0000 -1.0000
vn 0.0000 0.0000 -1.0000
vn -0.7005 0.7137 -0.0000
vn -0.7005 0.7137 -0.0000
vn -0.7005 0.7137 -0.0000
vn -0.7005 0.7137 -0.0000
vn 0.7005 -0.7137 0.0000
vn 0.7005 -0.7137 0.0000
vn 0.7005 -0.7137 0.0000
vn 0.7005 -0.7137 0.0000
vn 0.5421 0.5320 -0.6505
vn 0.5421 0.5320 -0.6505
vn 0.5421 0.5320 -0.6505
vn 0.5421 0.5320 -0.6505
vn -0.5421 -0.5320 0.6505
vn -0.5421 -0.5320 0.6505
vn -0.5421 -0.5320 0.6505
vn -0.5421 -0.5320 0.6505
vn 0.5421 0.5320 0.6505
vn 0.5421 0.5320 0.6505
vn 0.5421 0.5320 0.6505
vn 0.5421 0.5320 0.6505
vn -0.5421 -0.5320 -0.6505
vn -0.5421 -0.5320 -0.6505
vn -0.5421 -0.5320 -0.6505
vn -0.5421 -0.5320 -0.6505
vn 0.9977 0.0678 -0.0000
vn 0.9977 0.0678 -0.0000
vn 0.9977 0.0678 -0.0000
vn 0.9977 0.0678 -0.0000
vn -0.9977 -0.0678 0.0000
vn -0.9977 -0.0678 0.0000
vn -0.9977 -0.0678 0.0000
vn -0.9977 -0.0678 0.0000
vn 0.0864 0.9963 -0.0000
vn 0.0864 0.9963 -0.0000
vn 0.0864 0.9963 -0.0000
vn 0.0864 0.9963 -0.0000
vn -0.0864 -0.9963 0.0000
vn -0.0864 -0.9963 0.0000
vn -0.0864 -0.9963 0.0000
vn -0.0864 -0.9963 0.0000
vn -0.0000 -0.0000 -1.0000
vn -0.0000 -0.0000 -1.0000
vn -0.0000 -0.0000 -1.0000
vn -0.0000 -0.0000 -1.0000
vn 0.0000 0.0000 1.0000
vn 0.0000 0.0000 1.0000
vn 0.0000 0.0000 1.0000
vn 0.0000 0.0000 1.0000
vn 0.7005 -0.7137 -0.0000
vn 0.7005 -0.7137 -0.0000
vn 0.7005 -0.7137 -0.0000
vn 0.7005 -0.7137 -0.0000
vn -0.7005 0.7137 0.0000
vn -0.7005 0.7137 0.0000
vn -0.7005 0.7137 0.0000
vn -0.7005 0.7137 0.0000
vn -0.0000 -0.0000 1.0000
vn -0.0000 -0.0000 1.0000
vn -0.0000 -0.0000 1.0000
vn -0.0000 -0.0000 1.0000
vn 0.0000 0.0000 -1.0000
vn 0.0000 0.0000 -1.0000
vn 0.0000 0.0000 -1.0000
vn 0.0000 0.0000 -1.0000
vn -0.7005 0.7137 -0.0000
vn -0.7005 0.7137 -0.0000
vn -0.7005 0.7137 -0.0000
vn -0.7005 0.7137 -0.0000
vn 0.7005 -0.7137 0.0000
vn 0.7005 -0.7137 0.0000
vn 0.7005 -0.7137 0.0000
vn 0.7005 -0.7137 0.0000
vn 0.7324 0.6809 -0.0000
vn 0.7324 0.6809 -0.0000
vn 0.7324 0.6809 -0.0000
vn 0.7324 0.6809 -0.0000
vn -0.7324 -0.6809 0.0000
vn -0.7324 -0.6809 0.0000
vn -0.7324 -0.6809 0.0000
vn -0.7324 -0.6809 0.0000
vn 0.0000 0.0000 1.0000
vn 0.0000 0.0000 1.0000
vn 0.0000 0.0000 1.0000
vn 0.0000 0.0000 1.0000
vn 0.0000 0.0000 -1.0000
vn 0.0000 0.0000 -1.0000
vn 0.0000 0.0000 -1.0000
vn 0.0000 0.0000 -1.0000
vn 0.0000 1.0000 0.0000
vn 0.0000 1.0000 0.0000
vn 0.0000 1.0000 0.0000
vn 0.0000 1.0000 0.0000
vn 0.0000 -1.0000 0.0000
vn 0.0000 -1.0000 0.0000
vn 0.0000 -1.0000 0.0000
vn 0.0000 -1.0000 0.0000
vn 1.0000 0.0000 0.0000
vn 1.0000 0.0000 0.0000
vn 1.0000 0.0000 0.0000
vn 1.0000 0.0000 0.0000
vn -1.0000 0.0000 0.0000
vn -1.0000 0.0000 0.0000
vn -1.0000 0.0000 0.0000
vn -1.0000 0.0000 0.0000
vn 0.0000 0.0000 1.0000
vn 0.0000 0.0000 1.0000
vn 0.0000 0.0000 1.0000
vn 0.0000 0.0000 1.0000
vn 0.0000 0.0000 -1.0000
vn 0.0000 0.0000 -1.0000
vn 0.0000 0.0000 -1.0000
vn 0.0000 0.0000 -1.0000
vn 0.0000 1.0000 0.0000
vn 0.0000 1.0000 0.0000
vn 0.0000 1.0000 0.0000
vn 0.0000 1.0000 0.0000
vn 0.0000 -1.0000 0.0000
vn 0.0000 -1.0000 0.0000
vn 0.0000 -1.0000 0.0000
vn 0.0000 -1.0000 0.0000
vn 1.0000 0.0000 0.0000
vn 1.0000 0.0000 0.0000
vn 1.0000 0.0000 0.0000
vn 1.0000 0.0000 0.0000
vn -1.0000 0.0000 0.0000
vn -1.0000 0.0000 0.0000
vn -1.0000 0.0000 0.0000
vn -1.0000 0.0000 0.0000
vn 0.0000 0.0000 1.0000
vn 0.0000 0.0000 1.0000
vn 0.0000 0.0000 1.0000
vn 0.0000 0.0000 1.0000
vn 0.0000 0.0000 -1.0000
vn 0.0000 0.0000 -1.0000
vn 0.0000 0.0000 -1.0000
vn 0.0000 0.0000 -1.0000
vn 0.0000 1.0000 0.0000
vn 0.0000 1.0000 0.0000
vn 0.0000 1.0000 0.0000
vn 0.0000 1.0000 0.0000
vn 0.0000 -1.0000 0.0000
vn 0.0000 -1.0000 0.0000
vn 0.0000 -1.0000 0.0000
vn 0.0000 -1.0000 0.0000
vn 1.0000 0.0000 0.0000
vn 1.0000 0.0000 0.0000
vn 1.0000 0.0000 0.0000
vn 1.0000 0.0000 0.0000
vn -1.0000 0.0000 0.0000
vn -1.0000 0.0000 0.0000
vn -1.0000 0.0000 0.0000
vn -1.0000 0.0000 0.0000
vn 0.0000 0.0000 1.0000
vn 0.0000 0.0000 1.0000
vn 0.0000 0.0000 1.0000
vn 0.0000 0.0000 1.0000
vn 0.0000 0.0000 -1.0000
vn 0.0000 0.0000 -1.0000
vn 0.0000 0.0000 -1.0000
vn 0.0000 0.0000 -1.0000
vn 0.0000 1.0000 0.0000
vn 0.0000 1.0000 0.0000
vn 0.0000 1.0000 0.0000
vn 0.0000 1.0000 0.0000
vn 0.0000 -1.0000 0.0000
vn 0.0000 -1.0000 0.0000
vn 0.0000 -1.0000 0.0000
vn 0.0000 -1.0000 0.0000
vn 1.0000 0.0000 0.0000
vn 1.0000 0.0000 0.0000
vn 1.0000 0.0000 0.0000
vn 1.0000 0.0000 0.0000
vn -1.0000 0.0000 0.0000
vn -1.0000 0.0000 0.0000
vn -1.0000 0.0000 0.0000
vn -1.0000 0.0000 0.0000
vn 0.0000 0.0000 1.0000
vn 0.0000 0.0000 1.0000
vn 0.0000 0.0000 1.0000
vn 0.0000 0.0000 1.0000
vn 0.0000 0.0000 -1.0000
vn 0.0000 0.0000 -1.0000
vn 0.0000 0.0000 -1.0000
vn 0.0000 0.0000 -1.0000
vn 0.0000 1.0000 0.0000
vn 0.0000 1.0000 0.0000
vn 0.0000 1.0000 0.0000
vn 0.0000 1.0000 0.0000
vn 0.0000 -1.0000 0.0000
vn 0.0000 -1.0000 0.0000
vn 0.0000 -1.0000 0.0000
vn 0.0000 -1.0000 0.0000
vn 1.0000 0.0000 0.0000
vn 1.0000 0.0000 0.0000
vn 1.0000 0.0000 0.0000
vn 1.0000 0.0000 0.0000
vn -1.0000 0.0000 0.0000
vn -1.0000 0.0000 0.0000
vn -1.0000 0.0000 0.0000
vn -1.0000 0.0000 0.0000
vn 0.0000 0.0000 1.0000
vn 0.0000 0.0000 1.0000
vn 0.0000 0.0000 1.0000
vn 0.0000 0.0000 1.0000
vn 0.0000 0.0000 -1.0000
vn 0.0000 0.0000 -1.0000
vn 0.0000 0.0000 -1.0000
vn 0.0000 0.0000 -1.0000
vn 0.0000 1.0000 0.0000
vn 0.0000 1.0000 0.0000
vn 0.0000 1.0000 0.0000
vn 0.0000 1.0000 0.0000
vn 0.0000 -1.0000 0.0000
vn 0.0000 -1.0000 0.0000
vn 0.0000 -1.0000 0.0000
vn 0.0000 -1.0000 0.0000
vn 1.0000 0.0000 0.0000
vn 1.0000 0.0000 0.0000
vn 1.0000 0.0000 0.0000
vn 1.0000 0.0000 0.0000
vn -1.0000 0.0000 0.0000
vn -1.0000 0.0000 0.0000
vn -1.0000 0.0000 0.0000
vn -1.0000 0.0000 0.0000
vn 0.0000 0.0000 1.0000
vn 0.0000 0.0000 1.0000
vn 0.0000 0.0000 1.0000
vn 0.0000 0.0000 1.0000
vn 0.0000 0.0000 -1.0000
vn 0.0000 0.0000 -1.0000
vn 0.0000 0.0000 -1.0000
vn 0.0000 0.0000 -1.0000
vn 0.0000 1.0000 0.0000
vn 0.0000 1.0000 0.0000
vn 0.0000 1.0000 0.0000
vn 0.0000 1.0000 0.0000
vn 0.0000 -1.0000 0.0000
vn 0.0000 -1.0000 0.0000
vn 0.0000 -1.0000 0.0000
vn 0.0000 -1.0000 0.0000
vn 1.0000 0.0000 0.0000
vn 1.0000 0.0000 0.0000
vn 1.0000 0.0000 0.0000
vn 1.0000 0.0000 0.0000
vn -1.0000 0.0000 0.0000
vn -1.0000 0.0000 0.0000
vn -1.0000 0.0000 0.0000
vn -1.0000 0.0000 0.0000
vn 0.0000 0.0000 1.0000
vn 0.0000 0.0000 1.0000
vn 0.0000 0.0000 1.0000
vn 0.0000 0.0000 1.0000
vn 0.0000 0.0000 -1.0000
vn 0.0000 0.0000 -1.0000
vn 0.0000 0.0000 -1.0000
vn 0.0000 0.0000 -1.0000
vn 0.0000 1.0000 0.0000
vn 0.0000 1.0000 0.0000
vn 0.0000 1.0000 0.0000
vn 0.0000 1.0000 0.0000
vn 0.0000 -1.0000 0.0000
vn 0.0000 -1.0000 0.0000
vn 0.0000 -1.0000 0.0000
vn 0.0000 -1.0000 0.0000
vn 1.0000 0.0000 0.0000
vn 1.0000 0.0000 0.0000
vn 1.0000 0.0000 0.0000
vn 1.0000 0.0000 0.0000
vn -1.0000 0.0000 0.0000
vn -1.0000 0.0000 0.0000
vn -1.0000 0.0000 0.0000
vn -1.0000 0.0000 0.0000
vn 0.0000 0.0000 1.0000
vn 0.0000 0.0000 1.0000
vn 0.0000 0.0000 1.0000
vn 0.0000 0.0000 1.0000
vn 0.0000 0.0000 -1.0000
vn 0.0000 0.0000 -1.0000
vn 0.0000 0.0000 -1.0000
vn 0.0000 0.0000 -1.0000
vn 0.0000 1.0000 0.0000
vn 0.0000 1.0000 0.0000
vn 0.0000 1.0000 0.0000
vn 0.0000 1.0000 0.0000
vn 0.0000 -1.0000 0.0000
vn 0.0000 -1.0000 0.0000
vn 0.0000 -1.0000 0.0000
vn 0.0000 -1.0000 0.0000
vn 1.0000 0.0000 0.0000
vn 1.0000 0.0000 0.0000
vn 1.0000 0.0000 0.0000
vn 1.0000 0.0000 0.0000
vn -1.0000 0.0000 0.0000
vn -1.0000 0.0000 0.0000
vn -1.0000 0.0000 0.0000
vn -1.0000 0.0000 0.0000
vn 0.0000 0.0000 1.0000
vn 0.0000 0.0000 1.0000
vn 0.0000 0.0000 1.0000
vn 0.0000 0.0000 1.0000
vn 0.0000 0.0000 -1.0000
vn 0.0000 0.0000 -1.0000
vn 0.0000 0.0000 -1.0000
vn 0.0000 0.0000 -1.0000
vn 0.0000 1.0000 0.0000
vn 0.0000 1.0000 0.0000
vn 0.0000 1.0000 0.0000
vn 0.0000 1.0000 0.0000
vn 0.0000 -1.0000 0.0000
vn 0.0000 -1.0000 0.0000
vn 0.0000 -1.0000 0.0000
vn 0.0000 -1.0000 0.0000
vn 1.0000 0.0000 0.0000
vn 1.0000 0.0000 0.0000
vn 1.0000 0.0000 0.0000
vn 1.0000 0.0000 0.0000
vn -1.0000 0.0000 0.0000
vn -1.0000 0.0000 0.0000
vn -1.0000 0.0000 0.0000
vn -1.0000 0.0000 0.0000
vn 0.0000 0.0000 1.0000
vn 0.0000 0.0000 1.0000
vn 0.0000 0.0000 1.0000
vn 0.0000 0.0000 1.0000
vn 0.0000 0.0000 -1.0000
vn 0.0000 0.0000 -1.0000
vn 0.0000 0.0000 -1.0000
vn 0.0000 0.0000 -1.0000
vn 0.0000 1.0000 0.0000
vn 0.0000 1.0000 0.0000
vn 0.0000 1.0000 0.0000
vn 0.0000 1.0000 0.0000
vn 0.0000 -1.0000 0.0000
vn 0.0000 -1.0000 0.0000
vn 0.0000 -1.0000 0.0000
vn 0.0000 -1.0000 0.0000
vn 1.0000 0.0000 0.0000
vn 1.0000 0.0000 0.0000
vn 1.0000 0.0000 0.0000
vn 1.0000 0.0000 0.0000
vn -1.0000 0.0000 0.0000
vn -1.0000 0.0000 0.0000
vn -1.0000 0.0000 0.0000
vn -1.0000 0.0000 0.0000
vn 0.0000 0.0000 1.0000
vn 0.0000 0.0000 1.0000
vn 0.0000 0.0000 1.0000
vn 0.0000 0.0000 1.0000
vn 0.0000 0.0000 -1.0000
vn 0.0000 0.0000 -1.0000
vn 0.0000 0.0000 -1.0000
vn 0.0000 0.0000 -1.0000
vn 0.0000 1.0000 0.0000
vn 0.0000 1.0000 0.0000
vn 0.0000 1.0000 0.0000
vn 0.0000 1.0000 0.0000
vn 0.0000 -1.0000 0.0000
vn 0.0000 -1.0000 0.0000
vn 0.0000 -1.0000 0.0000
vn 0.0000 -1.0000 0.0000
vn 1.0000 0.0000 0.0000
vn 1.0000 0.0000 0.0000
vn 1.0000 0.0000 0.0000
vn 1.0000 0.0000 0.0000
vn -1.0000 0.0000 0.0000
vn -1.0000 0.0000 0.0000
vn -1.0000 0.0000 0.0000
vn -1.0000 0.0000 0.0000
vn 0.0000 0.0000 1.0000
vn 0.0000 0.0000 1.0000
vn 0.0000 0.0000 1.0000
vn 0.0000 0.0000 1.0000
vn 0.0000 0.0000 -1.0000
vn 0.0000 0.0000 -1.0000
vn 0.0000 0.0000 -1.0000
vn 0.0000 0.0000 -1.0000
vn 0.0000 1.0000 0.0000
vn 0.0000 1.0000 0.0000
vn 0.0000 1.0000 0.0000
vn 0.0000 1.0000 0.0000
vn 0.0000 -1.0000 0.0000
vn 0.0000 -1.0000 0.0000
vn 0.0000 -1.0000 0.0000
vn 0.0000 -1.0000 0.0000
vn 1.0000 0.0000 0.0000
vn 1.0000 0.0000 0.0000
vn 1.0000 0.0000 0.0000
vn 1.0000 0.0000 0.0000
vn -1.0000 0.0000 0.0000
vn -1.0000 0.0000 0.0000
vn -1.0000 0.0000 0.0000
vn -1.0000 0.0000 0.0000
vn 0.0000 0.0000 1.0000
vn 0.0000 0.0000 1.0000
vn 0.0000 0.0000 1.0000
vn 0.0000 0.0000 1.0000
vn 0.0000 0.0000 -1.0000
vn 0.0000 0.0000 -1.0000
vn 0.0000 0.0000 -1.0000
vn 0.0000 0.0000 -1.0000
vn 0.0000 1.0000 0.0000
vn 0.0000 1.0000 0.0000
vn 0.0000 1.0000 0.0000
vn 0.0000 1.0000 0.0000
vn 0.0000 -1.0000 0.0000
vn 0.0000 -1.0000 0.0000
vn 0.0000 -1.0000 0.0000
vn 0.0000 -1.0000 0.0000
vn 1.0000 0.0000 0.0000
vn 1.0000 0.0000 0.0000
vn 1.0000 0.0000 0.0000
vn 1.0000 0.0000 0.0000
vn -1.0000 0.0000 0.0000
vn -1.0000 0.0000 0.0000
vn -1.0000 0.0000 0.0000
vn -1.0000 0.0000 0.0000
vn 0.0000 0.0000 1.0000
vn 0.0000 0.0000 1.0000
vn 0.0000 0.0000 1.0000
vn 0.0000 0.0000 1.0000
vn 0.0000 0.0000 -1.0000
vn 0.0000 0.0000 -1.0000
vn 0.0000 0.0000 -1.0000
vn 0.0000 0.0000 -1.0000
vn 0.0000 1.0000 0.0000
vn 0.0000 1.0000 0.0000
vn 0.0000 1.0000 0.0000
vn 0.0000 1.0000 0.0000
vn 0.0000 -1.0000 0.0000
vn 0.0000 -1.0000 0.0000
vn 0.0000 -1.0000 0.0000
vn 0.0000 -1.0000 0.0000
vn 1.0000 0.0000 0.0000
vn 1.0000 0.0000 0.0000
vn 1.0000 0.0000 0.0000
vn 1.0000 0.0000 0.0000
vn -1.0000 0.0000 0.0000
vn -1.0000 0.0000 0.0000
vn -1.0000 0.0000 0.0000
vn -1.0000 0.0000 0.0000
vn 0.0000 0.0000 1.0000
vn 0.0000 0.0000 1.0000
vn 0.0000 0.0000 1.0000
vn 0.0000 0.0000 1.0000
vn 0.0000 0.0000 -1.0000
vn 0.0000 0.0000 -1.0000
vn 0.0000 0.0000 -1.0000
vn 0.0000 0.0000 -1.0000
vn 0.0000 1.0000 0.0000
vn 0.0000 1.0000 0.0000
vn 0.0000 1.0000 0.0000
vn 0.0000 1.0000 0.0000
vn 0.0000 -1.0000 0.0000
vn 0.0000 -1.0000 0.0000
vn 0.0000 -1.0000 0.0000
vn 0.0000 -1.0000 0.0000
vn 1.0000 0.0000 0.0000
vn 1.0000 0.0000 0.0000
vn 1.0000 0.0000 0.0000
vn 1.0000 0.0000 0.0000
vn -1.0000 0.0000 0.0000
vn -1.0000 0.0000 0.0000
vn -1.0000 0.0000 0.0000
vn -1.0000 0.0000 0.0000
vn 0.0000 0.0000 1.0000
vn 0.0000 0.0000 1.0000
vn 0.0000 0.0000 1.0000
vn 0.0000 0.0000 1.0000
vn 0.0000 0.0000 -1.0000
vn 0.0000 0.0000 -1.0000
vn 0.0000 0.0000 -1.0000
vn 0.0000 0.0000 -1.0000
vn 0.0000 1.0000 0.0000
vn 0.0000 1.0000 0.0000
vn 0.0000 1.0000 0.0000
vn 0.0000 1.0000 0.0000
vn 0.0000 -1.0000 0.0000
vn 0.0000 -1.0000 0.0000
vn 0.0000 -1.0000 0.0000
vn 0.0000 -1.0000 0.0000
vn 1.0000 0.0000 0.0000
vn 1.0000 0.0000 0.0000
vn 1.0000 0.0000 0.0000
vn 1.0000 0.0000 0.0000
vn -1.0000 0.0000 0.0000
vn -1.0000 0.0000 0.0000
vn -1.0000 0.0000 0.0000
vn -1.0000 0.0000 0.0000
vn 0.0000 0.0000 1.0000
vn 0.0000 0.0000 1.0000
vn 0.0000 0.0000 1.0000
vn 0.0000 0.0000 1.0000
vn 0.0000 0.0000 -1.0000
vn 0.0000 0.0000 -1.0000
vn 0.0000 0.0000 -1.0000
vn 0.0000 0.0000 -1.0000
vn 0.0000 1.0000 0.0000
vn 0.0000 1.0000 0.0000
vn 0.0000 1.0000 0.0000
vn 0.0000 1.0000 0.0000
vn 0.0000 -1.0000 0.0000
vn 0.0000 -1.0000 0.0000
vn 0.0000 -1.0000 0.0000
vn 0.0000 -1.0000 0.0000
vn 1.0000 0.0000 0.0000
vn 1.0000 0.0000 0.0000
vn 1.0000 0.0000 0.0000
vn 1.0000 0.0000 0.0000
vn -1.0000 0.0000 0.0000
vn -1.0000 0.0000 0.0000
vn -1.0000 0.0000 0.0000
vn -1.0000 0.0000 0.0000
vn 0.0000 0.0000 1.0000
vn 0.0000 0.0000 1.0000
vn 0.0000 0.0000 1.0000
vn 0.0000 0.0000 1.0000
vn 0.0000 0.0000 -1.0000
vn 0.0000 0.0000 -1.0000
vn 0.0000 0.0000 -1.0000
vn 0.0000 0.0000 -1.0000
vn 0.0000 1.0000 0.0000
vn 0.0000 1.0000 0.0000
vn 0.0000 1.0000 0.0000
vn 0.0000 1.0000 0.0000
vn 0.0000 -1.0000 0.0000
vn 0.0000 -1.0000 0.0000
vn 0.0000 -1.0000 0.0000
vn 0.0000 -1.0000 0.0000
vn 1.0000 0.0000 0.0000
vn 1.0000 0.0000 0.0000
vn 1.0000 0.0000 0.0000
vn 1.0000 0.0000 0.0000
vn -1.0000 0.0000 0.0000
vn -1.0000 0.0000 0.0000
vn -1.0000 0.0000 0.0000
vn -1.0000 0.0000 0.0000
vn 0.0000 0.0000 1.0000
vn 0.0000 0.0000 1.0000
vn 0.0000 0.0000 1.0000
vn 0.0000 0.0000 1.0000
vn 0.0000 0.0000 -1.0000
vn 0.0000 0.0000 -1.0000
vn 0.0000 0.0000 -1.0000
vn 0.0000 0.0000 -1.0000
vn 0.0000 1.0000 0.0000
vn 0.0000 1.0000 0.0000
vn 0.0000 1.0000 0.0000
vn 0.0000 1.0000 0.0000
vn 0.0000 -1.0000 0.0000
vn 0.0000 -1.0000 0.0000
vn 0.0000 -1.0000 0.0000
vn 0.0000 -1.0000 0.0000
vn 1.0000 0.0000 0.0000
vn 1.0000 0.0000 0.0000
vn 1.0000 0.0000 0.0000
vn 1.0000 0.0000 0.0000
vn -1.0000 0.0000 0.0000
vn -1.0000 0.0000 0.0000
vn -1.0000 0.0000 0.0000
vn -1.0000 0.0000 0.0000
vn 0.0000 0.0000 1.0000
vn 0.0000 0.0000 1.0000
vn 0.0000 0.0000 1.0000
vn 0.0000 0.0000 1.0000
vn 0.0000 0.0000 -1.0000
vn 0.0000 0.0000 -1.0000
vn 0.0000 0.0000 -1.0000
vn 0.0000 0.0000 -1.0000
vn 0.0000 1.0000 0.0000
vn 0.0000 1.0000 0.0000
vn 0.0000 1.0000 0.0000
vn 0.0000 1.0000 0.0000
vn 0.0000 -1.0000 0.0000
vn 0.0000 -1.0000 0.0000
vn 0.0000 -1.0000 0.0000
vn 0.0000 -1.0000 0.0000
vn 1.0000 0.0000 0.0000
vn 1.0000 0.0000 0.0000
vn 1.0000 0.0000 0.0000
vn 1.0000 0.0000 0.0000
vn -1.0000 0.0000 0.0000
vn -1.0000 0.0000 0.0000
vn -1.0000 0.0000 0.0000
vn -1.0000 0.0000 0.0000
vn 0.0000 0.0000 1.0000
vn 0.0000 0.0000 1.0000
vn 0.0000 0.0000 1.0000
vn 0.0000 0.0000 1.0000
vn 0.0000 0.0000 -1.0000
vn 0.0000 0.0000 -1.0000
vn 0.0000 0.0000 -1.0000
vn 0.0000 0.0000 -1.0000
vn 0.0000 1.0000 0.0000
vn 0.0000 1.0000 0.0000
vn 0.0000 1.0000 0.0000
vn 0.0000 1.0000 0.0000
vn 0.0000 -1.0000 0.0000
vn 0.0000 -1.0000 0.0000
vn 0.0000 -1.0000 0.0000
vn 0.0000 -1.0000 0.0000
vn 1.0000 0.0000 0.0000
vn 1.0000 0.0000 0.0000
vn 1.0000 0.0000 0.0000
vn 1.0000 0.0000 0.0000
vn -1.0000 0.0000 0.0000
vn -1.0000 0.0000 0.0000
vn -1.0000 0.0000 0.0000
vn -1.0000 0.0000 0.0000
vn 0.0000 0.0000 1.0000
vn 0.0000 0.0000 1.0000
vn 0.0000 0.0000 1.0000
vn 0.0000 0.0000 1.0000
vn 0.0000 0.0000 -1.0000
vn 0.0000 0.0000 -1.0000
vn 0.0000 0.0000 -1.0000
vn 0.0000 0.0000 -1.0000
vn 0.0000 1.0000 0.0000
vn 0.0000 1.0000 0.0000
vn 0.0000 1.0000 0.0000
vn 0.0000 1.0000 0.0000
vn 0.0000 -1.0000 0.0000
vn 0.0000 -1.0000 0.0000
vn 0.0000 -1.0000 0.0000
vn 0.0000 -1.0000 0.0000
vn 1.0000 0.0000 0.0000
vn 1.0000 0.0000 0.0000
vn 1.0000 0.0000 0.0000
vn 1.0000 0.0000 0.0000
vn -1.0000 0.0000 0.0000
vn -1.0000 0.0000 0.0000
vn -1.0000 0.0000 0.0000
vn -1.0000 0.0000 0.0000
vn 0.0000 0.0000 1.0000
vn 0.0000 0.0000 1.0000
vn 0.0000 0.0000 1.0000
vn 0.0000 0.0000 1.0000
vn 0.0000 0.0000 -1.0000
vn 0.0000 0.0000 -1.0000
vn 0.0000 0.0000 -1.0000
vn 0.0000 0.0000 -1.0000
vn 0.0000 1.0000 0.0000
vn 0.0000 1.0000 0.0000
vn 0.0000 1.0000 0.0000
vn 0.0000 1.0000 0.0000
vn 0.0000 -1.0000 0.0000
vn 0.0000 -1.0000 0.0000
vn 0.0000 -1.0000 0.0000
vn 0.0000 -1.0000 0.0000
vn 1.0000 0.0000 0.0000
vn 1.0000 0.0000 0.0000
vn 1.0000 0.0000 0.0000
vn 1.0000 0.0000 0.0000
vn -1.0000 0.0000 0.0000
vn -1.0000 0.0000 0.0000
vn -1.0000 0.0000 0.0000
vn -1.0000 0.0000 0.0000
vn 0.0000 0.0000 1.0000
vn 0.0000 0.0000 1.0000
vn 0.0000 0.0000 1.0000
vn 0.0000 0.0000 1.0000
vn 0.0000 0.0000 -1.0000
vn 0.0000 0.0000 -1.0000
vn 0.0000 0.0000 -1.0000
vn 0.0000 0.0000 -1.0000
vn 0.0000 1.0000 0.0000
vn 0.0000 1.0000 0.0000
vn 0.0000 1.0000 0.0000
vn 0.0000 1.0000 0.0000
vn 0.0000 -1.0000 0.0000
vn 0.0000 -1.0000 0.0000
vn 0.0000 -1.0000 0.0000
vn 0.0000 -1.0000 0.0000
vn 1.0000 0.0000 0.0000
vn 1.0000 0.0000 0.0000
vn 1.0000 0.0000 0.0000
vn 1.0000 0.0000 0.0000
vn -1.0000 0.0000 0.0000
vn -1.0000 0.0000 0.0000
vn -1.0000 0.0000 0.0000
vn -1.0000 0.0000 0.0000
vn -0.7071 -0.0000 0.7071
vn -0.7071 -0.0000 0.7071
vn -0.7071 -0.0000 0.7071
vn -0.7071 -0.0000 0.7071
vn 0.7071 0.0000 -0.7071
vn 0.7071 0.0000 -0.7071
vn 0.7071 0.0000 -0.7071
vn 0.7071 0.0000 -0.7071
vn -0.1075 -0.9884 -0.1075
vn -0.1075 -0.9884 -0.1075
vn -0.1075 -0.9884 -0.1075
vn -0.1075 -0.9884 -0.1075
vn 0.1075 0.9884 0.1075
vn 0.1075 0.9884 0.1075
vn 0.1075 0.9884 0.1075
vn 0.1075 0.9884 0.1075
vn 0.1075 -0.9884 0.1075
vn 0.1075 -0.9884 0.1075
vn 0.1075 -0.9884 0.1075
vn 0.1075 -0.9884 0.1075
vn -0.1075 0.9884 -0.1075
vn -0.1075 0.9884 -0.1075
vn -0.1075 0.9884 -0.1075
vn -0.1075 0.9884 -0.1075
vn -0.7071 -0.0000 -0.7071
vn -0.7071 -0.0000 -0.7071
vn -0.7071 -0.0000 -0.7071
vn -0.7071 -0.0000 -0.7071
vn 0.7071 0.0000 0.7071
vn 0.7071 0.0000 0.7071
vn 0.7071 0.0000 0.7071
vn 0.7071 0.0000 0.7071
vn -0.1075 -0.9884 -0.1075
vn -0.1075 -0.9884 -0.1075
vn -0.1075 -0.9884 -0.1075
vn -0.1075 -0.9884 -0.1075
vn 0.1075 0.9884 0.1075
vn 0.1075 0.9884 0.1075
vn 0.1075 0.9884 0.1075
vn 0.1075 0.9884 0.1075
vn 0.1075 -0.9884 0.1075
vn 0.1075 -0.9884 0.1075
vn 0.1075 -0.9884 0.1075
vn 0.1075 -0.9884 0.1075
vn -0.1075 0.9884 -0.1075
vn -0.1075 0.9884 -0.1075
vn -0.1075 0.9884 -0.1075
vn -0.1075 0.9884 -0.1075
vn -0.7071 -0.0000 -0.7071
vn -0.7071 -0.0000 -0.7071
vn -0.7071 -0.0000 -0.7071
vn -0.7071 -0.0000 -0.7071
vn 0.7071 0.0000 0.7071
vn 0.7071 0.0000 0.7071
vn 0.7071 0.0000 0.7071
vn 0.7071 0.0000 0.7071
vn -0.1075 -0.9884 -0.1075
vn -0.1075 -0.9884 -0.1075
vn -0.1075 -0.9884 -0.1075
vn -0.1075 -0.9884 -0.1075
vn 0.1075 0.9884 0.1075
vn 0.1075 0.9884 0.1075
vn 0.1075 0.9884 0.1075
vn 0.1075 0.9884 0.1075
vn 0.1075 -0.9884 0.1075
vn 0.1075 -0.9884 0.1075
vn 0.1075 -0.9884 0.1075
vn 0.1075 -0.9884 0.1075
vn -0.1075 0.9884 -0.1075
vn -0.1075 0.9884 -0.1075
vn -0.1075 0.9884 -0.1075
vn -0.1075 0.9884 -0.1075
vn -0.7071 -0.0000 -0.7071
vn -0.7071 -0.0000 -0.7071
vn -0.7071 -0.0000 -0.7071
vn -0.7071 -0.0000 -0.7071
vn 0.7071 0.0000 0.7071
vn 0.7071 0.0000 0.7071
vn 0.7071 0.0000 0.7071
vn 0.7071 0.0000 0.7071
vn -0.1075 -0.9884 -0.1075
vn -0.1075 -0.9884 -0.1075
vn -0.1075 -0.9884 -0.1075
vn -0.1075 -0.9884 -0.1075
vn 0.1075 0.9884 0.1075
vn 0.1075 0.9884 0.1075
vn 0.1075 0.9884 0.1075
vn 0.1075 0.9884 0.1075
vn 0.1075 -0.9884 0.1075
vn 0.1075 -0.9884 0.1075
vn 0.1075 -0.9884 0.1075
vn 0.1075 -0.9884 0.1075
vn -0.1075 0.9884 -0.1075
vn -0.1075 0.9884 -0.1075
vn -0.1075 0.9884 -0.1075
vn -0.1075 0.9884 -0.1075
vn -0.7071 -0.0000 -0.7071
vn -0.7071 -0.0000 -0.7071
vn -0.7071 -0.0000 -0.7071
vn -0.7071 -0.0000 -0.7071
vn 0.7071 0.0000 0.7071
vn 0.7071 0.0000 0.7071
vn 0.7071 0.0000 0.7071
vn 0.7071 0.0000 0.7071
vn -0.1075 -0.9884 -0.1075
vn -0.1075 -0.9884 -0.1075
vn -0.1075 -0.9884 -0.1075
vn -0.1075 -0.9884 -0.1075
vn 0.1075 0.9884 0.1075
vn 0.1075 0.9884 0.1075
vn 0.1075 0.9884 0.1075
vn 0.1075 0.9884 0.1075
vn 0.1075 -0.9884 0.1075
vn 0.1075 -0.9884 0.1075
vn 0.1075 -0.9884 0.1075
vn 0.1075 -0.9884 0.1075
vn -0.1075 0.9884 -0.1075
vn -0.1075 0.9884 -0.1075
vn -0.1075 0.9884 -0.1075
vn -0.1075 0.9884 -0.1075
vn -0.7071 -0.0000 -0.7071
vn -0.7071 -0.0000 -0.7071
vn -0.7071 -0.0000 -0.7071
vn -0.7071 -0.0000 -0.7071
vn 0.7071 0.0000 0.7071
vn 0.7071 0.0000 0.7071
vn 0.7071 0.0000 0.7071
vn 0.7071 0.0000 0.7071
vn -0.1075 -0.9884 -0.1075
vn -0.1075 -0.9884 -0.1075
vn -0.1075 -0.9884 -0.1075
vn -0.1075 -0.9884 -0.1075
vn 0.1075 0.9884 0.1075
vn 0.1075 0.9884 0.1075
vn 0.1075 0.9884 0.1075
vn 0.1075 0.9884 0.1075
vn 0.1075 -0.9884 0.1075
vn 0.1075 -0.9884 0.1075
vn 0.1075 -0.9884 0.1075
vn 0.1075 -0.9884 0.1075
vn -0.1075 0.9884 -0.1075
vn -0.1075 0.9884 -0.1075
vn -0.1075 0.9884 -0.1075
vn -0.1075 0.9884 -0.1075
vn -0.7071 -0.0000 -0.7071
vn -0.7071 -0.0000 -0.7071
vn -0.7071 -0.0000 -0.7071
vn -0.7071 -0.0000 -0.7071
vn 0.7071 0.0000 0.7071
vn 0.7071 0.0000 0.7071
vn 0.7071 0.0000 0.7071
vn 0.7071 0.0000 0.7071
vn -0.1075 -0.9884 -0.1075
vn -0.1075 -0.9884 -0.1075
vn -0.1075 -0.9884 -0.1075
vn -0.1075 -0.9884 -0.1075
vn 0.1075 0.9884 0.1075
vn 0.1075 0.9884 0.1075
vn 0.1075 0.9884 0.1075
vn 0.1075 0.9884 0.1075
vn 0.1075 -0.9884 0.1075
vn 0.1075 -0.9884 0.1075
vn 0.1075 -0.9884 0.1075
vn 0.1075 -0.9884 0.1075
vn -0.1075 0.9884 -0.1075
vn -0.1075 0.9884 -0.1075
vn -0.1075 0.9884 -0.1075
vn -0.1075 0.9884 -0.1075
vn -0.7071 -0.0000 -0.7071
vn -0.7071 -0.0000 -0.7071
vn -0.7071 -0.0000 -0.7071
vn -0.7071 -0.0000 -0.7071
vn 0.7071 0.0000 0.7071
vn 0.7071 0.0000 0.7071
vn 0.7071 0.0000 0.7071
vn 0.7071 0.0000 0.7071
vn -0.1075 -0.9884 -0.1075
vn -0.1075 -0.9884 -0.1075
vn -0.1075 -0.9884 -0.1075
vn -0.1075 -0.9884 -0.1075
vn 0.1075 0.9884 0.1075
vn 0.1075 0.9884 0.1075
vn 0.1075 0.9884 0.1075
vn 0.1075 0.9884 0.1075
vn 0.1075 -0.9884 0.1075
vn 0.1075 -0.9884 0.1075
vn 0.1075 -0.9884 0.1075
vn 0.1075 -0.9884 0.1075
vn -0.1075 0.9884 -0.1075
vn -0.1075 0.9884 -0.1075
vn -0.1075 0.9884 -0.1075
vn -0.1075 0.9884 -0.1075
vn -0.7071 -0.0000 -0.7071
vn -0.7071 -0.0000 -0.7071
vn -0.7071 -0.0000 -0.7071
vn -0.7071 -0.0000 -0.7071
vn 0.7071 0.0000 0.7071
vn 0.7071 0.0000 0.7071
vn 0.7071 0.0000 0.7071
vn 0.7071 0.0000 0.7071
vn -0.1075 -0.9884 -0.1075
vn -0.1075 -0.9884 -0.1075
vn -0.1075 -0.9884 -0.1075
vn -0.1075 -0.9884 -0.1075
vn 0.1075 0.9884 0.1075
vn 0.1075 0.9884 0.1075
vn 0.1075 0.9884 0.1075
vn 0.1075 0.9884 0.1075
vn 0.1075 -0.9884 0.1075
vn 0.1075 -0.9884 0.1075
vn 0.1075 -0.9884 0.1075
vn 0.1075 -0.9884 0.1075
vn -0.1075 0.9884 -0.1075
vn -0.1075 0.9884 -0.1075
vn -0.1075 0.9884 -0.1075
vn -0.1075 0.9884 -0.1075
vn -0.7071 -0.0000 -0.7071
vn -0.7071 -0.0000 -0.7071
vn -0.7071 -0.0000 -0.7071
vn -0.7071 -0.0000 -0.7071
vn 0.7071 0.0000 0.7071
vn 0.7071 0.0000 0.7071
vn 0.7071 0.0000 0.7071
vn 0.7071 0.0000 0.7071
vn -0.1075 -0.9884 -0.1075
vn -0.1075 -0.9884 -0.1075
vn -0.1075 -0.9884 -0.1075
vn -0.1075 -0.9884 -0.1075
vn 0.1075 0.9884 0.1075
vn 0.1075 0.9884 0.1075
vn 0.1075 0.9884 0.1075
vn 0.1075 0.9884 0.1075
vn 0.1075 -0.9884 0.1075
vn 0.1075 -0.9884 0.1075
vn 0.1075 -0.9884 0.1075
vn 0.1075 -0.9884 0.1075
vn -0.1075 0.9884 -0.1075
vn -0.1075 0.9884 -0.1075
vn -0.1075 0.9884 -0.1075
vn -0.1075 0.9884 -0.1075
vn -0.7071 -0.0000 -0.7071
vn -0.7071 -0.0000 -0.7071
vn -0.7071 -0.0000 -0.7071
vn -0.7071 -0.0000 -0.7071
vn 0.7071 0.0000 0.7071
vn 0.7071 0.0000 0.7071
vn 0.7071 0.0000 0.7071
vn 0.7071 0.0000 0.7071
vn -0.1075 -0.9884 -0.1075
vn -0.1075 -0.9884 -0.1075
vn -0.1075 -0.9884 -0.1075
vn -0.1075 -0.9884 -0.1075
vn 0.1075 0.9884 0.1075
vn 0.1075 0.9884 0.1075
vn 0.1075 0.9884 0.1075
vn 0.1075 0.9884 0.1075
vn 0.1075 -0.9884 0.1075
vn 0.1075 -0.9884 0.1075
vn 0.1075 -0.9884 0.1075
vn 0.1075 -0.9884 0.1075
vn -0.1075 0.9884 -0.1075
vn -0.1075 0.9884 -0.1075
vn -0.1075 0.9884 -0.1075
vn -0.1075 0.9884 -0.1075
vn -0.7071 -0.0000 -0.7071
vn -0.7071 -0.0000 -0.7071
vn -0.7071 -0.0000 -0.7071
vn -0.7071 -0.0000 -0.7071
vn 0.7071 0.0000 0.7071
vn 0.7071 0.0000 0.7071
vn 0.7071 0.0000 0.7071
vn 0.7071 0.0000 0.7071
vn 0.0000 0.0000 1.0000
vn 0.0000 0.0000 1.0000
vn 0.0000 0.0000 1.0000
vn 0.0000 0.0000 1.0000
vn 0.0000 0.0000 -1.0000
vn 0.0000 0.0000 -1.0000
vn 0.0000 0.0000 -1.0000
vn 0.0000 0.0000 -1.0000
vn 0.0000 1.0000 0.0000
vn 0.0000 1.0000 0.0000
vn 0.0000 1.0000 0.0000
vn 0.0000 1.0000 0.0000
vn 0.0000 -1.0000 0.0000
vn 0.0000 -1.0000 0.0000
vn 0.0000 -1.0000 0.0000
vn 0.0000 -1.0000 0.0000
vn 1.0000 0.0000 0.0000
vn 1.0000 0.0000 0.0000
vn 1.0000 0.0000 0.0000
vn 1.0000 0.0000 0.0000
vn -1.0000 0.0000 0.0000
vn -1.0000 0.0000 0.0000
vn -1.0000 0.0000 0.0000
vn -1.0000 0.0000 0.0000
vn 0.0000 0.0000 1.0000
vn 0.0000 0.0000 1.0000
vn 0.0000 0.0000 1.0000
vn 0.0000 0.0000 1.0000
vn 0.0000 0.0000 -1.0000
vn 0.0000 0.0000 -1.0000
vn 0.0000 0.0000 -1.0000
vn 0.0000 0.0000 -1.0000
vn 0.0000 1.0000 0.0000
vn 0.0000 1.0000 0.0000
vn 0.0000 1.0000 0.0000
vn 0.0000 1.0000 0.0000
vn 0.0000 -1.0000 0.0000
vn 0.0000 -1.0000 0.0000
vn 0.0000 -1.0000 0.0000
vn 0.0000 -1.0000 0.0000
vn 1.0000 0.0000 0.0000
vn 1.0000 0.0000 0.0000
vn 1.0000 0.0000 0.0000
vn 1.0000 0.0000 0.0000
vn -1.0000 0.0000 0.0000
vn -1.0000 0.0000 0.0000
vn -1.0000 0.0000 0.0000
vn -1.0000 0.0000 0.0000
vn -0.7071 -0.0000 0.7071
vn -0.7071 -0.0000 0.7071
vn -0.7071 -0.0000 0.7071
vn -0.7071 -0.0000 0.7071
vn 0.7071 0.0000 -0.7071
vn 0.7071 0.0000 -0.7071
vn 0.7071 0.0000 -0.7071
vn 0.7071 0.0000 -0.7071
vn -0.7071 -0.0000 0.7071
vn -0.7071 -0.0000 0.7071
vn -0.7071 -0.0000 0.7071
vn -0.7071 -0.0000 0.7071
vn 0.7071 0.0000 -0.7071
vn 0.7071 0.0000 -0.7071
vn 0.7071 0.0000 -0.7071
vn 0.7071 0.0000 -0.7071
vn -0.7071 -0.0000 0.7071
vn -0.7071 -0.0000 0.7071
vn -0.7071 -0.0000 0.7071
vn -0.7071 -0.0000 0.7071
vn 0.7071 0.0000 -0.7071
vn 0.7071 0.0000 -0.7071
vn 0.7071 0.0000 -0.7071
vn 0.7071 0.0000 -0.7071
vn -0.7071 -0.0000 0.7071
vn -0.7071 -0.0000 0.7071
vn -0.7071 -0.0000 0.7071
vn -0.7071 -0.0000 0.7071
vn 0.7071 0.0000 -0.7071
vn 0.7071 0.0000 -0.7071
vn 0.7071 0.0000 -0.7071
vn 0.7071 0.0000 -0.7071
vn -0.0000 -1.0000 -0.0000
vn -0.0000 -1.0000 -0.0000
vn -0.0000 -1.0000 -0.0000
vn -0.0000 -1.0000 -0.0000
vn 0.0000 1.0000 0.0000
vn 0.0000 1.0000 0.0000
vn 0.0000 1.0000 0.0000
vn 0.0000 1.0000 0.0000
vn -0.0000 -1.0000 -0.0000
vn -0.0000 -1.0000 -0.0000
vn -0.0000 -1.0000 -0.0000
vn -0.0000 -1.0000 -0.0000
vn 0.0000 1.0000 0.0000
vn 0.0000 1.0000 0.0000
vn 0.0000 1.0000 0.0000
vn 0.0000 1.0000 0.0000
vn -0.0000 -1.0000 -0.0000
vn -0.0000 -1.0000 -0.0000
vn -0.0000 -1.0000 -0.0000
vn -0.0000 -1.0000 -0.0000
vn 0.0000 1.0000 0.0000
vn 0.0000 1.0000 0.0000
vn 0.0000 1.0000 0.0000
vn 0.0000 1.0000 0.0000
vn -0.0000 -1.0000 -0.0000
vn -0.0000 -1.0000 -0.0000
vn -0.0000 -1.0000 -0.0000
vn -0.0000 -1.0000 -0.0000
vn 0.0000 1.0000 0.0000
vn 0.0000 1.0000 0.0000
vn 0.0000 1.0000 0.0000
vn 0.0000 1.0000 0.0000
vn -0.0000 -1.0000 -0.0000
vn -0.0000 -1.0000 -0.0000
vn -0.0000 -1.0000 -0.0000
vn -0.0000 -1.0000 -0.0000
vn 0.0000 1.0000 0.0000
vn 0.0000 1.0000 0.0000
vn 0.0000 1.0000 0.0000
vn 0.0000 1.0000 0.0000
vn -0.0000 -1.0000 -0.0000
vn -0.0000 -1.0000 -0.0000
vn -0.0000 -1.0000 -0.0000
vn -0.0000 -1.0000 -0.0000
vn 0.0000 1.0000 0.0000
vn 0.0000 1.0000 0.0000
vn 0.0000 1.0000 0.0000
vn 0.0000 1.0000 0.0000
vn -0.0000 -1.0000 -0.0000
vn -0.0000 -1.0000 -0.0000
vn -0.0000 -1.0000 -0.0000
vn -0.0000 -1.0000 -0.0000
vn 0.0000 1.0000 0.0000
vn 0.0000 1.0000 0.0000
vn 0.0000 1.0000 0.0000
vn 0.0000 1.0000 0.0000
vn -0.0000 -1.0000 -0.0000
vn -0.0000 -1.0000 -0.0000
vn -0.0000 -1.0000 -0.0000
vn -0.0000 -1.0000 -0.0000
vn 0.0000 1.0000 0.0000
vn 0.0000 1.0000 0.0000
vn 0.0000 1.0000 0.0000
vn 0.0000 1.0000 0.0000
vn -0.0000 -1.0000 -0.0000
vn -0.0000 -1.0000 -0.0000
vn -0.0000 -1.0000 -0.0000
vn -0.0000 -1.0000 -0.0000
vn 0.0000 1.0000 0.0000
vn 0.0000 1.0000 0.0000
vn 0.0000 1.0000 0.0000
vn 0.0000 1.0000 0.0000
vn -0.0000 -1.0000 -0.0000
vn -0.0000 -1.0000 -0.0000
vn -0.0000 -1.0000 -0.0000
vn -0.0000 -1.0000 -0.0000
vn 0.0000 1.0000 0.0000
vn 0.0000 1.0000 0.0000
vn 0.0000 1.0000 0.0000
vn 0.0000 1.0000 0.0000
vn -0.0000 -1.0000 -0.0000
vn -0.0000 -1.0000 -0.0000
vn -0.0000 -1.0000 -0.0000
vn -0.0000 -1.0000 -0.0000
vn 0.0000 1.0000 0.0000
vn 0.0000 1.0000 0.0000
vn 0.0000 1.0000 0.0000
vn 0.0000 1.0000 0.0000
vn -0.0000 -1.0000 -0.0000
vn -0.0000 -1.0000 -0.0000
vn -0.0000 -1.0000 -0.0000
vn -0.0000 -1.0000 -0.0000
vn 0.0000 1.0000 0.0000
vn 0.0000 1.0000 0.0000
vn 0.0000 1.0000 0.0000
vn 0.0000 1.0000 0.0000
vn -0.0000 -1.0000 -0.0000
vn -0.0000 -1.0000 -0.0000
vn -0.0000 -1.0000 -0.0000
vn -0.0000 -1.0000 -0.0000
vn 0.0000 1.0000 0.0000
vn 0.0000 1.0000 0.0000
vn 0.0000 1.0000 0.0000
vn 0.0000 1.0000 0.0000
vn -0.0000 -1.0000 -0.0000
vn -0.0000 -1.0000 -0.0000
vn -0.0000 -1.0000 -0.0000
vn -0.0000 -1.0000 -0.0000
vn 0.0000 1.0000 0.0000
vn 0.0000 1.0000 0.0000
vn 0.0000 1.0000 0.0000
vn 0.0000 1.0000 0.0000
vn -0.0000 -1.0000 -0.0000
vn -0.0000 -1.0000 -0.0000
vn -0.0000 -1.0000 -0.0000
vn -0.0000 -1.0000 -0.0000
vn 0.0000 1.0000 0.0000
vn 0.0000 1.0000 0.0000
vn 0.0000 1.0000 0.0000
vn 0.0000 1.0000 0.0000
vn -0.0000 -1.0000 -0.0000
vn -0.0000 -1.0000 -0.0000
vn -0.0000 -1.0000 -0.0000
vn -0.0000 -1.0000 -0.0000
vn 0.0000 1.0000 0.0000
vn 0.0000 1.0000 0.0000
vn 0.0000 1.0000 0.0000
vn 0.0000 1.0000 0.0000
vn -0.0000 -1.0000 -0.0000
vn -0.0000 -1.0000 -0.0000
vn -0.0000 -1.0000 -0.0000
vn -0.0000 -1.0000 -0.0000
vn 0.0000 1.0000 0.0000
vn 0.0000 1.0000 0.0000
vn 0.0000 1.0000 0.0000
vn 0.0000 1.0000 0.0000
vn -0.0000 -1.0000 -0.0000
vn -0.0000 -1.0000 -0.0000
vn -0.0000 -1.0000 -0.0000
vn -0.0000 -1.0000 -0.0000
vn 0.0000 1.0000 0.0000
vn 0.0000 1.0000 0.0000
vn 0.0000 1.0000 0.0000
vn 0.0000 1.0000 0.0000
vn -0.7071 -0.0000 0.7071
vn -0.7071 -0.0000 0.7071
vn -0.7071 -0.0000 0.7071
vn -0.7071 -0.0000 0.7071
vn 0.7071 0.0000 -0.7071
vn 0.7071 0.0000 -0.7071
vn 0.7071 0.0000 -0.7071
vn 0.7071 0.0000 -0.7071
vn -0.7071 -0.0000 0.7071
vn -0.7071 -0.0000 0.7071
vn -0.7071 -0.0000 0.7071
vn -0.7071 -0.0000 0.7071
vn 0.7071 0.0000 -0.7071
vn 0.7071 0.0000 -0.7071
vn 0.7071 0.0000 -0.7071
vn 0.7071 0.0000 -0.7071
vn -0.7071 -0.0000 0.7071
vn -0.7071 -0.0000 0.7071
vn -0.7071 -0.0000 0.7071
vn -0.7071 -0.0000 0.7071
vn 0.7071 0.0000 -0.7071
vn 0.7071 0.0000 -0.7071
vn 0.7071 0.0000 -0.7071
vn 0.7071 0.0000 -0.7071
vn -0.0000 -1.0000 -0.0000
vn -0.0000 -1.0000 -0.0000
vn -0.0000 -1.0000 -0.0000
vn -0.0000 -1.0000 -0.0000
vn 0.0000 1.0000 0.0000
vn 0.0000 1.0000 0.0000
vn 0.0000 1.0000 0.0000
vn 0.0000 1.0000 0.0000
vn -0.0000 -1.0000 -0.0000
vn -0.0000 -1.0000 -0.0000
vn -0.0000 -1.0000 -0.0000
vn -0.0000 -1.0000 -0.0000
vn 0.0000 1.0000 0.0000
vn 0.0000 1.0000 0.0000
vn 0.0000 1.0000 0.0000
vn 0.0000 1.0000 0.0000
vn -0.0000 -1.0000 -0.0000
vn -0.0000 -1.0000 -0.0000
vn -0.0000 -1.0000 -0.0000
vn -0.0000 -1.0000 -0.0000
vn 0.0000 1.0000 0.0000
vn 0.0000 1.0000 0.0000
vn 0.0000 1.0000 0.0000
vn 0.0000 1.0000 0.0000
vn -0.0000 -1.0000 -0.0000
vn -0.0000 -1.0000 -0.0000
vn -0.0000 -1.0000 -0.0000
vn -0.0000 -1.0000 -0.0000
vn 0.0000 1.0000 0.0000
vn 0.0000 1.0000 0.0000
vn 0.0000 1.0000 0.0000
vn 0.0000 1.0000 0.0000
vn -0.0000 -1.0000 -0.0000
vn -0.0000 -1.0000 -0.0000
vn -0.0000 -1.0000 -0.0000
vn -0.0000 -1.0000 -0.0000
vn 0.0000 1.0000 0.0000
vn 0.0000 1.0000 0.0000
vn 0.0000 1.0000 0.0000
vn 0.0000 1.0000 0.0000
vn -0.0000 -1.0000 -0.0000
vn -0.0000 -1.0000 -0.0000
vn -0.0000 -1.0000 -0.0000
vn -0.0000 -1.0000 -0.0000
vn 0.0000 1.0000 0.0000
vn 0.0000 1.0000 0.0000
vn 0.0000 1.0000 0.0000
vn 0.0000 1.0000 0.0000
vn -0.0000 -1.0000 -0.0000
vn -0.0000 -1.0000 -0.0000
vn -0.0000 -1.0000 -0.0000
vn -0.0000 -1.0000 -0.0000
vn 0.0000 1.0000 0.0000
vn 0.0000 1.0000 0.0000
vn 0.0000 1.0000 0.0000
vn 0.0000 1.0000 0.0000
vn -0.0000 -1.0000 -0.0000
vn -0.0000 -1.0000 -0.0000
vn -0.0000 -1.0000 -0.0000
vn -0.0000 -1.0000 -0.0000
vn 0.0000 1.0000 0.0000
vn 0.0000 1.0000 0.0000
vn 0.0000 1.0000 0.0000
vn 0.0000 1.0000 0.0000
vn -0.0000 -1.0000 -0.0000
vn -0.0000 -1.0000 -0.0000
vn -0.0000 -1.0000 -0.0000
vn -0.0000 -1.0000 -0.0000
vn 0.0000 1.0000 0.0000
vn 0.0000 1.0000 0.0000
vn 0.0000 1.0000 0.0000
vn 0.0000 1.0000 0.0000
vn -0.0000 -1.0000 -0.0000
vn -0.0000 -1.0000 -0.0000
vn -0.0000 -1.0000 -0.0000
vn -0.0000 -1.0000 -0.0000
vn 0.0000 1.0000 0.0000
vn 0.0000 1.0000 0.0000
vn 0.0000 1.0000 0.0000
vn 0.0000 1.0000 0.0000
vn -0.0000 -1.0000 -0.0000
vn -0.0000 -1.0000 -0.0000
vn -0.0000 -1.0000 -0.0000
vn -0.0000 -1.0000 -0.0000
vn 0.0000 1.0000 0.0000
vn 0.0000 1.0000 0.0000
vn 0.0000 1.0000 0.0000
vn 0.0000 1.0000 0.0000
vn -0.0000 -1.0000 -0.0000
vn -0.0000 -1.0000 -0.0000
vn -0.0000 -1.0000 -0.0000
vn -0.0000 -1.0000 -0.0000
vn 0.0000 1.0000 0.0000
vn 0.0000 1.0000 0.0000
vn 0.0000 1.0000 0.0000
vn 0.0000 1.0000 0.0000
vn -0.0000 -1.0000 -0.0000
vn -0.0000 -1.0000 -0.0000
vn -0.0000 -1.0000 -0.0000
vn -0.0000 -1.0000 -0.0000
vn 0.0000 1.0000 0.0000
vn 0.0000 1.0000 0.0000
vn 0.0000 1.0000 0.0000
vn 0.0000 1.0000 0.0000
vn -0.0000 -1.0000 -0.0000
vn -0.0000 -1.0000 -0.0000
vn -0.0000 -1.0000 -0.0000
vn -0.0000 -1.0000 -0.0000
vn 0.0000 1.0000 0.0000
vn 0.0000 1.0000 0.0000
vn 0.0000 1.0000 0.0000
vn 0.0000 1.0000 0.0000
vn -0.0000 -1.0000 -0.0000
vn -0.0000 -1.0000 -0.0000
vn -0.0000 -1.0000 -0.0000
vn -0.0000 -1.0000 -0.0000
vn 0.0000 1.0000 0.0000
vn 0.0000 1.0000 0.0000
vn 0.0000 1.0000 0.0000
vn 0.0000 1.0000 0.0000
vn -0.0000 -1.0000 -0.0000
vn -0.0000 -1.0000 -0.0000
vn -0.0000 -1.0000 -0.0000
vn -0.0000 -1.0000 -0.0000
vn 0.0000 1.0000 0.0000
vn 0.0000 1.0000 0.0000
vn 0.0000 1.0000 0.0000
vn 0.0000 1.0000 0.0000
vn -0.0000 -1.0000 -0.0000
vn -0.0000 -1.0000 -0.0000
vn -0.0000 -1.0000 -0.0000
vn -0.0000 -1.0000 -0.0000
vn 0.0000 1.0000 0.0000
vn 0.0000 1.0000 0.0000
vn 0.0000 1.0000 0.0000
vn 0.0000 1.0000 0.0000
vn -0.0000 -1.0000 -0.0000
vn -0.0000 -1.0000 -0.0000
vn -0.0000 -1.0000 -0.0000
vn -0.0000 -1.0000 -0.0000
vn 0.0000 1.0000 0.0000
vn 0.0000 1.0000 0.0000
vn 0.0000 1.0000 0.0000
vn 0.0000 1.0000 0.0000

s 1
f 1/1/1 2/2/2 3/3/3
f 1/1/1 3/3/3 4/4/4
f 5/5/5 6/6/6 7/7/7
f 5/5/5 7/7/7 8/8/8
f 9/9/9 10/10/10 11/11/11
f 9/9/9 11/11/11 12/12/12
f 13/13/13 14/14/14 15/15/15
f 13/13/13 15/15/15 16/16/16
f 17/17/17 18/18/18 19/19/19
f 17/17/17 19/19/19 20/20/20
f 21/21/21 22/22/22 23/23/23
f 21/21/21 23/23/23 24/24/24
f 25/25/25 26/26/26 27/27/27
f 25/25/25 27/27/27 28/28/28
f 29/29/29 30/30/30 31/31/31
f 29/29/29 31/31/31 32/32/32
f 33/33/33 34/34/34 35/35/35
f 33/33/33 35/35/35 36/36/36
f 37/37/37 38/38/38 39/39/39
f 37/37/37 39/39/39 40/40/40
f 41/41/41 42/42/42 43/43/43
f 41/41/41 43/43/43 44/44/44
f 45/45/45 46/46/46 47/47/47
f 45/45/45 47/47/47 48/48/48
f 49/49/49 50/50/50 51/51/51
f 49/49/49 51/51/51 52/52/52
f 53/53/53 54/54/54 55/55/55
f 53/53/53 55/55/55 56/56/56
f 57/57/57 58/58/58 59/59/59
f 57/57/57 59/59/59 60/60/60
f 61/61/61 62/62/62 63/63/63
f 61/61/61 63/63/63 64/64/64
f 65/65/65 66/66/66 67/67/67
f 65/65/65 67/67/67 68/68/68
f 69/69/69 70/70/70 71/71/71
f 69/69/69 71/71/71 72/72/72
f 73/73/73 74/74/74 75/75/75
f 73/73/73 75/75/75 76/76/76
f 77/77/77 78/78/78 79/79/79
f 77/77/77 79/79/79 80/80/80
f 81/81/81 82/82/82 83/83/83
f 81/81/81 83/83/83 84/84/84
f 85/85/85 86/86/86 87/87/87
f 85/85/85 87/87/87 88/88/88
f 89/89/89 90/90/90 91/91/91
f 89/89/89 91/91/91 92/92/92
f 93/93/93 94/94/94 95/95/95
f 93/93/93 95/95/95 96/96/96
f 97/97/97 98/98/98 99/99/99
f 97/97/97 99/99/99 100/100/100
f 101/101/101 102/102/102 103/103/103
f 101/101/101 103/103/103 104/104/104
f 105/105/105 106/106/106 107/107/107
f 105/105/105 107/107/107 108/108/108
f 109/109/109 110/110/110 111/111/111
f 109/109/109 111/111/111 112/112/112
f 113/113/113 114/114/114 115/115/115
f 113/113/113 115/115/115 116/116/116
f 117/117/117 118/118/118 119/119/119
f 117/117/117 119/119/119 120/120/120
f 121/121/121 122/122/122 123/123/123
f 121/121/121 123/123/123 124/124/124
f 125/125/125 126/126/126 127/127/127
f 125/125/125 127/127/127 128/128/128
f 129/129/129 130/130/130 131/131/131
f 129/129/129 131/131/131 132/132/132
f 133/133/133 134/134/134 135/135/135
f 133/133/133 135/135/135 136/136/136
f 137/137/137 138/138/138 139/139/139
f 137/137/137 139/139/139 140/140/140
f 141/141/141 142/142/142 143/143/143
f 141/141/141 143/143/143 144/144/144
f 145/145/145 146/146/146 147/147/147
f 145/145/145 147/147/147 148/148/148
f 149/149/149 150/150/150 151/151/151
f 149/149/149 151/151/151 152/152/152
f 153/153/153 154/154/154 155/155/155
f 153/153/153 155/155/155 156/156/156
f 157/157/157 158/158/158 159/159/159
f 157/157/157 159/159/159 160/160/160
f 161/161/161 162/162/162 163/163/163
f 161/161/161 163/163/163 164/164/164
f 165/165/165 166/166/166 167/167/167
f 165/165/165 167/167/167 168/168/168
f 169/169/169 170/170/170 171/171/171
f 169/169/169 171/171/171 172/172/172
f 173/173/173 174/174/174 175/175/175
f 173/173/173 175/175/175 176/176/176
f 177/177/177 178/178/178 179/179/179
f 177/177/177 179/179/179 180/180/180
f 181/181/181 182/182/182 183/183/183
f 181/181/181 183/183/183 184/184/184
f 185/185/185 186/186/186 187/187/187
f 185/185/185 187/187/187 188/188/188
f 189/189/189 190/190/190 191/191/191
f 189/189/189 191/191/191 192/192/192
f 193/193/193 194/194/194 195/195/195
f 193/193/193 195/195/195 196/196/196
f 197/197/197 198/198/198 199/199/199
f 197/197/197 199/199/199 200/200/200
f 201/201/201 202/202/202 203/203/203
f 201/201/201 203/203/203 204/204/204
f 205/205/205 206/206/206 207/207/207
f 205/205/205 207/207/207 208/208/208
f 209/209/209 210/210/210 211/211/211
f 209/209/209 211/211/211 212/212/212
f 213/213/213 214/214/214 215/215/215
f 213/213/213 215/215/215 216/216/216
f 217/217/217 218/218/218 219/219/219
f 217/217/217 219/219/219 220/220/220
f 221/221/221 222/222/222 223/223/223
f 221/221/221 223/223/223 224/224/224
f 225/225/225 226/226/226 227/227/227
f 225/225/225 227/227/227 228/228/228
f 229/229/229 230/230/230 231/231/231
f 229/229/229 231/231/231 232/232/232
f 233/233/233 234/234/234 235/235/235
f 233/233/233 235/235/235 236/236/236
f 237/237/237 238/238/238 239/239/239
f 237/237/237 239/239/239 240/240/240
f 241/241/241 242/242/242 243/243/243
f 241/241/241 243/243/243 244/244/244
f 245/245/245 246/246/246 247/247/247
f 245/245/245 247/247/247 248/248/248
f 249/249/249 250/250/250 251/251/251
f 249/249/249 251/251/251 252/252/252
f 253/253/253 254/254/254 255/255/255
f 253/253/253 255/255/255 256/256/256
f 257/257/257 258/258/258 259/259/259
f 257/257/257 259/259/259 260/260/260
f 261/261/261 262/262/262 263/263/263
f 261/261/261 263/263/263 264/264/264
f 265/265/265 266/266/266 267/267/267
f 265/265/265 267/267/267 268/268/268
f 269/269/269 270/270/270 271/271/271
f 269/269/269 271/271/271 272/272/272
f 273/273/273 274/274/274 275/275/275
f 273/273/273 275/275/275 276/276/276
f 277/277/277 278/278/278 279/279/279
f 277/277/277 279/279/279 280/280/280
f 281/281/281 282/282/282 283/283/283
f 281/281/281 283/283/283 284/284/284
f 285/285/285 286/286/286 287/287/287
f 285/285/285 287/287/287 288/288/288
f 289/289/289 290/290/290 291/291/291
f 289/289/289 291/291/291 292/292/292
f 293/293/293 294/294/294 295/295/295
f 293/293/293 295/295/295 296/296/296
f 297/297/297 298/298/298 299/299/299
f 297/297/297 299/299/299 300/300/300
f 301/301/301 302/302/302 303/303/303
f 301/301/301 303/303/303 304/304/304
f 305/305/305 306/306/306 307/307/307
f 305/305/305 307/307/307 308/308/308
f 309/309/309 310/310/310 311/311/311
f 309/309/309 311/311/311 312/312/312
f 313/313/313 314/314/314 315/315/315
f 313/313/313 315/315/315 316/316/316
f 317/317/317 318/318/318 319/319/319
f 317/317/317 319/319/319 320/320/320
f 321/321/321 322/322/322 323/323/323
f 321/321/321 323/323/323 324/324/324
f 325/325/325 326/326/326 327/327/327
f 325/325/325 327/327/327 328/328/328
f 329/329/329 330/330/330 331/331/331
f 329/329/329 331/331/331 332/332/332
f 333/333/333 334/334/334 335/335/335
f 333/333/333 335/335/335 336/336/336
f 337/337/337 338/338/338 339/339/339
f 337/337/337 339/339/339 340/340/340
f 341/341/341 342/342/342 343/343/343
f 341/341/341 343/343/343 344/344/344
f 345/345/345 346/346/346 347/347/347
f 345/345/345 347/347/347 348/348/348
f 349/349/349 350/350/350 351/351/351
f 349/349/349 351/351/351 352/352/352
f 353/353/353 354/354/354 355/355/355
f 353/353/353 355/355/355 356/356/356
f 357/357/357 358/358/358 359/359/359
f 357/357/357 359/359/359 360/360/360
f 361/361/361 362/362/362 363/363/363
f 361/361/361 363/363/363 364/364/364
f 365/365/365 366/366/366 367/367/367
f 365/365/365 367/367/367 368/368/368
f 369/369/369 370/370/370 371/371/371
f 369/369/369 371/371/371 372/372/372
f 373/373/373 374/374/374 375/375/375
f 373/373/373 375/375/375 376/376/376
f 377/377/377 378/378/378 379/379/379
f 377/377/377 379/379/379 380/380/380
f 381/381/381 382/382/382 383/383/383
f 381/381/381 383/383/383 384/384/384
f 385/385/385 386/386/386 387/387/387
f 385/385/385 387/387/387 388/388/388
f 389/389/389 390/390/390 391/391/391
f 389/389/389 391/391/391 392/392/392
f 393/393/393 394/394/394 395/395/395
f 393/393/393 395/395/395 396/396/396
f 397/397/397 398/398/398 399/399/399
f 397/397/397 399/399/399 400/400/400
f 401/401/401 402/402/402 403/403/403
f 401/401/401 403/403/403 404/404/404
f 405/405/405 406/406/406 407/407/407
f 405/405/405 407/407/407 408/408/408
f 409/409/409 410/410/410 411/411/411
f 409/409/409 411/411/411 412/412/412
f 413/413/413 414/414/414 415/415/415
f 413/413/413 415/415/415 416/416/416
f 417/417/417 418/418/418 419/419/419
f 417/417/417 419/419/419 420/420/420
f 421/421/421 422/422/422 423/423/423
f 421/421/421 423/423/423 424/424/424
f 425/425/425 426/426/426 427/427/427
f 425/425/425 427/427/427 428/428/428
f 429/429/429 430/430/430 431/431/431
f 429/429/429 431/431/431 432/432/432
f 433/433/433 434/434/434 435/435/435
f 433/433/433 435/435/435 436/436/436
f 437/437/437 438/438/438 439/439/439
f 437/437/437 439/439/439 440/440/440
f 441/441/441 442/442/442 443/443/443
f 441/441/441 443/443/443 444/444/444
f 445/445/445 446/446/446 447/447/447
f 445/445/445 447/447/447 448/448/448
f 449/449/449 450/450/450 451/451/451
f 449/449/449 451/451/451 452/452/452
f 453/453/453 454/454/454 455/455/455
f 453/453/453 455/455/455 456/456/456
f 457/457/457 458/458/458 459/459/459
f 457/457/457 459/459/459 460/460/460
f 461/461/461 462/462/462 463/463/463
f 461/461/461 463/463/463 464/464/464
f 465/465/465 466/466/466 467/467/467
f 465/465/465 467/467/467 468/468/468
f 469/469/469 470/470/470 471/471/471
f 469/469/469 471/471/471 472/472/472
f 473/473/473 474/474/474 475/475/475
f 473/473/473 475/475/475 476/476/476
f 477/477/477 478/478/478 479/479/479
f 477/477/477 479/479/479 480/480/480
f 481/481/481 482/482/482 483/483/483
f 481/481/481 483/483/483 484/484/484
f 485/485/485 486/486/486 487/487/487
f 485/485/485 487/487/487 488/488/488
f 489/489/489 490/490/490 491/491/491
f 489/489/489 491/491/491 492/492/492
f 493/493/493 494/494/494 495/495/495
f 493/493/493 495/495/495 496/496/496
f 497/497/497 498/498/498 499/499/499
f 497/497/497 499/499/499 500/500/500
f 501/501/501 502/502/502 503/503/503
f 501/501/501 503/503/503 504/504/504
f 505/505/505 506/506/506 507/507/507
f 505/505/505 507/507/507 508/508/508
f 509/509/509 510/510/510 511/511/511
f 509/509/509 511/511/511 512/512/512
f 513/513/513 514/514/514 515/515/515
f 513/513/513 515/515/515 516/516/516
f 517/517/517 518/518/518 519/519/519
f 517/517/517 519/519/519 520/520/520
f 521/521/521 522/522/522 523/523/523
f 521/521/521 523/523/523 524/524/524
f 525/525/525 526/526/526 527/527/527
f 525/525/525 527/527/527 528/528/528
f 529/529/529 530/530/530 531/531/531
f 529/529/529 531/531/531 532/532/532
f 533/533/533 534/534/534 535/535/535
f 533/533/533 535/535/535 536/536/536
f 537/537/537 538/538/538 539/539/539
f 537/537/537 539/539/539 540/540/540
f 541/541/541 542/542/542 543/543/543
f 541/541/541 543/543/543 544/544/544
f 545/545/545 546/546/546 547/547/547
f 545/545/545 547/547/547 548/548/548
f 549/549/549 550/550/550 551/551/551
f 549/549/549 551/551/551 552/552/552
f 553/553/553 554/554/554 555/555/555
f 553/553/553 555/555/555 556/556/556
f 557/557/557 558/558/558 559/559/559
f 557/557/557 559/559/559 560/560/560
f 561/561/561 562/562/562 563/563/563
f 561/561/561 563/563/563 564/564/564
f 565/565/565 566/566/566 567/567/567
f 565/565/565 567/567/567 568/568/568
f 569/569/569 570/570/570 571/571/571
f 569/569/569 571/571/571 572/572/572
f 573/573/573 574/574/574 575/575/575
f 573/573/573 575/575/575 576/576/576
f 577/577/577 578/578/578 579/579/579
f 577/577/577 579/579/579 580/580/580
f 581/581/581 582/582/582 583/583/583
f 581/581/581 583/583/583 584/584/584
f 585/585/585 586/586/586 587/587/587
f 585/585/585 587/587/587 588/588/588
f 589/589/589 590/590/590 591/591/591
f 589/589/589 591/591/591 592/592/592
f 593/593/593 594/594/594 595/595/595
f 593/593/593 595/595/595 596/596/596
f 597/597/597 598/598/598 599/599/599
f 597/597/597 599/599/599 600/600/600
f 601/601/601 602/602/602 603/603/603
f 601/601/601 603/603/603 604/604/604
f 605/605/605 606/606/606 607/607/607
f 605/605/605 607/607/607 608/608/608
f 609/609/609 610/610/610 611/611/611
f 609/609/609 611/611/611 612/612/612
f 613/613/613 614/614/614 615/615/615
f 613/613/613 615/615/615 616/616/616
f 617/617/617 618/618/618 619/619/619
f 617/617/617 619/619/619 620/620/620
f 621/621/621 622/622/622 623/623/623
f 621/621/621 623/623/623 624/624/624
f 625/625/625 626/626/626 627/627/627
f 625/625/625 627/627/627 628/628/628
f 629/629/629 630/630/630 631/631/631
f 629/629/629 631/631/631 632/632/632
f 633/633/633 634/634/634 635/635/635
f 633/633/633 635/635/635 636/636/636
f 637/637/637 638/638/638 639/639/639
f 637/637/637 639/639/639 640/640/640
f 641/641/641 642/642/642 643/643/643
f 641/641/641 643/643/643 644/644/644
f 645/645/645 646/646/646 647/647/647
f 645/645/645 647/647/647 648/648/648
f 649/649/649 650/650/650 651/651/651
f 649/649/649 651/651/651 652/652/652
f 653/653/653 654/654/654 655/655/655
f 653/653/653 655/655/655 656/656/656
f 657/657/657 658/658/658 659/659/659
f 657/657/657 659/659/659 660/660/660
f 661/661/661 662/662/662 663/663/663
f 661/661/661 663/663/663 664/664/664
f 665/665/665 666/666/666 667/667/667
f 665/665/665 667/667/667 668/668/668
f 669/669/669 670/670/670 671/671/671
f 669/669/669 671/671/671 672/672/672
f 673/673/673 674/674/674 675/675/675
f 673/673/673 675/675/675 676/676/676
f 677/677/677 678/678/678 679/679/679
f 677/677/677 679/679/679 680/680/680
f 681/681/681 682/682/682 683/683/683
f 681/681/681 683/683/683 684/684/684
f 685/685/685 686/686/686 687/687/687
f 685/685/685 687/687/687 688/688/688
f 689/689/689 690/690/690 691/691/691
f 689/689/689 691/691/691 692/692/692
f 693/693/693 694/694/694 695/695/695
f 693/693/693 695/695/695 696/696/696
f 697/697/697 698/698/698 699/699/699
f 697/697/697 699/699/699 700/700/700
f 701/701/701 702/702/702 703/703/703
f 701/701/701 703/703/703 704/704/704
f 705/705/705 706/706/706 707/707/707
f 705/705/705 707/707/707 708/708/708
f 709/709/709 710/710/710 711/711/711
f 709/709/709 711/711/711 712/712/712
f 713/713/713 714/714/714 715/715/715
f 713/713/713 715/715/715 716/716/716
f 717/717/717 718/718/718 719/719/719
f 717/717/717 719/719/719 720/720/720
f 721/721/721 722/722/722 723/723/723
f 721/721/721 723/723/723 724/724/724
f 725/725/725 726/726/726 727/727/727
f 725/725/725 727/727/727 728/728/728
f 729/729/729 730/730/730 731/731/731
f 729/729/729 731/731/731 732/732/732
f 733/733/733 734/734/734 735/735/735
f 733/733/733 735/735/735 736/736/736
f 737/737/737 738/738/738 739/739/739
f 737/737/737 739/739/739 740/740/740
f 741/741/741 742/742/742 743/743/743
f 741/741/741 743/743/743 744/744/744
f 745/745/745 746/746/746 747/747/747
f 745/745/745 747/747/747 748/748/748
f 749/749/749 750/750/750 751/751/751
f 749/749/749 751/751/751 752/752/752
f 753/753/753 754/754/754 755/755/755
f 753/753/753 755/755/755 756/756/756
f 757/757/757 758/758/758 759/759/759
f 757/757/757 759/759/759 760/760/760
f 761/761/761 762/762/762 763/763/763
f 761/761/761 763/763/763 764/764/764
f 765/765/765 766/766/766 767/767/767
f 765/765/765 767/767/767 768/768/768
f 769/769/769 770/770/770 771/771/771
f 769/769/769 771/771/771 772/772/772
f 773/773/773 774/774/774 775/775/775
f 773/773/773 775/775/775 776/776/776
f 777/777/777 778/778/778 779/779/779
f 777/777/777 779/779/779 780/780/780
f 781/781/781 782/782/782 783/783/783
f 781/781/781 783/783/783 784/784/784
f 785/785/785 786/786/786 787/787/787
f 785/785/785 787/787/787 788/788/788
f 789/789/789 790/790/790 791/791/791
f 789/789/789 791/791/791 792/792/792
f 793/793/793 794/794/794 795/795/795
f 793/793/793 795/795/795 796/796/796
f 797/797/797 798/798/798 799/799/799
f 797/797/797 799/799/799 800/800/800
f 801/801/801 802/802/802 803/803/803
f 801/801/801 803/803/803 804/804/804
f 805/805/805 806/806/806 807/807/807
f 805/805/805 807/807/807 808/808/808
f 809/809/809 810/810/810 811/811/811
f 809/809/809 811/811/811 812/812/812
f 813/813/813 814/814/814 815/815/815
f 813/813/813 815/815/815 816/816/816
f 817/817/817 818/818/818 822/822/822
f 817/817/817 822/822/822 821/821/821
f 818/818/818 819/819/819 823/823/823
f 818/818/818 823/823/823 822/822/822
f 819/819/819 820/820/820 824/824/824
f 819/819/819 824/824/824 823/823/823
f 820/820/820 817/817/817 821/821/821
f 820/820/820 821/821/821 824/824/824
f 820/820/820 819/819/819 818/818/818
f 820/820/820 818/818/818 817/817/817
f 821/821/821 822/822/822 823/823/823
f 821/821/821 823/823/823 824/824/824
f 825/825/825 826/826/826 830/830/830
f 825/825/825 830/830/830 829/829/829
f 826/826/826 827/827/827 831/831/831
f 826/826/826 831/831/831 830/830/830
f 827/827/827 828/828/828 832/832/832
f 827/827/827 832/832/832 831/831/831
f 828/828/828 825/825/825 829/829/829
f 828/828/828 829/829/829 832/832/832
f 828/828/828 827/827/827 826/826/826
f 828/828/828 826/826/826 825/825/825
f 829/829/829 830/830/830 831/831/831
f 829/829/829 831/831/831 832/832/832
f 833/833/833 834/834/834 838/838/838
f 833/833/833 838/838/838 837/837/837
f 834/834/834 835/835/835 839/839/839
f 834/834/834 839/839/839 838/838/838
f 835/835/835 836/836/836 840/840/840
f 835/835/835 840/840/840 839/839/839
f 836/836/836 833/833/833 837/837/837
f 836/836/836 837/837/837 840/840/840
f 836/836/836 835/835/835 834/834/834
f 836/836/836 834/834/834 833/833/833
f 837/837/837 838/838/838 839/839/839
f 837/837/837 839/839/839 840/840/840
f 841/841/841 842/842/842 846/846/846
f 841/841/841 846/846/846 845/845/845
f 842/842/842 843/843/843 847/847/847
f 842/842/842 847/847/847 846/846/846
f 843/843/843 844/844/844 848/848/848
f 843/843/843 848/848/848 847/847/847
f 844/844/844 841/841/841 845/845/845
f 844/844/844 845/845/845 848/848/848
f 844/844/844 843/843/843 842/842/842
f 844/844/844 842/842/842 841/841/841
f 845/845/845 846/846/846 847/847/847
f 845/845/845 847/847/847 848/848/848
f 849/849/849 850/850/850 854/854/854
f 849/849/849 854/854/854 853/853/853
f 850/850/850 851/851/851 855/855/855
f 850/850/850 855/855/855 854/854/854
f 851/851/851 852/852/852 856/856/856
f 851/851/851 856/856/856 855/855/855
f 852/852/852 849/849/849 853/853/853
f 852/852/852 853/853/853 856/856/856
f 852/852/852 851/851/851 850/850/850
f 852/852/852 850/850/850 849/849/849
f 853/853/853 854/854/854 855/855/855
f 853/853/853 855/855/855 856/856/856
f 857/857/857 858/858/858 862/862/862
f 857/857/857 862/862/862 861/861/861
f 858/858/858 859/859/859 863/863/863
f 858/858/858 863/863/863 862/862/862
f 859/859/859 860/860/860 864/864/864
f 859/859/859 864/864/864 863/863/863
f 860/860/860 857/857/857 861/861/861
f 860/860/860 861/861/861 864/864/864
f 860/860/860 859/859/859 858/858/858
f 860/860/860 858/858/858 857/857/857
f 861/861/861 862/862/862 863/863/863
f 861/861/861 863/863/863 864/864/864
f 865/865/865 866/866/866 870/870/870
f 865/865/865 870/870/870 869/869/869
f 866/866/866 867/867/867 871/871/871
f 866/866/866 871/871/871 870/870/870
f 867/867/867 868/868/868 872/872/872
f 867/867/867 872/872/872 871/871/871
f 868/868/868 865/865/865 869/869/869
f 868/868/868 869/869/869 872/872/872
f 868/868/868 867/867/867 866/866/866
f 868/868/868 866/866/866 865/865/865
f 869/869/869 870/870/870 871/871/871
f 869/869/869 871/871/871 872/872/872
f 873/873/873 874/874/874 878/878/878
f 873/873/873 878/878/878 877/877/877
f 874/874/874 875/875/875 879/879/879
f 874/874/874 879/879/879 878/878/878
f 875/875/875 876/876/876 880/880/880
f 875/875/875 880/880/880 879/879/879
f 876/876/876 873/873/873 877/877/877
f 876/876/876 877/877/877 880/880/880
f 876/876/876 875/875/875 874/874/874
f 876/876/876 874/874/874 873/873/873
f 877/877/877 878/878/878 879/879/879
f 877/877/877 879/879/879 880/880/880
f 881/881/881 882/882/882 886/886/886
f 881/881/881 886/886/886 885/885/885
f 882/882/882 883/883/883 887/887/887
f 882/882/882 887/887/887 886/886/886
f 883/883/883 884/884/884 888/888/888
f 883/883/883 888/888/888 887/887/887
f 884/884/884 881/881/881 885/885/885
f 884/884/884 885/885/885 888/888/888
f 884/884/884 883/883/883 882/882/882
f 884/884/884 882/882/882 881/881/881
f 885/885/885 886/886/886 887/887/887
f 885/885/885 887/887/887 888/888/888
f 889/889/889 890/890/890 894/894/894
f 889/889/889 894/894/894 893/893/893
f 890/890/890 891/891/891 895/895/895
f 890/890/890 895/895/895 894/894/894
f 891/891/891 892/892/892 896/896/896
f 891/891/891 896/896/896 895/895/895
f 892/892/892 889/889/889 893/893/893
f 892/892/892 893/893/893 896/896/896
f 892/892/892 891/891/891 890/890/890
f 892/892/892 890/890/890 889/889/889
f 893/893/893 894/894/894 895/895/895
f 893/893/893 895/895/895 896/896/896
f 897/897/897 898/898/898 902/902/902
f 897/897/897 902/902/902 901/901/901
f 898/898/898 899/899/899 903/903/903
f 898/898/898 903/903/903 902/902/902
f 899/899/899 900/900/900 904/904/904
f 899/899/899 904/904/904 903/903/903
f 900/900/900 897/897/897 901/901/901
f 900/900/900 901/901/901 904/904/904
f 900/900/900 899/899/899 898/898/898
f 900/900/900 898/898/898 897/897/897
f 901/901/901 902/902/902 903/903/903
f 901/901/901 903/903/903 904/904/904
f 905/905/905 906/906/906 910/910/910
f 905/905/905 910/910/910 909/909/909
f 906/906/906 907/907/907 911/911/911
f 906/906/906 911/911/911 910/910/910
f 907/907/907 908/908/908 912/912/912
f 907/907/907 912/912/912 911/911/911
f 908/908/908 905/905/905 909/909/909
f 908/908/908 909/909/909 912/912/912
f 908/908/908 907/907/907 906/906/906
f 908/908/908 906/906/906 905/905/905
f 909/909/909 910/910/910 911/911/911
f 909/909/909 911/911/911 912/912/912
f 913/913/913 914/914/914 918/918/918
f 913/913/913 918/918/918 917/917/917
f 914/914/914 915/915/915 919/919/919
f 914/914/914 919/919/919 918/918/918
f 915/915/915 916/916/916 920/920/920
f 915/915/915 920/920/920 919/919/919
f 916/916/916 913/913/913 917/917/917
f 916/916/916 917/917/917 920/920/920
f 916/916/916 915/915/915 914/914/914
f 916/916/916 914/914/914 913/913/913
f 917/917/917 918/918/918 919/919/919
f 917/917/917 919/919/919 920/920/920
f 921/921/921 922/922/922 926/926/926
f 921/921/921 926/926/926 925/925/925
f 922/922/922 923/923/923 927/927/927
f 922/922/922 927/927/927 926/926/926
f 923/923/923 924/924/924 928/928/928
f 923/923/923 928/928/928 927/927/927
f 924/924/924 921/921/921 925/925/925
f 924/924/924 925/925/925 928/928/928
f 924/924/924 923/923/923 922/922/922
f 924/924/924 922/922/922 921/921/921
f 925/925/925 926/926/926 927/927/927
f 925/925/925 927/927/927 928/928/928
f 929/929/929 930/930/930 934/934/934
f 929/929/929 934/934/934 933/933/933
f 930/930/930 931/931/931 935/935/935
f 930/930/930 935/935/935 934/934/934
f 931/931/931 932/932/932 936/936/936
f 931/931/931 936/936/936 935/935/935
f 932/932/932 929/929/929 933/933/933
f 932/932/932 933/933/933 936/936/936
f 932/932/932 931/931/931 930/930/930
f 932/932/932 930/930/930 929/929/929
f 933/933/933 934/934/934 935/935/935
f 933/933/933 935/935/935 936/936/936
f 937/937/937 938/938/938 942/942/942
f 937/937/937 942/942/942 941/941/941
f 938/938/938 939/939/939 943/943/943
f 938/938/938 943/943/943 942/942/942
f 939/939/939 940/940/940 944/944/944
f 939/939/939 944/944/944 943/943/943
f 940/940/940 937/937/937 941/941/941
f 940/940/940 941/941/941 944/944/944
f 940/940/940 939/939/939 938/938/938
f 940/940/940 938/938/938 937/937/937
f 941/941/941 942/942/942 943/943/943
f 941/941/941 943/943/943 944/944/944
f 945/945/945 946/946/946 950/950/950
f 945/945/945 950/950/950 949/949/949
f 946/946/946 947/947/947 951/951/951
f 946/946/946 951/951/951 950/950/950
f 947/947/947 948/948/948 952/952/952
f 947/947/947 952/952/952 951/951/951
f 948/948/948 945/945/945 949/949/949
f 948/948/948 949/949/949 952/952/952
f 948/948/948 947/947/947 946/946/946
f 948/948/948 946/946/946 945/945/945
f 949/949/949 950/950/950 951/951/951
f 949/949/949 951/951/951 952/952/952
f 953/953/953 954/954/954 958/958/958
f 953/953/953 958/958/958 957/957/957
f 954/954/954 955/955/955 959/959/959
f 954/954/954 959/959/959 958/958/958
f 955/955/955 956/956/956 960/960/960
f 955/955/955 960/960/960 959/959/959
f 956/956/956 953/953/953 957/957/957
f 956/956/956 957/957/957 960/960/960
f 956/956/956 955/955/955 954/954/954
f 956/956/956 954/954/954 953/953/953
f 957/957/957 958/958/958 959/959/959
f 957/957/957 959/959/959 960/960/960
f 961/961/961 962/962/962 966/966/966
f 961/961/961 966/966/966 965/965/965
f 962/962/962 963/963/963 967/967/967
f 962/962/962 967/967/967 966/966/966
f 963/963/963 964/964/964 968/968/968
f 963/963/963 968/968/968 967/967/967
f 964/964/964 961/961/961 965/965/965
f 964/964/964 965/965/965 968/968/968
f 964/964/964 963/963/963 962/962/962
f 964/964/964 962/962/962 961/961/961
f 965/965/965 966/966/966 967/967/967
f 965/965/965 967/967/967 968/968/968
f 969/969/969 970/970/970 974/974/974
f 969/969/969 974/974/974 973/973/973
f 970/970/970 971/971/971 975/975/975
f 970/970/970 975/975/975 974/974/974
f 971/971/971 972/972/972 976/976/976
f 971/971/971 976/976/976 975/975/975
f 972/972/972 969/969/969 973/973/973
f 972/972/972 973/973/973 976/976/976
f 972/972/972 971/971/971 970/970/970
f 972/972/972 970/970/970 969/969/969
f 973/973/973 974/974/974 975/975/975
f 973/973/973 975/975/975 976/976/976
f 977/977/977 978/978/978 982/982/982
f 977/977/977 982/982/982 981/981/981
f 978/978/978 979/979/979 983/983/983
f 978/978/978 983/983/983 982/982/982
f 979/979/979 980/980/980 984/984/984
f 979/979/979 984/984/984 983/983/983
f 980/980/980 977/977/977 981/981/981
f 980/980/980 981/981/981 984/984/984
f 980/980/980 979/979/979 978/978/978
f 980/980/980 978/978/978 977/977/977
f 981/981/981 982/982/982 983/983/983
f 981/981/981 983/983/983 984/984/984
f 985/985/985 986/986/986 990/990/990
f 985/985/985 990/990/990 989/989/989
f 986/986/986 987/987/987 991/991/991
f 986/986/986 991/991/991 990/990/990
f 987/987/987 988/988/988 992/992/992
f 987/987/987 992/992/992 991/991/991
f 988/988/988 985/985/985 989/989/989
f 988/988/988 989/989/989 992/992/992
f 988/988/988 987/987/987 986/986/986
f 988/988/988 986/986/986 985/985/985
f 989/989/989 990/990/990 991/991/991
f 989/989/989 991/991/991 992/992/992
f 993/993/993 994/994/994 998/998/998
f 993/993/993 998/998/998 997/997/997
f 994/994/994 995/995/995 999/999/999
f 994/994/994 999/999/999 998/998/998
f 995/995/995 996/996/996 1000/1000/1000
f 995/995/995 1000/1000/1000 999/999/999
f 996/996/996 993/993/993 997/997/997
f 996/996/996 997/997/997 1000/1000/1000
f 996/996/996 995/995/995 994/994/994
f 996/996/996 994/994/994 993/993/993
f 997/997/997 998/998/998 999/999/999
f 997/997/997 999/999/999 1000/1000/1000
f 1001/1001/1001 1002/1002/1002 1006/1006/1006
f 1001/1001/1001 1006/1006/1006 1005/1005/1005
f 1002/1002/1002 1003/1003/1003 1007/1007/1007
f 1002/1002/1002 1007/1007/1007 1006/1006/1006
f 1003/1003/1003 1004/1004/1004 1008/1008/1008
f 1003/1003/1003 1008/1008/1008 1007/1007/1007
f 1004/1004/1004 1001/1001/1001 1005/1005/1005
f 1004/1004/1004 1005/1005/1005 1008/1008/1008
f 1004/1004/1004 1003/1003/1003 1002/1002/1002
f 1004/1004/1004 1002/1002/1002 1001/1001/1001
f 1005/1005/1005 1006/1006/1006 1007/1007/1007
f 1005/1005/1005 1007/1007/1007 1008/1008/1008
f 1009/1009/1009 1010/1010/1010 1014/1014/1014
f 1009/1009/1009 1014/1014/1014 1013/1013/1013
f 1010/1010/1010 1011/1011/1011 1015/1015/1015
f 1010/1010/1010 1015/1015/1015 1014/1014/1014
f 1011/1011/1011 1012/1012/1012 1016/1016/1016
f 1011/1011/1011 1016/1016/1016 1015/1015/1015
f 1012/1012/1012 1009/1009/1009 1013/1013/1013
f 1012/1012/1012 1013/1013/1013 1016/1016/1016
f 1012/1012/1012 1011/1011/1011 1010/1010/1010
f 1012/1012/1012 1010/1010/1010 1009/1009/1009
f 1013/1013/1013 1014/1014/1014 1015/1015/1015
f 1013/1013/1013 1015/1015/1015 1016/1016/1016
f 1017/1017/1017 1018/1018/1018 1022/1022/1022
f 1017/1017/1017 1022/1022/1022 1021/1021/1021
f 1018/1018/1018 1019/1019/1019 1023/1023/1023
f 1018/1018/1018 1023/1023/1023 1022/1022/1022
f 1019/1019/1019 1020/1020/1020 1024/1024/1024
f 1019/1019/1019 1024/1024/1024 1023/1023/1023
f 1020/1020/1020 1017/1017/1017 1021/1021/1021
f 1020/1020/1020 1021/1021/1021 1024/1024/1024
f 1020/1020/1020 1019/1019/1019 1018/1018/1018
f 1020/1020/1020 1018/1018/1018 1017/1017/1017
f 1021/1021/1021 1022/1022/1022 1023/1023/1023
f 1021/1021/1021 1023/1023/1023 1024/1024/1024
f 1025/1025/1025 1026/1026/1026 1030/1030/1030
f 1025/1025/1025 1030/1030/1030 1029/1029/1029
f 1026/1026/1026 1027/1027/1027 1031/1031/1031
f 1026/1026/1026 1031/1031/1031 1030/1030/1030
f 1027/1027/1027 1028/1028/1028 1032/1032/1032
f 1027/1027/1027 1032/1032/1032 1031/1031/1031
f 1028/1028/1028 1025/1025/1025 1029/1029/1029
f 1028/1028/1028 1029/1029/1029 1032/1032/1032
f 1028/1028/1028 1027/1027/1027 1026/1026/1026
f 1028/1028/1028 1026/1026/1026 1025/1025/1025
f 1029/1029/1029 1030/1030/1030 1031/1031/1031
f 1029/1029/1029 1031/1031/1031 1032/1032/1032
f 1033/1033/1033 1034/1034/1034 1038/1038/1038
f 1033/1033/1033 1038/1038/1038 1037/1037/1037
f 1034/1034/1034 1035/1035/1035 1039/1039/1039
f 1034/1034/1034 1039/1039/1039 1038/1038/1038
f 1035/1035/1035 1036/1036/1036 1040/1040/1040
f 1035/1035/1035 1040/1040/1040 1039/1039/1039
f 1036/1036/1036 1033/1033/1033 1037/1037/1037
f 1036/1036/1036 1037/1037/1037 1040/1040/1040
f 1036/1036/1036 1035/1035/1035 1034/1034/1034
f 1036/1036/1036 1034/1034/1034 1033/1033/1033
f 1037/1037/1037 1038/1038/1038 1039/1039/1039
f 1037/1037/1037 1039/1039/1039 1040/1040/1040
f 1041/1041/1041 1042/1042/1042 1046/1046/1046
f 1041/1041/1041 1046/1046/1046 1045/1045/1045
f 1042/1042/1042 1043/1043/1043 1047/1047/1047
f 1042/1042/1042 1047/1047/1047 1046/1046/1046
f 1043/1043/1043 1044/1044/1044 1048/1048/1048
f 1043/1043/1043 1048/1048/1048 1047/1047/1047
f 1044/1044/1044 1041/1041/1041 1045/1045/1045
f 1044/1044/1044 1045/1045/1045 1048/1048/1048
f 1044/1044/1044 1043/1043/1043 1042/1042/1042
f 1044/1044/1044 1042/1042/1042 1041/1041/1041
f 1045/1045/1045 1046/1046/1046 1047/1047/1047
f 1045/1045/1045 1047/1047/1047 1048/1048/1048
f 1049/1049/1049 1050/1050/1050 1054/1054/1054
f 1049/1049/1049 1054/1054/1054 1053/1053/1053
f 1050/1050/1050 1051/1051/1051 1055/1055/1055
f 1050/1050/1050 1055/1055/1055 1054/1054/1054
f 1051/1051/1051 1052/1052/1052 1056/1056/1056
f 1051/1051/1051 1056/1056/1056 1055/1055/1055
f 1052/1052/1052 1049/1049/1049 1053/1053/1053
f 1052/1052/1052 1053/1053/1053 1056/1056/1056
f 1052/1052/1052 1051/1051/1051 1050/1050/1050
f 1052/1052/1052 1050/1050/1050 1049/1049/1049
f 1053/1053/1053 1054/1054/1054 1055/1055/1055
f 1053/1053/1053 1055/1055/1055 1056/1056/1056
f 1057/1057/1057 1058/1058/1058 1062/1062/1062
f 1057/1057/1057 1062/1062/1062 1061/1061/1061
f 1058/1058/1058 1059/1059/1059 1063/1063/1063
f 1058/1058/1058 1063/1063/1063 1062/1062/1062
f 1059/1059/1059 1060/1060/1060 1064/1064/1064
f 1059/1059/1059 1064/1064/1064 1063/1063/1063
f 1060/1060/1060 1057/1057/1057 1061/1061/1061
f 1060/1060/1060 1061/1061/1061 1064/1064/1064
f 1060/1060/1060 1059/1059/1059 1058/1058/1058
f 1060/1060/1060 1058/1058/1058 1057/1057/1057
f 1061/1061/1061 1062/1062/1062 1063/1063/1063
f 1061/1061/1061 1063/1063/1063 1064/1064/1064
f 1065/1065/1065 1066/1066/1066 1070/1070/1070
f 1065/1065/1065 1070/1070/1070 1069/1069/1069
f 1066/1066/1066 1067/1067/1067 1071/1071/1071
f 1066/1066/1066 1071/1071/1071 1070/1070/1070
f 1067/1067/1067 1068/1068/1068 1072/1072/1072
f 1067/1067/1067 1072/1072/1072 1071/1071/1071
f 1068/1068/1068 1065/1065/1065 1069/1069/1069
f 1068/1068/1068 1069/1069/1069 1072/1072/1072
f 1068/1068/1068 1067/1067/1067 1066/1066/1066
f 1068/1068/1068 1066/1066/1066 1065/1065/1065
f 1069/1069/1069 1070/1070/1070 1071/1071/1071
f 1069/1069/1069 1071/1071/1071 1072/1072/1072
f 1073/1073/1073 1074/1074/1074 1078/1078/1078
f 1073/1073/1073 1078/1078/1078 1077/1077/1077
f 1074/1074/1074 1075/1075/1075 1079/1079/1079
f 1074/1074/1074 1079/1079/1079 1078/1078/1078
f 1075/1075/1075 1076/1076/1076 1080/1080/1080
f 1075/1075/1075 1080/1080/1080 1079/1079/1079
f 1076/1076/1076 1073/1073/1073 1077/1077/1077
f 1076/1076/1076 1077/1077/1077 1080/1080/1080
f 1076/1076/1076 1075/1075/1075 1074/1074/1074
f 1076/1076/1076 1074/1074/1074 1073/1073/1073
f 1077/1077/1077 1078/1078/1078 1079/1079/1079
f 1077/1077/1077 1079/1079/1079 1080/1080/1080
f 1081/1081/1081 1082/1082/1082 1086/1086/1086
f 1081/1081/1081 1086/1086/1086 1085/1085/1085
f 1082/1082/1082 1083/1083/1083 1087/1087/1087
f 1082/1082/1082 1087/1087/1087 1086/1086/1086
f 1083/1083/1083 1084/1084/1084 1088/1088/1088
f 1083/1083/1083 1088/1088/1088 1087/1087/1087
f 1084/1084/1084 1081/1081/1081 1085/1085/1085
f 1084/1084/1084 1085/1085/1085 1088/1088/1088
f 1084/1084/1084 1083/1083/1083 1082/1082/1082
f 1084/1084/1084 1082/1082/1082 1081/1081/1081
f 1085/1085/1085 1086/1086/1086 1087/1087/1087
f 1085/1085/1085 1087/1087/1087 1088/1088/1088
f 1089/1089/1089 1090/1090/1090 1094/1094/1094
f 1089/1089/1089 1094/1094/1094 1093/1093/1093
f 1090/1090/1090 1091/1091/1091 1095/1095/1095
f 1090/1090/1090 1095/1095/1095 1094/1094/1094
f 1091/1091/1091 1092/1092/1092 1096/1096/1096
f 1091/1091/1091 1096/1096/1096 1095/1095/1095
f 1092/1092/1092 1089/1089/1089 1093/1093/1093
f 1092/1092/1092 1093/1093/1093 1096/1096/1096
f 1092/1092/1092 1091/1091/1091 1090/1090/1090
f 1092/1092/1092 1090/1090/1090 1089/1089/1089
f 1093/1093/1093 1094/1094/1094 1095/1095/1095
f 1093/1093/1093 1095/1095/1095 1096/1096/1096
f 1097/1097/1097 1098/1098/1098 1102/1102/1102
f 1097/1097/1097 1102/1102/1102 1101/1101/1101
f 1098/1098/1098 1099/1099/1099 1103/1103/1103
f 1098/1098/1098 1103/1103/1103 1102/1102/1102
f 1099/1099/1099 1100/1100/1100 1104/1104/1104
f 1099/1099/1099 1104/1104/1104 1103/1103/1103
f 1100/1100/1100 1097/1097/1097 1101/1101/1101
f 1100/1100/1100 1101/1101/1101 1104/1104/1104
f 1100/1100/1100 1099/1099/1099 1098/1098/1098
f 1100/1100/1100 1098/1098/1098 1097/1097/1097
f 1101/1101/1101 1102/1102/1102 1103/1103/1103
f 1101/1101/1101 1103/1103/1103 1104/1104/1104
f 1105/1105/1105 1106/1106/1106 1110/1110/1110
f 1105/1105/1105 1110/1110/1110 1109/1109/1109
f 1106/1106/1106 1107/1107/1107 1111/1111/1111
f 1106/1106/1106 1111/1111/1111 1110/1110/1110
f 1107/1107/1107 1108/1108/1108 1112/1112/1112
f 1107/1107/1107 1112/1112/1112 1111/1111/1111
f 1108/1108/1108 1105/1105/1105 1109/1109/1109
f 1108/1108/1108 1109/1109/1109 1112/1112/1112
f 1108/1108/1108 1107/1107/1107 1106/1106/1106
f 1108/1108/1108 1106/1106/1106 1105/1105/1105
f 1109/1109/1109 1110/1110/1110 1111/1111/1111
f 1109/1109/1109 1111/1111/1111 1112/1112/1112
f 1113/1113/1113 1114/1114/1114 1118/1118/1118
f 1113/1113/1113 1118/1118/1118 1117/1117/1117
f 1114/1114/1114 1115/1115/1115 1119/1119/1119
f 1114/1114/1114 1119/1119/1119 1118/1118/1118
f 1115/1115/1115 1116/1116/1116 1120/1120/1120
f 1115/1115/1115 1120/1120/1120 1119/1119/1119
f 1116/1116/1116 1113/1113/1113 1117/1117/1117
f 1116/1116/1116 1117/1117/1117 1120/1120/1120
f 1116/1116/1116 1115/1115/1115 1114/1114/1114
f 1116/1116/1116 1114/1114/1114 1113/1113/1113
f 1117/1117/1117 1118/1118/1118 1119/1119/1119
f 1117/1117/1117 1119/1119/1119 1120/1120/1120
f 1121/1121/1121 1122/1122/1122 1126/1126/1126
f 1121/1121/1121 1126/1126/1126 1125/1125/1125
f 1122/1122/1122 1123/1123/1123 1127/1127/1127
f 1122/1122/1122 1127/1127/1127 1126/1126/1126
f 1123/1123/1123 1124/1124/1124 1128/1128/1128
f 1123/1123/1123 1128/1128/1128 1127/1127/1127
f 1124/1124/1124 1121/1121/1121 1125/1125/1125
f 1124/1124/1124 1125/1125/1125 1128/1128/1128
f 1124/1124/1124 1123/1123/1123 1122/1122/1122
f 1124/1124/1124 1122/1122/1122 1121/1121/1121
f 1125/1125/1125 1126/1126/1126 1127/1127/1127
f 1125/1125/1125 1127/1127/1127 1128/1128/1128
f 1129/1129/1129 1130/1130/1130 1134/1134/1134
f 1129/1129/1129 1134/1134/1134 1133/1133/1133
f 1130/1130/1130 1131/1131/1131 1135/1135/1135
f 1130/1130/1130 1135/1135/1135 1134/1134/1134
f 1131/1131/1131 1132/1132/1132 1136/1136/1136
f 1131/1131/1131 1136/1136/1136 1135/1135/1135
f 1132/1132/1132 1129/1129/1129 1133/1133/1133
f 1132/1132/1132 1133/1133/1133 1136/1136/1136
f 1132/1132/1132 1131/1131/1131 1130/1130/1130
f 1132/1132/1132 1130/1130/1130 1129/1129/1129
f 1133/1133/1133 1134/1134/1134 1135/1135/1135
f 1133/1133/1133 1135/1135/1135 1136/1136/1136
f 1137/1137/1137 1138/1138/1138 1142/1142/1142
f 1137/1137/1137 1142/1142/1142 1141/1141/1141
f 1138/1138/1138 1139/1139/1139 1143/1143/1143
f 1138/1138/1138 1143/1143/1143 1142/1142/1142
f 1139/1139/1139 1140/1140/1140 1144/1144/1144
f 1139/1139/1139 1144/1144/1144 1143/1143/1143
f 1140/1140/1140 1137/1137/1137 1141/1141/1141
f 1140/1140/1140 1141/1141/1141 1144/1144/1144
f 1140/1140/1140 1139/1139/1139 1138/1138/1138
f 1140/1140/1140 1138/1138/1138 1137/1137/1137
f 1141/1141/1141 1142/1142/1142 1143/1143/1143
f 1141/1141/1141 1143/1143/1143 1144/1144/1144
f 1145/1145/1145 1146/1146/1146 1150/1150/1150
f 1145/1145/1145 1150/1150/1150 1149/1149/1149
f 1146/1146/1146 1147/1147/1147 1151/1151/1151
f 1146/1146/1146 1151/1151/1151 1150/1150/1150
f 1147/1147/1147 1148/1148/1148 1152/1152/1152
f 1147/1147/1147 1152/1152/1152 1151/1151/1151
f 1148/1148/1148 1145/1145/1145 1149/1149/1149
f 1148/1148/1148 1149/1149/1149 1152/1152/1152
f 1148/1148/1148 1147/1147/1147 1146/1146/1146
f 1148/1148/1148 1146/1146/1146 1145/1145/1145
f 1149/1149/1149 1150/1150/1150 1151/1151/1151
f 1149/1149/1149 1151/1151/1151 1152/1152/1152
f 1153/1153/1153 1154/1154/1154 1158/1158/1158
f 1153/1153/1153 1158/1158/1158 1157/1157/1157
f 1154/1154/1154 1155/1155/1155 1159/1159/1159
f 1154/1154/1154 1159/1159/1159 1158/1158/1158
f 1155/1155/1155 1156/1156/1156 1160/1160/1160
f 1155/1155/1155 1160/1160/1160 1159/1159/1159
f 1156/1156/1156 1153/1153/1153 1157/1157/1157
f 1156/1156/1156 1157/1157/1157 1160/1160/1160
f 1156/1156/1156 1155/1155/1155 1154/1154/1154
f 1156/1156/1156 1154/1154/1154 1153/1153/1153
f 1157/1157/1157 1158/1158/1158 1159/1159/1159
f 1157/1157/1157 1159/1159/1159 1160/1160/1160
f 1161/1161/1161 1162/1162/1162 1166/1166/1166
f 1161/1161/1161 1166/1166/1166 1165/1165/1165
f 1162/1162/1162 1163/1163/1163 1167/1167/1167
f 1162/1162/1162 1167/1167/1167 1166/1166/1166
f 1163/1163/1163 1164/1164/1164 1168/1168/1168
f 1163/1163/1163 1168/1168/1168 1167/1167/1167
f 1164/1164/1164 1161/1161/1161 1165/1165/1165
f 1164/1164/1164 1165/1165/1165 1168/1168/1168
f 1164/1164/1164 1163/1163/1163 1162/1162/1162
f 1164/1164/1164 1162/1162/1162 1161/1161/1161
f 1165/1165/1165 1166/1166/1166 1167/1167/1167
f 1165/1165/1165 1167/1167/1167 1168/1168/1168
f 1169/1169/1169 1170/1170/1170 1174/1174/1174
f 1169/1169/1169 1174/1174/1174 1173/1173/1173
f 1170/1170/1170 1171/1171/1171 1175/1175/1175
f 1170/1170/1170 1175/1175/1175 1174/1174/1174
f 1171/1171/1171 1172/1172/1172 1176/1176/1176
f 1171/1171/1171 1176/1176/1176 1175/1175/1175
f 1172/1172/1172 1169/1169/1169 1173/1173/1173
f 1172/1172/1172 1173/1173/1173 1176/1176/1176
f 1172/1172/1172 1171/1171/1171 1170/1170/1170
f 1172/1172/1172 1170/1170/1170 1169/1169/1169
f 1173/1173/1173 1174/1174/1174 1175/1175/1175
f 1173/1173/1173 1175/1175/1175 1176/1176/1176
f 1177/1177/1177 1178/1178/1178 1182/1182/1182
f 1177/1177/1177 1182/1182/1182 1181/1181/1181
f 1178/1178/1178 1179/1179/1179 1183/1183/1183
f 1178/1178/1178 1183/1183/1183 1182/1182/1182
f 1179/1179/1179 1180/1180/1180 1184/1184/1184
f 1179/1179/1179 1184/1184/1184 1183/1183/1183
f 1180/1180/1180 1177/1177/1177 1181/1181/1181
f 1180/1180/1180 1181/1181/1181 1184/1184/1184
f 1180/1180/1180 1179/1179/1179 1178/1178/1178
f 1180/1180/1180 1178/1178/1178 1177/1177/1177
f 1181/1181/1181 1182/1182/1182 1183/1183/1183
f 1181/1181/1181 1183/1183/1183 1184/1184/1184
f 1185/1185/1185 1186/1186/1186 1190/1190/1190
f 1185/1185/1185 1190/1190/1190 1189/1189/1189
f 1186/1186/1186 1187/1187/1187 1191/1191/1191
f 1186/1186/1186 1191/1191/1191 1190/1190/1190
f 1187/1187/1187 1188/1188/1188 1192/1192/1192
f 1187/1187/1187 1192/1192/1192 1191/1191/1191
f 1188/1188/1188 1185/1185/1185 1189/1189/1189
f 1188/1188/1188 1189/1189/1189 1192/1192/1192
f 1188/1188/1188 1187/1187/1187 1186/1186/1186
f 1188/1188/1188 1186/1186/1186 1185/1185/1185
f 1189/1189/1189 1190/1190/1190 1191/1191/1191
f 1189/1189/1189 1191/1191/1191 1192/1192/1192
f 1193/1193/1193 1194/1194/1194 1198/1198/1198
f 1193/1193/1193 1198/1198/1198 1197/1197/1197
f 1194/1194/1194 1195/1195/1195 1199/1199/1199
f 1194/1194/1194 1199/1199/1199 1198/1198/1198
f 1195/1195/1195 1196/1196/1196 1200/1200/1200
f 1195/1195/1195 1200/1200/1200 1199/1199/1199
f 1196/1196/1196 1193/1193/1193 1197/1197/1197
f 1196/1196/1196 1197/1197/1197 1200/1200/1200
f 1196/1196/1196 1195/1195/1195 1194/1194/1194
f 1196/1196/1196 1194/1194/1194 1193/1193/1193
f 1197/1197/1197 1198/1198/1198 1199/1199/1199
f 1197/1197/1197 1199/1199/1199 1200/1200/1200
f 1201/1201/1201 1202/1202/1202 1206/1206/1206
f 1201/1201/1201 1206/1206/1206 1205/1205/1205
f 1202/1202/1202 1203/1203/1203 1207/1207/1207
f 1202/1202/1202 1207/1207/1207 1206/1206/1206
f 1203/1203/1203 1204/1204/1204 1208/1208/1208
f 1203/1203/1203 1208/1208/1208 1207/1207/1207
f 1204/1204/1204 1201/1201/1201 1205/1205/1205
f 1204/1204/1204 1205/1205/1205 1208/1208/1208
f 1204/1204/1204 1203/1203/1203 1202/1202/1202
f 1204/1204/1204 1202/1202/1202 1201/1201/1201
f 1205/1205/1205 1206/1206/1206 1207/1207/1207
f 1205/1205/1205 1207/1207/1207 1208/1208/1208
f 1209/1209/1209 1210/1210/1210 1214/1214/1214
f 1209/1209/1209 1214/1214/1214 1213/1213/1213
f 1210/1210/1210 1211/1211/1211 1215/1215/1215
f 1210/1210/1210 1215/1215/1215 1214/1214/1214
f 1211/1211/1211 1212/1212/1212 1216/1216/1216
f 1211/1211/1211 1216/1216/1216 1215/1215/1215
f 1212/1212/1212 1209/1209/1209 1213/1213/1213
f 1212/1212/1212 1213/1213/1213 1216/1216/1216
f 1212/1212/1212 1211/1211/1211 1210/1210/1210
f 1212/1212/1212 1210/1210/1210 1209/1209/1209
f 1213/1213/1213 1214/1214/1214 1215/1215/1215
f 1213/1213/1213 1215/1215/1215 1216/1216/1216
f 1217/1217/1217 1218/1218/1218 1222/1222/1222
f 1217/1217/1217 1222/1222/1222 1221/1221/1221
f 1218/1218/1218 1219/1219/1219 1223/1223/1223
f 1218/1218/1218 1223/1223/1223 1222/1222/1222
f 1219/1219/1219 1220/1220/1220 1224/1224/1224
f 1219/1219/1219 1224/1224/1224 1223/1223/1223
f 1220/1220/1220 1217/1217/1217 1221/1221/1221
f 1220/1220/1220 1221/1221/1221 1224/1224/1224
f 1220/1220/1220 1219/1219/1219 1218/1218/1218
f 1220/1220/1220 1218/1218/1218 1217/1217/1217
f 1221/1221/1221 1222/1222/1222 1223/1223/1223
f 1221/1221/1221 1223/1223/1223 1224/1224/1224
f 1225/1225/1225 1226/1226/1226 1230/1230/1230
f 1225/1225/1225 1230/1230/1230 1229/1229/1229
f 1226/1226/1226 1227/1227/1227 1231/1231/1231
f 1226/1226/1226 1231/1231/1231 1230/1230/1230
f 1227/1227/1227 1228/1228/1228 1232/1232/1232
f 1227/1227/1227 1232/1232/1232 1231/1231/1231
f 1228/1228/1228 1225/1225/1225 1229/1229/1229
f 1228/1228/1228 1229/1229/1229 1232/1232/1232
f 1228/1228/1228 1227/1227/1227 1226/1226/1226
f 1228/1228/1228 1226/1226/1226 1225/1225/1225
f 1229/1229/1229 1230/1230/1230 1231/1231/1231
f 1229/1229/1229 1231/1231/1231 1232/1232/1232
f 1233/1233/1233 1234/1234/1234 1238/1238/1238
f 1233/1233/1233 1238/1238/1238 1237/1237/1237
f 1234/1234/1234 1235/1235/1235 1239/1239/1239
f 1234/1234/1234 1239/1239/1239 1238/1238/1238
f 1235/1235/1235 1236/1236/1236 1240/1240/1240
f 1235/1235/1235 1240/1240/1240 1239/1239/1239
f 1236/1236/1236 1233/1233/1233 1237/1237/1237
f 1236/1236/1236 1237/1237/1237 1240/1240/1240
f 1236/1236/1236 1235/1235/1235 1234/1234/1234
f 1236/1236/1236 1234/1234/1234 1233/1233/1233
f 1237/1237/1237 1238/1238/1238 1239/1239/1239
f 1237/1237/1237 1239/1239/1239 1240/1240/1240
f 1241/1241/1241 1242/1242/1242 1246/1246/1246
f 1241/1241/1241 1246/1246/1246 1245/1245/1245
f 1242/1242/1242 1243/1243/1243 1247/1247/1247
f 1242/1242/1242 1247/1247/1247 1246/1246/1246
f 1243/1243/1243 1244/1244/1244 1248/1248/1248
f 1243/1243/1243 1248/1248/1248 1247/1247/1247
f 1244/1244/1244 1241/1241/1241 1245/1245/1245
f 1244/1244/1244 1245/1245/1245 1248/1248/1248
f 1244/1244/1244 1243/1243/1243 1242/1242/1242
f 1244/1244/1244 1242/1242/1242 1241/1241/1241
f 1245/1245/1245 1246/1246/1246 1247/1247/1247
f 1245/1245/1245 1247/1247/1247 1248/1248/1248
f 1249/1249/1249 1250/1250/1250 1254/1254/1254
f 1249/1249/1249 1254/1254/1254 1253/1253/1253
f 1250/1250/1250 1251/1251/1251 1255/1255/1255
f 1250/1250/1250 1255/1255/1255 1254/1254/1254
f 1251/1251/1251 1252/1252/1252 1256/1256/1256
f 1251/1251/1251 1256/1256/1256 1255/1255/1255
f 1252/1252/1252 1249/1249/1249 1253/1253/1253
f 1252/1252/1252 1253/1253/1253 1256/1256/1256
f 1252/1252/1252 1251/1251/1251 1250/1250/1250
f 1252/1252/1252 1250/1250/1250 1249/1249/1249
f 1253/1253/1253 1254/1254/1254 1255/1255/1255
f 1253/1253/1253 1255/1255/1255 1256/1256/1256
f 1257/1257/1257 1258/1258/1258 1262/1262/1262
f 1257/1257/1257 1262/1262/1262 1261/1261/1261
f 1258/1258/1258 1259/1259/1259 1263/1263/1263
f 1258/1258/1258 1263/1263/1263 1262/1262/1262
f 1259/1259/1259 1260/1260/1260 1264/1264/1264
f 1259/1259/1259 1264/1264/1264 1263/1263/1263
f 1260/1260/1260 1257/1257/1257 1261/1261/1261
f 1260/1260/1260 1261/1261/1261 1264/1264/1264
f 1260/1260/1260 1259/1259/1259 1258/1258/1258
f 1260/1260/1260 1258/1258/1258 1257/1257/1257
f 1261/1261/1261 1262/1262/1262 1263/1263/1263
f 1261/1261/1261 1263/1263/1263 1264/1264/1264
f 1265/1265/1265 1266/1266/1266 1270/1270/1270
f 1265/1265/1265 1270/1270/1270 1269/1269/1269
f 1266/1266/1266 1267/1267/1267 1271/1271/1271
f 1266/1266/1266 1271/1271/1271 1270/1270/1270
f 1267/1267/1267 1268/1268/1268 1272/1272/1272
f 1267/1267/1267 1272/1272/1272 1271/1271/1271
f 1268/1268/1268 1265/1265/1265 1269/1269/1269
f 1268/1268/1268 1269/1269/1269 1272/1272/1272
f 1268/1268/1268 1267/1267/1267 1266/1266/1266
f 1268/1268/1268 1266/1266/1266 1265/1265/1265
f 1269/1269/1269 1270/1270/1270 1271/1271/1271
f 1269/1269/1269 1271/1271/1271 1272/1272/1272
f 1273/1273/1273 1274/1274/1274 1278/1278/1278
f 1273/1273/1273 1278/1278/1278 1277/1277/1277
f 1274/1274/1274 1275/1275/1275 1279/1279/1279
f 1274/1274/1274 1279/1279/1279 1278/1278/1278
f 1275/1275/1275 1276/1276/1276 1280/1280/1280
f 1275/1275/1275 1280/1280/1280 1279/1279/1279
f 1276/1276/1276 1273/1273/1273 1277/1277/1277
f 1276/1276/1276 1277/1277/1277 1280/1280/1280
f 1276/1276/1276 1275/1275/1275 1274/1274/1274
f 1276/1276/1276 1274/1274/1274 1273/1273/1273
f 1277/1277/1277 1278/1278/1278 1279/1279/1279
f 1277/1277/1277 1279/1279/1279 1280/1280/1280
f 1281/1281/1281 1282/1282/1282 1286/1286/1286
f 1281/1281/1281 1286/1286/1286 1285/1285/1285
f 1282/1282/1282 1283/1283/1283 1287/1287/1287
f 1282/1282/1282 1287/1287/1287 1286/1286/1286
f 1283/1283/1283 1284/1284/1284 1288/1288/1288
f 1283/1283/1283 1288/1288/1288 1287/1287/1287
f 1284/1284/1284 1281/1281/1281 1285/1285/1285
f 1284/1284/1284 1285/1285/1285 1288/1288/1288
f 1284/1284/1284 1283/1283/1283 1282/1282/1282
f 1284/1284/1284 1282/1282/1282 1281/1281/1281
f 1285/1285/1285 1286/1286/1286 1287/1287/1287
f 1285/1285/1285 1287/1287/1287 1288/1288/1288
f 1289/1289/1289 1290/1290/1290 1294/1294/1294
f 1289/1289/1289 1294/1294/1294 1293/1293/1293
f 1290/1290/1290 1291/1291/1291 1295/1295/1295
f 1290/1290/1290 1295/1295/1295 1294/1294/1294
f 1291/1291/1291 1292/1292/1292 1296/1296/1296
f 1291/1291/1291 1296/1296/1296 1295/1295/1295
f 1292/1292/1292 1289/1289/1289 1293/1293/1293
f 1292/1292/1292 1293/1293/1293 1296/1296/1296
f 1292/1292/1292 1291/1291/1291 1290/1290/1290
f 1292/1292/1292 1290/1290/1290 1289/1289/1289
f 1293/1293/1293 1294/1294/1294 1295/1295/1295
f 1293/1293/1293 1295/1295/1295 1296/1296/1296
f 1297/1297/1297 1298/1298/1298 1302/1302/1302
f 1297/1297/1297 1302/1302/1302 1301/1301/1301
f 1298/1298/1298 1299/1299/1299 1303/1303/1303
f 1298/1298/1298 1303/1303/1303 1302/1302/1302
f 1299/1299/1299 1300/1300/1300 1304/1304/1304
f 1299/1299/1299 1304/1304/1304 1303/1303/1303
f 1300/1300/1300 1297/1297/1297 1301/1301/1301
f 1300/1300/1300 1301/1301/1301 1304/1304/1304
f 1300/1300/1300 1299/1299/1299 1298/1298/1298
f 1300/1300/1300 1298/1298/1298 1297/1297/1297
f 1301/1301/1301 1302/1302/1302 1303/1303/1303
f 1301/1301/1301 1303/1303/1303 1304/1304/1304
f 1305/1305/1305 1306/1306/1306 1310/1310/1310
f 1305/1305/1305 1310/1310/1310 1309/1309/1309
f 1306/1306/1306 1307/1307/1307 1311/1311/1311
f 1306/1306/1306 1311/1311/1311 1310/1310/1310
f 1307/1307/1307 1308/1308/1308 1312/1312/1312
f 1307/1307/1307 1312/1312/1312 1311/1311/1311
f 1308/1308/1308 1305/1305/1305 1309/1309/1309
f 1308/1308/1308 1309/1309/1309 1312/1312/1312
f 1308/1308/1308 1307/1307/1307 1306/1306/1306
f 1308/1308/1308 1306/1306/1306 1305/1305/1305
f 1309/1309/1309 1310/1310/1310 1311/1311/1311
f 1309/1309/1309 1311/1311/1311 1312/1312/1312
f 1313/1313/1313 1314/1314/1314 1318/1318/1318
f 1313/1313/1313 1318/1318/1318 1317/1317/1317
f 1314/1314/1314 1315/1315/1315 1319/1319/1319
f 1314/1314/1314 1319/1319/1319 1318/1318/1318
f 1315/1315/1315 1316/1316/1316 1320/1320/1320
f 1315/1315/1315 1320/1320/1320 1319/1319/1319
f 1316/1316/1316 1313/1313/1313 1317/1317/1317
f 1316/1316/1316 1317/1317/1317 1320/1320/1320
f 1316/1316/1316 1315/1315/1315 1314/1314/1314
f 1316/1316/1316 1314/1314/1314 1313/1313/1313
f 1317/1317/1317 1318/1318/1318 1319/1319/1319
f 1317/1317/1317 1319/1319/1319 1320/1320/1320
f 1321/1321/1321 1322/1322/1322 1326/1326/1326
f 1321/1321/1321 1326/1326/1326 1325/1325/1325
f 1322/1322/1322 1323/1323/1323 1327/1327/1327
f 1322/1322/1322 1327/1327/1327 1326/1326/1326
f 1323/1323/1323 1324/1324/1324 1328/1328/1328
f 1323/1323/1323 1328/1328/1328 1327/1327/1327
f 1324/1324/1324 1321/1321/1321 1325/1325/1325
f 1324/1324/1324 1325/1325/1325 1328/1328/1328
f 1324/1324/1324 1323/1323/1323 1322/1322/1322
f 1324/1324/1324 1322/1322/1322 1321/1321/1321
f 1325/1325/1325 1326/1326/1326 1327/1327/1327
f 1325/1325/1325 1327/1327/1327 1328/1328/1328
f 1329/1329/1329 1330/1330/1330 1334/1334/1334
f 1329/1329/1329 1334/1334/1334 1333/1333/1333
f 1330/1330/1330 1331/1331/1331 1335/1335/1335
f 1330/1330/1330 1335/1335/1335 1334/1334/1334
f 1331/1331/1331 1332/1332/1332 1336/1336/1336
f 1331/1331/1331 1336/1336/1336 1335/1335/1335
f 1332/1332/1332 1329/1329/1329 1333/1333/1333
f 1332/1332/1332 1333/1333/1333 1336/1336/1336
f 1332/1332/1332 1331/1331/1331 1330/1330/1330
f 1332/1332/1332 1330/1330/1330 1329/1329/1329
f 1333/1333/1333 1334/1334/1334 1335/1335/1335
f 1333/1333/1333 1335/1335/1335 1336/1336/1336
f 1337/1337/1337 1338/1338/1338 1342/1342/1342
f 1337/1337/1337 1342/1342/1342 1341/1341/1341
f 1338/1338/1338 1339/1339/1339 1343/1343/1343
f 1338/1338/1338 1343/1343/1343 1342/1342/1342
f 1339/1339/1339 1340/1340/1340 1344/1344/1344
f 1339/1339/1339 1344/1344/1344 1343/1343/1343
f 1340/1340/1340 1337/1337/1337 1341/1341/1341
f 1340/1340/1340 1341/1341/1341 1344/1344/1344
f 1340/1340/1340 1339/1339/1339 1338/1338/1338
f 1340/1340/1340 1338/1338/1338 1337/1337/1337
f 1341/1341/1341 1342/1342/1342 1343/1343/1343
f 1341/1341/1341 1343/1343/1343 1344/1344/1344
f 1345/1345/1345 1346/1346/1346 1350/1350/1350
f 1345/1345/1345 1350/1350/1350 1349/1349/1349
f 1346/1346/1346 1347/1347/1347 1351/1351/1351
f 1346/1346/1346 1351/1351/1351 1350/1350/1350
f 1347/1347/1347 1348/1348/1348 1352/1352/1352
f 1347/1347/1347 1352/1352/1352 1351/1351/1351
f 1348/1348/1348 1345/1345/1345 1349/1349/1349
f 1348/1348/1348 1349/1349/1349 1352/1352/1352
f 1348/1348/1348 1347/1347/1347 1346/1346/1346
f 1348/1348/1348 1346/1346/1346 1345/1345/1345
f 1349/1349/1349 1350/1350/1350 1351/1351/1351
f 1349/1349/1349 1351/1351/1351 1352/1352/1352
f 1353/1353/1353 1354/1354/1354 1358/1358/1358
f 1353/1353/1353 1358/1358/1358 1357/1357/1357
f 1354/1354/1354 1355/1355/1355 1359/1359/1359
f 1354/1354/1354 1359/1359/1359 1358/1358/1358
f 1355/1355/1355 1356/1356/1356 1360/1360/1360
f 1355/1355/1355 1360/1360/1360 1359/1359/1359
f 1356/1356/1356 1353/1353/1353 1357/1357/1357
f 1356/1356/1356 1357/1357/1357 1360/1360/1360
f 1356/1356/1356 1355/1355/1355 1354/1354/1354
f 1356/1356/1356 1354/1354/1354 1353/1353/1353
f 1357/1357/1357 1358/1358/1358 1359/1359/1359
f 1357/1357/1357 1359/1359/1359 1360/1360/1360
f 1361/1361/1361 1362/1362/1362 1366/1366/1366
f 1361/1361/1361 1366/1366/1366 1365/1365/1365
f 1362/1362/1362 1363/1363/1363 1367/1367/1367
f 1362/1362/1362 1367/1367/1367 1366/1366/1366
f 1363/1363/1363 1364/1364/1364 1368/1368/1368
f 1363/1363/1363 1368/1368/1368 1367/1367/1367
f 1364/1364/1364 1361/1361/1361 1365/1365/1365
f 1364/1364/1364 1365/1365/1365 1368/1368/1368
f 1364/1364/1364 1363/1363/1363 1362/1362/1362
f 1364/1364/1364 1362/1362/1362 1361/1361/1361
f 1365/1365/1365 1366/1366/1366 1367/1367/1367
f 1365/1365/1365 1367/1367/1367 1368/1368/1368
f 1369/1369/1369 1370/1370/1370 1374/1374/1374
f 1369/1369/1369 1374/1374/1374 1373/1373/1373
f 1370/1370/1370 1371/1371/1371 1375/1375/1375
f 1370/1370/1370 1375/1375/1375 1374/1374/1374
f 1371/1371/1371 1372/1372/1372 1376/1376/1376
f 1371/1371/1371 1376/1376/1376 1375/1375/1375
f 1372/1372/1372 1369/1369/1369 1373/1373/1373
f 1372/1372/1372 1373/1373/1373 1376/1376/1376
f 1372/1372/1372 1371/1371/1371 1370/1370/1370
f 1372/1372/1372 1370/1370/1370 1369/1369/1369
f 1373/1373/1373 1374/1374/1374 1375/1375/1375
f 1373/1373/1373 1375/1375/1375 1376/1376/1376
f 1377/1377/1377 1378/1378/1378 1382/1382/1382
f 1377/1377/1377 1382/1382/1382 1381/1381/1381
f 1378/1378/1378 1379/1379/1379 1383/1383/1383
f 1378/1378/1378 1383/1383/1383 1382/1382/1382
f 1379/1379/1379 1380/1380/1380 1384/1384/1384
f 1379/1379/1379 1384/1384/1384 1383/1383/1383
f 1380/1380/1380 1377/1377/1377 1381/1381/1381
f 1380/1380/1380 1381/1381/1381 1384/1384/1384
f 1380/1380/1380 1379/1379/1379 1378/1378/1378
f 1380/1380/1380 1378/1378/1378 1377/1377/1377
f 1381/1381/1381 1382/1382/1382 1383/1383/1383
f 1381/1381/1381 1383/1383/1383 1384/1384/1384
f 1385/1385/1385 1386/1386/1386 1390/1390/1390
f 1385/1385/1385 1390/1390/1390 1389/1389/1389
f 1386/1386/1386 1387/1387/1387 1391/1391/1391
f 1386/1386/1386 1391/1391/1391 1390/1390/1390
f 1387/1387/1387 1388/1388/1388 1392/1392/1392
f 1387/1387/1387 1392/1392/1392 1391/1391/1391
f 1388/1388/1388 1385/1385/1385 1389/1389/1389
f 1388/1388/1388 1389/1389/1389 1392/1392/1392
f 1388/1388/1388 1387/1387/1387 1386/1386/1386
f 1388/1388/1388 1386/1386/1386 1385/1385/1385
f 1389/1389/1389 1390/1390/1390 1391/1391/1391
f 1389/1389/1389 1391/1391/1391 1392/1392/1392
f 1393/1393/1393 1394/1394/1394 1398/1398/1398
f 1393/1393/1393 1398/1398/1398 1397/1397/1397
f 1394/1394/1394 1395/1395/1395 1399/1399/1399
f 1394/1394/1394 1399/1399/1399 1398/1398/1398
f 1395/1395/1395 1396/1396/1396 1400/1400/1400
f 1395/1395/1395 1400/1400/1400 1399/1399/1399
f 1396/1396/1396 1393/1393/1393 1397/1397/1397
f 1396/1396/1396 1397/1397/1397 1400/1400/1400
f 1396/1396/1396 1395/1395/1395 1394/1394/1394
f 1396/1396/1396 1394/1394/1394 1393/1393/1393
f 1397/1397/1397 1398/1398/1398 1399/1399/1399
f 1397/1397/1397 1399/1399/1399 1400/1400/1400
f 1401/1401/1401 1402/1402/1402 1406/1406/1406
f 1401/1401/1401 1406/1406/1406 1405/1405/1405
f 1402/1402/1402 1403/1403/1403 1407/1407/1407
f 1402/1402/1402 1407/1407/1407 1406/1406/1406
f 1403/1403/1403 1404/1404/1404 1408/1408/1408
f 1403/1403/1403 1408/1408/1408 1407/1407/1407
f 1404/1404/1404 1401/1401/1401 1405/1405/1405
f 1404/1404/1404 1405/1405/1405 1408/1408/1408
f 1404/1404/1404 1403/1403/1403 1402/1402/1402
f 1404/1404/1404 1402/1402/1402 1401/1401/1401
f 1405/1405/1405 1406/1406/1406 1407/1407/1407
f 1405/1405/1405 1407/1407/1407 1408/1408/1408
f 1409/1409/1409 1410/1410/1410 1414/1414/1414
f 1409/1409/1409 1414/1414/1414 1413/1413/1413
f 1410/1410/1410 1411/1411/1411 1415/1415/1415
f 1410/1410/1410 1415/1415/1415 1414/1414/1414
f 1411/1411/1411 1412/1412/1412 1416/1416/1416
f 1411/1411/1411 1416/1416/1416 1415/1415/1415
f 1412/1412/1412 1409/1409/1409 1413/1413/1413
f 1412/1412/1412 1413/1413/1413 1416/1416/1416
f 1412/1412/1412 1411/1411/1411 1410/1410/1410
f 1412/1412/1412 1410/1410/1410 1409/1409/1409
f 1413/1413/1413 1414/1414/1414 1415/1415/1415
f 1413/1413/1413 1415/1415/1415 1416/1416/1416
f 1417/1417/1417 1418/1418/1418 1422/1422/1422
f 1417/1417/1417 1422/1422/1422 1421/1421/1421
f 1418/1418/1418 1419/1419/1419 1423/1423/1423
f 1418/1418/1418 1423/1423/1423 1422/1422/1422
f 1419/1419/1419 1420/1420/1420 1424/1424/1424
f 1419/1419/1419 1424/1424/1424 1423/1423/1423
f 1420/1420/1420 1417/1417/1417 1421/1421/1421
f 1420/1420/1420 1421/1421/1421 1424/1424/1424
f 1420/1420/1420 1419/1419/1419 1418/1418/1418
f 1420/1420/1420 1418/1418/1418 1417/1417/1417
f 1421/1421/1421 1422/1422/1422 1423/1423/1423
f 1421/1421/1421 1423/1423/1423 1424/1424/1424
f 1425/1425/1425 1426/1426/1426 1430/1430/1430
f 1425/1425/1425 1430/1430/1430 1429/1429/1429
f 1426/1426/1426 1427/1427/1427 1431/1431/1431
f 1426/1426/1426 1431/1431/1431 1430/1430/1430
f 1427/1427/1427 1428/1428/1428 1432/1432/1432
f 1427/1427/1427 1432/1432/1432 1431/1431/1431
f 1428/1428/1428 1425/1425/1425 1429/1429/1429
f 1428/1428/1428 1429/1429/1429 1432/1432/1432
f 1428/1428/1428 1427/1427/1427 1426/1426/1426
f 1428/1428/1428 1426/1426/1426 1425/1425/1425
f 1429/1429/1429 1430/1430/1430 1431/1431/1431
f 1429/1429/1429 1431/1431/1431 1432/1432/1432
f 1433/1433/1433 1434/1434/1434 1438/1438/1438
f 1433/1433/1433 1438/1438/1438 1437/1437/1437
f 1434/1434/1434 1435/1435/1435 1439/1439/1439
f 1434/1434/1434 1439/1439/1439 1438/1438/1438
f 1435/1435/1435 1436/1436/1436 1440/1440/1440
f 1435/1435/1435 1440/1440/1440 1439/1439/1439
f 1436/1436/1436 1433/1433/1433 1437/1437/1437
f 1436/1436/1436 1437/1437/1437 1440/1440/1440
f 1436/1436/1436 1435/1435/1435 1434/1434/1434
f 1436/1436/1436 1434/1434/1434 1433/1433/1433
f 1437/1437/1437 1438/1438/1438 1439/1439/1439
f 1437/1437/1437 1439/1439/1439 1440/1440/1440
f 1441/1441/1441 1442/1442/1442 1443/1443/1443
f 1441/1441/1441 1443/1443/1443 1444/1444/1444
f 1445/1445/1445 1446/1446/1446 1447/1447/1447
f 1445/1445/1445 1447/1447/1447 1448/1448/1448
f 1449/1449/1449 1450/1450/1450 1451/1451/1451
f 1449/1449/1449 1451/1451/1451 1452/1452/1452
f 1453/1453/1453 1454/1454/1454 1455/1455/1455
f 1453/1453/1453 1455/1455/1455 1456/1456/1456
f 1457/1457/1457 1458/1458/1458 1459/1459/1459
f 1457/1457/1457 1459/1459/1459 1460/1460/1460
f 1461/1461/1461 1462/1462/1462 1463/1463/1463
f 1461/1461/1461 1463/1463/1463 1464/1464/1464
f 1465/1465/1465 1466/1466/1466 1467/1467/1467
f 1465/1465/1465 1467/1467/1467 1468/1468/1468
f 1469/1469/1469 1470/1470/1470 1471/1471/1471
f 1469/1469/1469 1471/1471/1471 1472/1472/1472
f 1473/1473/1473 1474/1474/1474 1475/1475/1475
f 1473/1473/1473 1475/1475/1475 1476/1476/1476
f 1477/1477/1477 1478/1478/1478 1479/1479/1479
f 1477/1477/1477 1479/1479/1479 1480/1480/1480
f 1481/1481/1481 1482/1482/1482 1483/1483/1483
f 1481/1481/1481 1483/1483/1483 1484/1484/1484
f 1485/1485/1485 1486/1486/1486 1487/1487/1487
f 1485/1485/1485 1487/1487/1487 1488/1488/1488
f 1489/1489/1489 1490/1490/1490 1491/1491/1491
f 1489/1489/1489 1491/1491/1491 1492/1492/1492
f 1493/1493/1493 1494/1494/1494 1495/1495/1495
f 1493/1493/1493 1495/1495/1495 1496/1496/1496
f 1497/1497/1497 1498/1498/1498 1499/1499/1499
f 1497/1497/1497 1499/1499/1499 1500/1500/1500
f 1501/1501/1501 1502/1502/1502 1503/1503/1503
f 1501/1501/1501 1503/1503/1503 1504/1504/1504
f 1505/1505/1505 1506/1506/1506 1507/1507/1507
f 1505/1505/1505 1507/1507/1507 1508/1508/1508
f 1509/1509/1509 1510/1510/1510 1511/1511/1511
f 1509/1509/1509 1511/1511/1511 1512/1512/1512
f 1513/1513/1513 1514/1514/1514 1515/1515/1515
f 1513/1513/1513 1515/1515/1515 1516/1516/1516
f 1517/1517/1517 1518/1518/1518 1519/1519/1519
f 1517/1517/1517 1519/1519/1519 1520/1520/1520
f 1521/1521/1521 1522/1522/1522 1523/1523/1523
f 1521/1521/1521 1523/1523/1523 1524/1524/1524
f 1525/1525/1525 1526/1526/1526 1527/1527/1527
f 1525/1525/1525 1527/1527/1527 1528/1528/1528
f 1529/1529/1529 1530/1530/1530 1531/1531/1531
f 1529/1529/1529 1531/1531/1531 1532/1532/1532
f 1533/1533/1533 1534/1534/1534 1535/1535/1535
f 1533/1533/1533 1535/1535/1535 1536/1536/1536
f 1537/1537/1537 1538/1538/1538 1539/1539/1539
f 1537/1537/1537 1539/1539/1539 1540/1540/1540
f 1541/1541/1541 1542/1542/1542 1543/1543/1543
f 1541/1541/1541 1543/1543/1543 1544/1544/1544
f 1545/1545/1545 1546/1546/1546 1547/1547/1547
f 1545/1545/1545 1547/1547/1547 1548/1548/1548
f 1549/1549/1549 1550/1550/1550 1551/1551/1551
f 1549/1549/1549 1551/1551/1551 1552/1552/1552
f 1553/1553/1553 1554/1554/1554 1555/1555/1555
f 1553/1553/1553 1555/1555/1555 1556/1556/1556
f 1557/1557/1557 1558/1558/1558 1559/1559/1559
f 1557/1557/1557 1559/1559/1559 1560/1560/1560
f 1561/1561/1561 1562/1562/1562 1563/1563/1563
f 1561/1561/1561 1563/1563/1563 1564/1564/1564
f 1565/1565/1565 1566/1566/1566 1567/1567/1567
f 1565/1565/1565 1567/1567/1567 1568/1568/1568
f 1569/1569/1569 1570/1570/1570 1571/1571/1571
f 1569/1569/1569 1571/1571/1571 1572/1572/1572
f 1573/1573/1573 1574/1574/1574 1575/1575/1575
f 1573/1573/1573 1575/1575/1575 1576/1576/1576
f 1577/1577/1577 1578/1578/1578 1579/1579/1579
f 1577/1577/1577 1579/1579/1579 1580/1580/1580
f 1581/1581/1581 1582/1582/1582 1583/1583/1583
f 1581/1581/1581 1583/1583/1583 1584/1584/1584
f 1585/1585/1585 1586/1586/1586 1587/1587/1587
f 1585/1585/1585 1587/1587/1587 1588/1588/1588
f 1589/1589/1589 1590/1590/1590 1591/1591/1591
f 1589/1589/1589 1591/1591/1591 1592/1592/1592
f 1593/1593/1593 1594/1594/1594 1595/1595/1595
f 1593/1593/1593 1595/1595/1595 1596/1596/1596
f 1597/1597/1597 1598/1598/1598 1599/1599/1599
f 1597/1597/1597 1599/1599/1599 1600/1600/1600
f 1601/1601/1601 1602/1602/1602 1603/1603/1603
f 1601/1601/1601 1603/1603/1603 1604/1604/1604
f 1605/1605/1605 1606/1606/1606 1607/1607/1607
f 1605/1605/1605 1607/1607/1607 1608/1608/1608
f 1609/1609/1609 1610/1610/1610 1611/1611/1611
f 1609/1609/1609 1611/1611/1611 1612/1612/1612
f 1613/1613/1613 1614/1614/1614 1615/1615/1615
f 1613/1613/1613 1615/1615/1615 1616/1616/1616
f 1617/1617/1617 1618/1618/1618 1619/1619/1619
f 1617/1617/1617 1619/1619/1619 1620/1620/1620
f 1621/1621/1621 1622/1622/1622 1623/1623/1623
f 1621/1621/1621 1623/1623/1623 1624/1624/1624
f 1625/1625/1625 1626/1626/1626 1627/1627/1627
f 1625/1625/1625 1627/1627/1627 1628/1628/1628
f 1629/1629/1629 1630/1630/1630 1631/1631/1631
f 1629/1629/1629 1631/1631/1631 1632/1632/1632
f 1633/1633/1633 1634/1634/1634 1635/1635/1635
f 1633/1633/1633 1635/1635/1635 1636/1636/1636
f 1637/1637/1637 1638/1638/1638 1639/1639/1639
f 1637/1637/1637 1639/1639/1639 1640/1640/1640
f 1641/1641/1641 1642/1642/1642 1643/1643/1643
f 1641/1641/1641 1643/1643/1643 1644/1644/1644
f 1645/1645/1645 1646/1646/1646 1647/1647/1647
f 1645/1645/1645 1647/1647/1647 1648/1648/1648
f 1649/1649/1649 1650/1650/1650 1651/1651/1651
f 1649/1649/1649 1651/1651/1651 1652/1652/1652
f 1653/1653/1653 1654/1654/1654 1655/1655/1655
f 1653/1653/1653 1655/1655/1655 1656/1656/1656
f 1657/1657/1657 1658/1658/1658 1659/1659/1659
f 1657/1657/1657 1659/1659/1659 1660/1660/1660
f 1661/1661/1661 1662/1662/1662 1663/1663/1663
f 1661/1661/1661 1663/1663/1663 1664/1664/1664
f 1665/1665/1665 1666/1666/1666 1667/1667/1667
f 1665/1665/1665 1667/1667/1667 1668/1668/1668
f 1669/1669/1669 1670/1670/1670 1671/1671/1671
f 1669/1669/1669 1671/1671/1671 1672/1672/1672
f 1673/1673/1673 1674/1674/1674 1675/1675/1675
f 1673/1673/1673 1675/1675/1675 1676/1676/1676
f 1677/1677/1677 1678/1678/1678 1679/1679/1679
f 1677/1677/1677 1679/1679/1679 1680/1680/1680
f 1681/1681/1681 1682/1682/1682 1683/1683/1683
f 1681/1681/1681 1683/1683/1683 1684/1684/1684
f 1685/1685/1685 1686/1686/1686 1687/1687/1687
f 1685/1685/1685 1687/1687/1687 1688/1688/1688
f 1689/1689/1689 1690/1690/1690 1691/1691/1691
f 1689/1689/1689 1691/1691/1691 1692/1692/1692
f 1693/1693/1693 1694/1694/1694 1695/1695/1695
f 1693/1693/1693 1695/1695/1695 1696/1696/1696
f 1697/1697/1697 1698/1698/1698 1699/1699/1699
f 1697/1697/1697 1699/1699/1699 1700/1700/1700
f 1701/1701/1701 1702/1702/1702 1703/1703/1703
f 1701/1701/1701 1703/1703/1703 1704/1704/1704
f 1705/1705/1705 1706/1706/1706 1707/1707/1707
f 1705/1705/1705 1707/1707/1707 1708/1708/1708
f 1709/1709/1709 1710/1710/1710 1711/1711/1711
f 1709/1709/1709 1711/1711/1711 1712/1712/1712
f 1713/1713/1713 1714/1714/1714 1715/1715/1715
f 1713/1713/1713 1715/1715/1715 1716/1716/1716
f 1717/1717/1717 1718/1718/1718 1719/1719/1719
f 1717/1717/1717 1719/1719/1719 1720/1720/1720
f 1721/1721/1721 1722/1722/1722 1723/1723/1723
f 1721/1721/1721 1723/1723/1723 1724/1724/1724
f 1725/1725/1725 1726/1726/1726 1727/1727/1727
f 1725/1725/1725 1727/1727/1727 1728/1728/1728
f 1729/1729/1729 1730/1730/1730 1731/1731/1731
f 1729/1729/1729 1731/1731/1731 1732/1732/1732
f 1733/1733/1733 1734/1734/1734 1735/1735/1735
f 1733/1733/1733 1735/1735/1735 1736/1736/1736
f 1737/1737/1737 1738/1738/1738 1739/1739/1739
f 1737/1737/1737 1739/1739/1739 1740/1740/1740
f 1741/1741/1741 1742/1742/1742 1743/1743/1743
f 1741/1741/1741 1743/1743/1743 1744/1744/1744
f 1745/1745/1745 1746/1746/1746 1747/1747/1747
f 1745/1745/1745 1747/1747/1747 1748/1748/1748
f 1749/1749/1749 1750/1750/1750 1751/1751/1751
f 1749/1749/1749 1751/1751/1751 1752/1752/1752
f 1753/1753/1753 1754/1754/1754 1755/1755/1755
f 1753/1753/1753 1755/1755/1755 1756/1756/1756
f 1757/1757/1757 1758/1758/1758 1759/1759/1759
f 1757/1757/1757 1759/1759/1759 1760/1760/1760
f 1761/1761/1761 1762/1762/1762 1763/1763/1763
f 1761/1761/1761 1763/1763/1763 1764/1764/1764
f 1765/1765/1765 1766/1766/1766 1767/1767/1767
f 1765/1765/1765 1767/1767/1767 1768/1768/1768
f 1769/1769/1769 1770/1770/1770 1771/1771/1771
f 1769/1769/1769 1771/1771/1771 1772/1772/1772
f 1773/1773/1773 1774/1774/1774 1775/1775/1775
f 1773/1773/1773 1775/1775/1775 1776/1776/1776
f 1777/1777/1777 1778/1778/1778 1779/1779/1779
f 1777/1777/1777 1779/1779/1779 1780/1780/1780
f 1781/1781/1781 1782/1782/1782 1783/1783/1783
f 1781/1781/1781 1783/1783/1783 1784/1784/1784
f 1785/1785/1785 1786/1786/1786 1787/1787/1787
f 1785/1785/1785 1787/1787/1787 1788/1788/1788
f 1789/1789/1789 1790/1790/1790 1791/1791/1791
f 1789/1789/1789 1791/1791/1791 1792/1792/1792
f 1793/1793/1793 1794/1794/1794 1795/1795/1795
f 1793/1793/1793 1795/1795/1795 1796/1796/1796
f 1797/1797/1797 1798/1798/1798 1799/1799/1799
f 1797/1797/1797 1799/1799/1799 1800/1800/1800
f 1801/1801/1801 1802/1802/1802 1803/1803/1803
f 1801/1801/1801 1803/1803/1803 1804/1804/1804
f 1805/1805/1805 1806/1806/1806 1807/1807/1807
f 1805/1805/1805 1807/1807/1807 1808/1808/1808
f 1809/1809/1809 1810/1810/1810 1811/1811/1811
f 1809/1809/1809 1811/1811/1811 1812/1812/1812
f 1813/1813/1813 1814/1814/1814 1815/1815/1815
f 1813/1813/1813 1815/1815/1815 1816/1816/1816
f 1817/1817/1817 1818/1818/1818 1819/1819/1819
f 1817/1817/1817 1819/1819/1819 1820/1820/1820
f 1821/1821/1821 1822/1822/1822 1823/1823/1823
f 1821/1821/1821 1823/1823/1823 1824/1824/1824
f 1825/1825/1825 1826/1826/1826 1827/1827/1827
f 1825/1825/1825 1827/1827/1827 1828/1828/1828
f 1829/1829/1829 1830/1830/1830 1831/1831/1831
f 1829/1829/1829 1831/1831/1831 1832/1832/1832
f 1833/1833/1833 1834/1834/1834 1835/1835/1835
f 1833/1833/1833 1835/1835/1835 1836/1836/1836
f 1837/1837/1837 1838/1838/1838 1839/1839/1839
f 1837/1837/1837 1839/1839/1839 1840/1840/1840
f 1841/1841/1841 1842/1842/1842 1843/1843/1843
f 1841/1841/1841 1843/1843/1843 1844/1844/1844
f 1845/1845/1845 1846/1846/1846 1847/1847/1847
f 1845/1845/1845 1847/1847/1847 1848/1848/1848
f 1849/1849/1849 1850/1850/1850 1851/1851/1851
f 1849/1849/1849 1851/1851/1851 1852/1852/1852
f 1853/1853/1853 1854/1854/1854 1855/1855/1855
f 1853/1853/1853 1855/1855/1855 1856/1856/1856
f 1857/1857/1857 1858/1858/1858 1859/1859/1859
f 1857/1857/1857 1859/1859/1859 1860/1860/1860
f 1861/1861/1861 1862/1862/1862 1863/1863/1863
f 1861/1861/1861 1863/1863/1863 1864/1864/1864
f 1865/1865/1865 1866/1866/1866 1867/1867/1867
f 1865/1865/1865 1867/1867/1867 1868/1868/1868
f 1869/1869/1869 1870/1870/1870 1871/1871/1871
f 1869/1869/1869 1871/1871/1871 1872/1872/1872
f 1873/1873/1873 1874/1874/1874 1875/1875/1875
f 1873/1873/1873 1875/1875/1875 1876/1876/1876
f 1877/1877/1877 1878/1878/1878 1879/1879/1879
f 1877/1877/1877 1879/1879/1879 1880/1880/1880
f 1881/1881/1881 1882/1882/1882 1883/1883/1883
f 1881/1881/1881 1883/1883/1883 1884/1884/1884
f 1885/1885/1885 1886/1886/1886 1887/1887/1887
f 1885/1885/1885 1887/1887/1887 1888/1888/1888
f 1889/1889/1889 1890/1890/1890 1891/1891/1891
f 1889/1889/1889 1891/1891/1891 1892/1892/1892
f 1893/1893/1893 1894/1894/1894 1895/1895/1895
f 1893/1893/1893 1895/1895/1895 1896/1896/1896
f 1897/1897/1897 1898/1898/1898 1899/1899/1899
f 1897/1897/1897 1899/1899/1899 1900/1900/1900
f 1901/1901/1901 1902/1902/1902 1903/1903/1903
f 1901/1901/1901 1903/1903/1903 1904/1904/1904
f 1905/1905/1905 1906/1906/1906 1907/1907/1907
f 1905/1905/1905 1907/1907/1907 1908/1908/1908
f 1909/1909/1909 1910/1910/1910 1911/1911/1911
f 1909/1909/1909 1911/1911/1911 1912/1912/1912
f 1913/1913/1913 1914/1914/1914 1915/1915/1915
f 1913/1913/1913 1915/1915/1915 1916/1916/1916
f 1917/1917/1917 1918/1918/1918 1919/1919/1919
f 1917/1917/1917 1919/1919/1919 1920/1920/1920
f 1921/1921/1921 1922/1922/1922 1923/1923/1923
f 1921/1921/1921 1923/1923/1923 1924/1924/1924
f 1925/1925/1925 1926/1926/1926 1927/1927/1927
f 1925/1925/1925 1927/1927/1927 1928/1928/1928
f 1929/1929/1929 1930/1930/1930 1931/1931/1931
f 1929/1929/1929 1931/1931/1931 1932/1932/1932
f 1933/1933/1933 1934/1934/1934 1935/1935/1935
f 1933/1933/1933 1935/1935/1935 1936/1936/1936
f 1937/1937/1937 1938/1938/1938 1939/1939/1939
f 1937/1937/1937 1939/1939/1939 1940/1940/1940
f 1941/1941/1941 1942/1942/1942 1943/1943/1943
f 1941/1941/1941 1943/1943/1943 1944/1944/1944
f 1945/1945/1945 1946/1946/1946 1947/1947/1947
f 1945/1945/1945 1947/1947/1947 1948/1948/1948
f 1949/1949/1949 1950/1950/1950 1951/1951/1951
f 1949/1949/1949 1951/1951/1951 1952/1952/1952
f 1953/1953/1953 1954/1954/1954 1955/1955/1955
f 1953/1953/1953 1955/1955/1955 1956/1956/1956
f 1957/1957/1957 1958/1958/1958 1959/1959/1959
f 1957/1957/1957 1959/1959/1959 1960/1960/1960
f 1961/1961/1961 1962/1962/1962 1963/1963/1963
f 1961/1961/1961 1963/1963/1963 1964/1964/1964
f 1965/1965/1965 1966/1966/1966 1967/1967/1967
f 1965/1965/1965 1967/1967/1967 1968/1968/1968
f 1969/1969/1969 1970/1970/1970 1971/1971/1971
f 1969/1969/1969 1971/1971/1971 1972/1972/1972
f 1973/1973/1973 1974/1974/1974 1975/1975/1975
f 1973/1973/1973 1975/1975/1975 1976/1976/1976
f 1977/1977/1977 1978/1978/1978 1979/1979/1979
f 1977/1977/1977 1979/1979/1979 1980/1980/1980
f 1981/1981/1981 1982/1982/1982 1983/1983/1983
f 1981/1981/1981 1983/1983/1983 1984/1984/1984
f 1985/1985/1985 1986/1986/1986 1987/1987/1987
f 1985/1985/1985 1987/1987/1987 1988/1988/1988
f 1989/1989/1989 1990/1990/1990 1991/1991/1991
f 1989/1989/1989 1991/1991/1991 1992/1992/1992
f 1993/1993/1993 1994/1994/1994 1995/1995/1995
f 1993/1993/1993 1995/1995/1995 1996/1996/1996
f 1997/1997/1997 1998/1998/1998 1999/1999/1999
f 1997/1997/1997 1999/1999/1999 2000/2000/2000
f 2001/2001/2001 2002/2002/2002 2003/2003/2003
f 2001/2001/2001 2003/2003/2003 2004/2004/2004
f 2005/2005/2005 2006/2006/2006 2007/2007/2007
f 2005/2005/2005 2007/2007/2007 2008/2008/2008
f 2009/2009/2009 2010/2010/2010 2011/2011/2011
f 2009/2009/2009 2011/2011/2011 2012/2012/2012
f 2013/2013/2013 2014/2014/2014 2015/2015/2015
f 2013/2013/2013 2015/2015/2015 2016/2016/2016
f 2017/2017/2017 2018/2018/2018 2019/2019/2019
f 2017/2017/2017 2019/2019/2019 2020/2020/2020
f 2021/2021/2021 2022/2022/2022 2023/2023/2023
f 2021/2021/2021 2023/2023/2023 2024/2024/2024
f 2025/2025/2025 2026/2026/2026 2027/2027/2027
f 2025/2025/2025 2027/2027/2027 2028/2028/2028
f 2029/2029/2029 2030/2030/2030 2031/2031/2031
f 2029/2029/2029 2031/2031/2031 2032/2032/2032
f 2033/2033/2033 2034/2034/2034 2035/2035/2035
f 2033/2033/2033 2035/2035/2035 2036/2036/2036
f 2037/2037/2037 2038/2038/2038 2039/2039/2039
f 2037/2037/2037 2039/2039/2039 2040/2040/2040
f 2041/2041/2041 2042/2042/2042 2046/2046/2046
f 2041/2041/2041 2046/2046/2046 2045/2045/2045
f 2042/2042/2042 2043/2043/2043 2047/2047/2047
f 2042/2042/2042 2047/2047/2047 2046/2046/2046
f 2043/2043/2043 2044/2044/2044 2048/2048/2048
f 2043/2043/2043 2048/2048/2048 2047/2047/2047
f 2044/2044/2044 2041/2041/2041 2045/2045/2045
f 2044/2044/2044 2045/2045/2045 2048/2048/2048
f 2044/2044/2044 2043/2043/2043 2042/2042/2042
f 2044/2044/2044 2042/2042/2042 2041/2041/2041
f 2045/2045/2045 2046/2046/2046 2047/2047/2047
f 2045/2045/2045 2047/2047/2047 2048/2048/2048
f 2049/2049/2049 2050/2050/2050 2054/2054/2054
f 2049/2049/2049 2054/2054/2054 2053/2053/2053
f 2050/2050/2050 2051/2051/2051 2055/2055/2055
f 2050/2050/2050 2055/2055/2055 2054/2054/2054
f 2051/2051/2051 2052/2052/2052 2056/2056/2056
f 2051/2051/2051 2056/2056/2056 2055/2055/2055
f 2052/2052/2052 2049/2049/2049 2053/2053/2053
f 2052/2052/2052 2053/2053/2053 2056/2056/2056
f 2052/2052/2052 2051/2051/2051 2050/2050/2050
f 2052/2052/2052 2050/2050/2050 2049/2049/2049
f 2053/2053/2053 2054/2054/2054 2055/2055/2055
f 2053/2053/2053 2055/2055/2055 2056/2056/2056
f 2057/2057/2057 2058/2058/2058 2062/2062/2062
f 2057/2057/2057 2062/2062/2062 2061/2061/2061
f 2058/2058/2058 2059/2059/2059 2063/2063/2063
f 2058/2058/2058 2063/2063/2063 2062/2062/2062
f 2059/2059/2059 2060/2060/2060 2064/2064/2064
f 2059/2059/2059 2064/2064/2064 2063/2063/2063
f 2060/2060/2060 2057/2057/2057 2061/2061/2061
f 2060/2060/2060 2061/2061/2061 2064/2064/2064
f 2060/2060/2060 2059/2059/2059 2058/2058/2058
f 2060/2060/2060 2058/2058/2058 2057/2057/2057
f 2061/2061/2061 2062/2062/2062 2063/2063/2063
f 2061/2061/2061 2063/2063/2063 2064/2064/2064
f 2065/2065/2065 2066/2066/2066 2070/2070/2070
f 2065/2065/2065 2070/2070/2070 2069/2069/2069
f 2066/2066/2066 2067/2067/2067 2071/2071/2071
f 2066/2066/2066 2071/2071/2071 2070/2070/2070
f 2067/2067/2067 2068/2068/2068 2072/2072/2072
f 2067/2067/2067 2072/2072/2072 2071/2071/2071
f 2068/2068/2068 2065/2065/2065 2069/2069/2069
f 2068/2068/2068 2069/2069/2069 2072/2072/2072
f 2068/2068/2068 2067/2067/2067 2066/2066/2066
f 2068/2068/2068 2066/2066/2066 2065/2065/2065
f 2069/2069/2069 2070/2070/2070 2071/2071/2071
f 2069/2069/2069 2071/2071/2071 2072/2072/2072
f 2073/2073/2073 2074/2074/2074 2078/2078/2078
f 2073/2073/2073 2078/2078/2078 2077/2077/2077
f 2074/2074/2074 2075/2075/2075 2079/2079/2079
f 2074/2074/2074 2079/2079/2079 2078/2078/2078
f 2075/2075/2075 2076/2076/2076 2080/2080/2080
f 2075/2075/2075 2080/2080/2080 2079/2079/2079
f 2076/2076/2076 2073/2073/2073 2077/2077/2077
f 2076/2076/2076 2077/2077/2077 2080/2080/2080
f 2076/2076/2076 2075/2075/2075 2074/2074/2074
f 2076/2076/2076 2074/2074/2074 2073/2073/2073
f 2077/2077/2077 2078/2078/2078 2079/2079/2079
f 2077/2077/2077 2079/2079/2079 2080/2080/2080
f 2081/2081/2081 2082/2082/2082 2086/2086/2086
f 2081/2081/2081 2086/2086/2086 2085/2085/2085
f 2082/2082/2082 2083/2083/2083 2087/2087/2087
f 2082/2082/2082 2087/2087/2087 2086/2086/2086
f 2083/2083/2083 2084/2084/2084 2088/2088/2088
f 2083/2083/2083 2088/2088/2088 2087/2087/2087
f 2084/2084/2084 2081/2081/2081 2085/2085/2085
f 2084/2084/2084 2085/2085/2085 2088/2088/2088
f 2084/2084/2084 2083/2083/2083 2082/2082/2082
f 2084/2084/2084 2082/2082/2082 2081/2081/2081
f 2085/2085/2085 2086/2086/2086 2087/2087/2087
f 2085/2085/2085 2087/2087/2087 2088/2088/2088
f 2089/2089/2089 2090/2090/2090 2094/2094/2094
f 2089/2089/2089 2094/2094/2094 2093/2093/2093
f 2090/2090/2090 2091/2091/2091 2095/2095/2095
f 2090/2090/2090 2095/2095/2095 2094/2094/2094
f 2091/2091/2091 2092/2092/2092 2096/2096/2096
f 2091/2091/2091 2096/2096/2096 2095/2095/2095
f 2092/2092/2092 2089/2089/2089 2093/2093/2093
f 2092/2092/2092 2093/2093/2093 2096/2096/2096
f 2092/2092/2092 2091/2091/2091 2090/2090/2090
f 2092/2092/2092 2090/2090/2090 2089/2089/2089
f 2093/2093/2093 2094/2094/2094 2095/2095/2095
f 2093/2093/2093 2095/2095/2095 2096/2096/2096
f 2097/2097/2097 2098/2098/2098 2102/2102/2102
f 2097/2097/2097 2102/2102/2102 2101/2101/2101
f 2098/2098/2098 2099/2099/2099 2103/2103/2103
f 2098/2098/2098 2103/2103/2103 2102/2102/2102
f 2099/2099/2099 2100/2100/2100 2104/2104/2104
f 2099/2099/2099 2104/2104/2104 2103/2103/2103
f 2100/2100/2100 2097/2097/2097 2101/2101/2101
f 2100/2100/2100 2101/2101/2101 2104/2104/2104
f 2100/2100/2100 2099/2099/2099 2098/2098/2098
f 2100/2100/2100 2098/2098/2098 2097/2097/2097
f 2101/2101/2101 2102/2102/2102 2103/2103/2103
f 2101/2101/2101 2103/2103/2103 2104/2104/2104
f 2105/2105/2105 2106/2106/2106 2110/2110/2110
f 2105/2105/2105 2110/2110/2110 2109/2109/2109
f 2106/2106/2106 2107/2107/2107 2111/2111/2111
f 2106/2106/2106 2111/2111/2111 2110/2110/2110
f 2107/2107/2107 2108/2108/2108 2112/2112/2112
f 2107/2107/2107 2112/2112/2112 2111/2111/2111
f 2108/2108/2108 2105/2105/2105 2109/2109/2109
f 2108/2108/2108 2109/2109/2109 2112/2112/2112
f 2108/2108/2108 2107/2107/2107 2106/2106/2106
f 2108/2108/2108 2106/2106/2106 2105/2105/2105
f 2109/2109/2109 2110/2110/2110 2111/2111/2111
f 2109/2109/2109 2111/2111/2111 2112/2112/2112
f 2113/2113/2113 2114/2114/2114 2118/2118/2118
f 2113/2113/2113 2118/2118/2118 2117/2117/2117
f 2114/2114/2114 2115/2115/2115 2119/2119/2119
f 2114/2114/2114 2119/2119/2119 2118/2118/2118
f 2115/2115/2115 2116/2116/2116 2120/2120/2120
f 2115/2115/2115 2120/2120/2120 2119/2119/2119
f 2116/2116/2116 2113/2113/2113 2117/2117/2117
f 2116/2116/2116 2117/2117/2117 2120/2120/2120
f 2116/2116/2116 2115/2115/2115 2114/2114/2114
f 2116/2116/2116 2114/2114/2114 2113/2113/2113
f 2117/2117/2117 2118/2118/2118 2119/2119/2119
f 2117/2117/2117 2119/2119/2119 2120/2120/2120
f 2121/2121/2121 2122/2122/2122 2126/2126/2126
f 2121/2121/2121 2126/2126/2126 2125/2125/2125
f 2122/2122/2122 2123/2123/2123 2127/2127/2127
f 2122/2122/2122 2127/2127/2127 2126/2126/2126
f 2123/2123/2123 2124/2124/2124 2128/2128/2128
f 2123/2123/2123 2128/2128/2128 2127/2127/2127
f 2124/2124/2124 2121/2121/2121 2125/2125/2125
f 2124/2124/2124 2125/2125/2125 2128/2128/2128
f 2124/2124/2124 2123/2123/2123 2122/2122/2122
f 2124/2124/2124 2122/2122/2122 2121/2121/2121
f 2125/2125/2125 2126/2126/2126 2127/2127/2127
f 2125/2125/2125 2127/2127/2127 2128/2128/2128
f 2129/2129/2129 2130/2130/2130 2134/2134/2134
f 2129/2129/2129 2134/2134/2134 2133/2133/2133
f 2130/2130/2130 2131/2131/2131 2135/2135/2135
f 2130/2130/2130 2135/2135/2135 2134/2134/2134
f 2131/2131/2131 2132/2132/2132 2136/2136/2136
f 2131/2131/2131 2136/2136/2136 2135/2135/2135
f 2132/2132/2132 2129/2129/2129 2133/2133/2133
f 2132/2132/2132 2133/2133/2133 2136/2136/2136
f 2132/2132/2132 2131/2131/2131 2130/2130/2130
f 2132/2132/2132 2130/2130/2130 2129/2129/2129
f 2133/2133/2133 2134/2134/2134 2135/2135/2135
f 2133/2133/2133 2135/2135/2135 2136/2136/2136
f 2137/2137/2137 2138/2138/2138 2142/2142/2142
f 2137/2137/2137 2142/2142/2142 2141/2141/2141
f 2138/2138/2138 2139/2139/2139 2143/2143/2143
f 2138/2138/2138 2143/2143/2143 2142/2142/2142
f 2139/2139/2139 2140/2140/2140 2144/2144/2144
f 2139/2139/2139 2144/2144/2144 2143/2143/2143
f 2140/2140/2140 2137/2137/2137 2141/2141/2141
f 2140/2140/2140 2141/2141/2141 2144/2144/2144
f 2140/2140/2140 2139/2139/2139 2138/2138/2138
f 2140/2140/2140 2138/2138/2138 2137/2137/2137
f 2141/2141/2141 2142/2142/2142 2143/2143/2143
f 2141/2141/2141 2143/2143/2143 2144/2144/2144
f 2145/2145/2145 2146/2146/2146 2150/2150/2150
f 2145/2145/2145 2150/2150/2150 2149/2149/2149
f 2146/2146/2146 2147/2147/2147 2151/2151/2151
f 2146/2146/2146 2151/2151/2151 2150/2150/2150
f 2147/2147/2147 2148/2148/2148 2152/2152/2152
f 2147/2147/2147 2152/2152/2152 2151/2151/2151
f 2148/2148/2148 2145/2145/2145 2149/2149/2149
f 2148/2148/2148 2149/2149/2149 2152/2152/2152
f 2148/2148/2148 2147/2147/2147 2146/2146/2146
f 2148/2148/2148 2146/2146/2146 2145/2145/2145
f 2149/2149/2149 2150/2150/2150 2151/2151/2151
f 2149/2149/2149 2151/2151/2151 2152/2152/2152
f 2153/2153/2153 2154/2154/2154 2158/2158/2158
f 2153/2153/2153 2158/2158/2158 2157/2157/2157
f 2154/2154/2154 2155/2155/2155 2159/2159/2159
f 2154/2154/2154 2159/2159/2159 2158/2158/2158
f 2155/2155/2155 2156/2156/2156 2160/2160/2160
f 2155/2155/2155 2160/2160/2160 2159/2159/2159
f 2156/2156/2156 2153/2153/2153 2157/2157/2157
f 2156/2156/2156 2157/2157/2157 2160/2160/2160
f 2156/2156/2156 2155/2155/2155 2154/2154/2154
f 2156/2156/2156 2154/2154/2154 2153/2153/2153
f 2157/2157/2157 2158/2158/2158 2159/2159/2159
f 2157/2157/2157 2159/2159/2159 2160/2160/2160
f 2161/2161/2161 2162/2162/2162 2166/2166/2166
f 2161/2161/2161 2166/2166/2166 2165/2165/2165
f 2162/2162/2162 2163/2163/2163 2167/2167/2167
f 2162/2162/2162 2167/2167/2167 2166/2166/2166
f 2163/2163/2163 2164/2164/2164 2168/2168/2168
f 2163/2163/2163 2168/2168/2168 2167/2167/2167
f 2164/2164/2164 2161/2161/2161 2165/2165/2165
f 2164/2164/2164 2165/2165/2165 2168/2168/2168
f 2164/2164/2164 2163/2163/2163 2162/2162/2162
f 2164/2164/2164 2162/2162/2162 2161/2161/2161
f 2165/2165/2165 2166/2166/2166 2167/2167/2167
f 2165/2165/2165 2167/2167/2167 2168/2168/2168
f 2169/2169/2169 2170/2170/2170 2174/2174/2174
f 2169/2169/2169 2174/2174/2174 2173/2173/2173
f 2170/2170/2170 2171/2171/2171 2175/2175/2175
f 2170/2170/2170 2175/2175/2175 2174/2174/2174
f 2171/2171/2171 2172/2172/2172 2176/2176/2176
f 2171/2171/2171 2176/2176/2176 2175/2175/2175
f 2172/2172/2172 2169/2169/2169 2173/2173/2173
f 2172/2172/2172 2173/2173/2173 2176/2176/2176
f 2172/2172/2172 2171/2171/2171 2170/2170/2170
f 2172/2172/2172 2170/2170/2170 2169/2169/2169
f 2173/2173/2173 2174/2174/2174 2175/2175/2175
f 2173/2173/2173 2175/2175/2175 2176/2176/2176
f 2177/2177/2177 2178/2178/2178 2182/2182/2182
f 2177/2177/2177 2182/2182/2182 2181/2181/2181
f 2178/2178/2178 2179/2179/2179 2183/2183/2183
f 2178/2178/2178 2183/2183/2183 2182/2182/2182
f 2179/2179/2179 2180/2180/2180 2184/2184/2184
f 2179/2179/2179 2184/2184/2184 2183/2183/2183
f 2180/2180/2180 2177/2177/2177 2181/2181/2181
f 2180/2180/2180 2181/2181/2181 2184/2184/2184
f 2180/2180/2180 2179/2179/2179 2178/2178/2178
f 2180/2180/2180 2178/2178/2178 2177/2177/2177
f 2181/2181/2181 2182/2182/2182 2183/2183/2183
f 2181/2181/2181 2183/2183/2183 2184/2184/2184
f 2185/2185/2185 2186/2186/2186 2190/2190/2190
f 2185/2185/2185 2190/2190/2190 2189/2189/2189
f 2186/2186/2186 2187/2187/2187 2191/2191/2191
f 2186/2186/2186 2191/2191/2191 2190/2190/2190
f 2187/2187/2187 2188/2188/2188 2192/2192/2192
f 2187/2187/2187 2192/2192/2192 2191/2191/2191
f 2188/2188/2188 2185/2185/2185 2189/2189/2189
f 2188/2188/2188 2189/2189/2189 2192/2192/2192
f 2188/2188/2188 2187/2187/2187 2186/2186/2186
f 2188/2188/2188 2186/2186/2186 2185/2185/2185
f 2189/2189/2189 2190/2190/2190 2191/2191/2191
f 2189/2189/2189 2191/2191/2191 2192/2192/2192
f 2193/2193/2193 2194/2194/2194 2198/2198/2198
f 2193/2193/2193 2198/2198/2198 2197/2197/2197
f 2194/2194/2194 2195/2195/2195 2199/2199/2199
f 2194/2194/2194 2199/2199/2199 2198/2198/2198
f 2195/2195/2195 2196/2196/2196 2200/2200/2200
f 2195/2195/2195 2200/2200/2200 2199/2199/2199
f 2196/2196/2196 2193/2193/2193 2197/2197/2197
f 2196/2196/2196 2197/2197/2197 2200/2200/2200
f 2196/2196/2196 2195/2195/2195 2194/2194/2194
f 2196/2196/2196 2194/2194/2194 2193/2193/2193
f 2197/2197/2197 2198/2198/2198 2199/2199/2199
f 2197/2197/2197 2199/2199/2199 2200/2200/2200
f 2201/2201/2201 2202/2202/2202 2206/2206/2206
f 2201/2201/2201 2206/2206/2206 2205/2205/2205
f 2202/2202/2202 2203/2203/2203 2207/2207/2207
f 2202/2202/2202 2207/2207/2207 2206/2206/2206
f 2203/2203/2203 2204/2204/2204 2208/2208/2208
f 2203/2203/2203 2208/2208/2208 2207/2207/2207
f 2204/2204/2204 2201/2201/2201 2205/2205/2205
f 2204/2204/2204 2205/2205/2205 2208/2208/2208
f 2204/2204/2204 2203/2203/2203 2202/2202/2202
f 2204/2204/2204 2202/2202/2202 2201/2201/2201
f 2205/2205/2205 2206/2206/2206 2207/2207/2207
f 2205/2205/2205 2207/2207/2207 2208/2208/2208
f 2209/2209/2209 2210/2210/2210 2214/2214/2214
f 2209/2209/2209 2214/2214/2214 2213/2213/2213
f 2210/2210/2210 2211/2211/2211 2215/2215/2215
f 2210/2210/2210 2215/2215/2215 2214/2214/2214
f 2211/2211/2211 2212/2212/2212 2216/2216/2216
f 2211/2211/2211 2216/2216/2216 2215/2215/2215
f 2212/2212/2212 2209/2209/2209 2213/2213/2213
f 2212/2212/2212 2213/2213/2213 2216/2216/2216
f 2212/2212/2212 2211/2211/2211 2210/2210/2210
f 2212/2212/2212 2210/2210/2210 2209/2209/2209
f 2213/2213/2213 2214/2214/2214 2215/2215/2215
f 2213/2213/2213 2215/2215/2215 2216/2216/2216
f 2217/2217/2217 2218/2218/2218 2222/2222/2222
f 2217/2217/2217 2222/2222/2222 2221/2221/2221
f 2218/2218/2218 2219/2219/2219 2223/2223/2223
f 2218/2218/2218 2223/2223/2223 2222/2222/2222
f 2219/2219/2219 2220/2220/2220 2224/2224/2224
f 2219/2219/2219 2224/2224/2224 2223/2223/2223
f 2220/2220/2220 2217/2217/2217 2221/2221/2221
f 2220/2220/2220 2221/2221/2221 2224/2224/2224
f 2220/2220/2220 2219/2219/2219 2218/2218/2218
f 2220/2220/2220 2218/2218/2218 2217/2217/2217
f 2221/2221/2221 2222/2222/2222 2223/2223/2223
f 2221/2221/2221 2223/2223/2223 2224/2224/2224
f 2225/2225/2225 2226/2226/2226 2230/2230/2230
f 2225/2225/2225 2230/2230/2230 2229/2229/2229
f 2226/2226/2226 2227/2227/2227 2231/2231/2231
f 2226/2226/2226 2231/2231/2231 2230/2230/2230
f 2227/2227/2227 2228/2228/2228 2232/2232/2232
f 2227/2227/2227 2232/2232/2232 2231/2231/2231
f 2228/2228/2228 2225/2225/2225 2229/2229/2229
f 2228/2228/2228 2229/2229/2229 2232/2232/2232
f 2228/2228/2228 2227/2227/2227 2226/2226/2226
f 2228/2228/2228 2226/2226/2226 2225/2225/2225
f 2229/2229/2229 2230/2230/2230 2231/2231/2231
f 2229/2229/2229 2231/2231/2231 2232/2232/2232
f 2233/2233/2233 2234/2234/2234 2238/2238/2238
f 2233/2233/2233 2238/2238/2238 2237/2237/2237
f 2234/2234/2234 2235/2235/2235 2239/2239/2239
f 2234/2234/2234 2239/2239/2239 2238/2238/2238
f 2235/2235/2235 2236/2236/2236 2240/2240/2240
f 2235/2235/2235 2240/2240/2240 2239/2239/2239
f 2236/2236/2236 2233/2233/2233 2237/2237/2237
f 2236/2236/2236 2237/2237/2237 2240/2240/2240
f 2236/2236/2236 2235/2235/2235 2234/2234/2234
f 2236/2236/2236 2234/2234/2234 2233/2233/2233
f 2237/2237/2237 2238/2238/2238 2239/2239/2239
f 2237/2237/2237 2239/2239/2239 2240/2240/2240
f 2241/2241/2241 2242/2242/2242 2246/2246/2246
f 2241/2241/2241 2246/2246/2246 2245/2245/2245
f 2242/2242/2242 2243/2243/2243 2247/2247/2247
f 2242/2242/2242 2247/2247/2247 2246/2246/2246
f 2243/2243/2243 2244/2244/2244 2248/2248/2248
f 2243/2243/2243 2248/2248/2248 2247/2247/2247
f 2244/2244/2244 2241/2241/2241 2245/2245/2245
f 2244/2244/2244 2245/2245/2245 2248/2248/2248
f 2244/2244/2244 2243/2243/2243 2242/2242/2242
f 2244/2244/2244 2242/2242/2242 2241/2241/2241
f 2245/2245/2245 2246/2246/2246 2247/2247/2247
f 2245/2245/2245 2247/2247/2247 2248/2248/2248
f 2249/2249/2249 2250/2250/2250 2254/2254/2254
f 2249/2249/2249 2254/2254/2254 2253/2253/2253
f 2250/2250/2250 2251/2251/2251 2255/2255/2255
f 2250/2250/2250 2255/2255/2255 2254/2254/2254
f 2251/2251/2251 2252/2252/2252 2256/2256/2256
f 2251/2251/2251 2256/2256/2256 2255/2255/2255
f 2252/2252/2252 2249/2249/2249 2253/2253/2253
f 2252/2252/2252 2253/2253/2253 2256/2256/2256
f 2252/2252/2252 2251/2251/2251 2250/2250/2250
f 2252/2252/2252 2250/2250/2250 2249/2249/2249
f 2253/2253/2253 2254/2254/2254 2255/2255/2255
f 2253/2253/2253 2255/2255/2255 2256/2256/2256
f 2257/2257/2257 2258/2258/2258 2262/2262/2262
f 2257/2257/2257 2262/2262/2262 2261/2261/2261
f 2258/2258/2258 2259/2259/2259 2263/2263/2263
f 2258/2258/2258 2263/2263/2263 2262/2262/2262
f 2259/2259/2259 2260/2260/2260 2264/2264/2264
f 2259/2259/2259 2264/2264/2264 2263/2263/2263
f 2260/2260/2260 2257/2257/2257 2261/2261/2261
f 2260/2260/2260 2261/2261/2261 2264/2264/2264
f 2260/2260/2260 2259/2259/2259 2258/2258/2258
f 2260/2260/2260 2258/2258/2258 2257/2257/2257
f 2261/2261/2261 2262/2262/2262 2263/2263/2263
f 2261/2261/2261 2263/2263/2263 2264/2264/2264
f 2265/2265/2265 2266/2266/2266 2270/2270/2270
f 2265/2265/2265 2270/2270/2270 2269/2269/2269
f 2266/2266/2266 2267/2267/2267 2271/2271/2271
f 2266/2266/2266 2271/2271/2271 2270/2270/2270
f 2267/2267/2267 2268/2268/2268 2272/2272/2272
f 2267/2267/2267 2272/2272/2272 2271/2271/2271
f 2268/2268/2268 2265/2265/2265 2269/2269/2269
f 2268/2268/2268 2269/2269/2269 2272/2272/2272
f 2268/2268/2268 2267/2267/2267 2266/2266/2266
f 2268/2268/2268 2266/2266/2266 2265/2265/2265
f 2269/2269/2269 2270/2270/2270 2271/2271/2271
f 2269/2269/2269 2271/2271/2271 2272/2272/2272
f 2273/2273/2273 2274/2274/2274 2278/2278/2278
f 2273/2273/2273 2278/2278/2278 2277/2277/2277
f 2274/2274/2274 2275/2275/2275 2279/2279/2279
f 2274/2274/2274 2279/2279/2279 2278/2278/2278
f 2275/2275/2275 2276/2276/2276 2280/2280/2280
f 2275/2275/2275 2280/2280/2280 2279/2279/2279
f 2276/2276/2276 2273/2273/2273 2277/2277/2277
f 2276/2276/2276 2277/2277/2277 2280/2280/2280
f 2276/2276/2276 2275/2275/2275 2274/2274/2274
f 2276/2276/2276 2274/2274/2274 2273/2273/2273
f 2277/2277/2277 2278/2278/2278 2279/2279/2279
f 2277/2277/2277 2279/2279/2279 2280/2280/2280
f 2281/2281/2281 2282/2282/2282 2286/2286/2286
f 2281/2281/2281 2286/2286/2286 2285/2285/2285
f 2282/2282/2282 2283/2283/2283 2287/2287/2287
f 2282/2282/2282 2287/2287/2287 2286/2286/2286
f 2283/2283/2283 2284/2284/2284 2288/2288/2288
f 2283/2283/2283 2288/2288/2288 2287/2287/2287
f 2284/2284/2284 2281/2281/2281 2285/2285/2285
f 2284/2284/2284 2285/2285/2285 2288/2288/2288
f 2284/2284/2284 2283/2283/2283 2282/2282/2282
f 2284/2284/2284 2282/2282/2282 2281/2281/2281
f 2285/2285/2285 2286/2286/2286 2287/2287/2287
f 2285/2285/2285 2287/2287/2287 2288/2288/2288
f 2289/2289/2289 2290/2290/2290 2294/2294/2294
f 2289/2289/2289 2294/2294/2294 2293/2293/2293
f 2290/2290/2290 2291/2291/2291 2295/2295/2295
f 2290/2290/2290 2295/2295/2295 2294/2294/2294
f 2291/2291/2291 2292/2292/2292 2296/2296/2296
f 2291/2291/2291 2296/2296/2296 2295/2295/2295
f 2292/2292/2292 2289/2289/2289 2293/2293/2293
f 2292/2292/2292 2293/2293/2293 2296/2296/2296
f 2292/2292/2292 2291/2291/2291 2290/2290/2290
f 2292/2292/2292 2290/2290/2290 2289/2289/2289
f 2293/2293/2293 2294/2294/2294 2295/2295/2295
f 2293/2293/2293 2295/2295/2295 2296/2296/2296
f 2297/2297/2297 2298/2298/2298 2302/2302/2302
f 2297/2297/2297 2302/2302/2302 2301/2301/2301
f 2298/2298/2298 2299/2299/2299 2303/2303/2303
f 2298/2298/2298 2303/2303/2303 2302/2302/2302
f 2299/2299/2299 2300/2300/2300 2304/2304/2304
f 2299/2299/2299 2304/2304/2304 2303/2303/2303
f 2300/2300/2300 2297/2297/2297 2301/2301/2301
f 2300/2300/2300 2301/2301/2301 2304/2304/2304
f 2300/2300/2300 2299/2299/2299 2298/2298/2298
f 2300/2300/2300 2298/2298/2298 2297/2297/2297
f 2301/2301/2301 2302/2302/2302 2303/2303/2303
f 2301/2301/2301 2303/2303/2303 2304/2304/2304
f 2305/2305/2305 2306/2306/2306 2310/2310/2310
f 2305/2305/2305 2310/2310/2310 2309/2309/2309
f 2306/2306/2306 2307/2307/2307 2311/2311/2311
f 2306/2306/2306 2311/2311/2311 2310/2310/2310
f 2307/2307/2307 2308/2308/2308 2312/2312/2312
f 2307/2307/2307 2312/2312/2312 2311/2311/2311
f 2308/2308/2308 2305/2305/2305 2309/2309/2309
f 2308/2308/2308 2309/2309/2309 2312/2312/2312
f 2308/2308/2308 2307/2307/2307 2306/2306/2306
f 2308/2308/2308 2306/2306/2306 2305/2305/2305
f 2309/2309/2309 2310/2310/2310 2311/2311/2311
f 2309/2309/2309 2311/2311/2311 2312/2312/2312
f 2313/2313/2313 2314/2314/2314 2318/2318/2318
f 2313/2313/2313 2318/2318/2318 2317/2317/2317
f 2314/2314/2314 2315/2315/2315 2319/2319/2319
f 2314/2314/2314 2319/2319/2319 2318/2318/2318
f 2315/2315/2315 2316/2316/2316 2320/2320/2320
f 2315/2315/2315 2320/2320/2320 2319/2319/2319
f 2316/2316/2316 2313/2313/2313 2317/2317/2317
f 2316/2316/2316 2317/2317/2317 2320/2320/2320
f 2316/2316/2316 2315/2315/2315 2314/2314/2314
f 2316/2316/2316 2314/2314/2314 2313/2313/2313
f 2317/2317/2317 2318/2318/2318 2319/2319/2319
f 2317/2317/2317 2319/2319/2319 2320/2320/2320
f 2321/2321/2321 2322/2322/2322 2326/2326/2326
f 2321/2321/2321 2326/2326/2326 2325/2325/2325
f 2322/2322/2322 2323/2323/2323 2327/2327/2327
f 2322/2322/2322 2327/2327/2327 2326/2326/2326
f 2323/2323/2323 2324/2324/2324 2328/2328/2328
f 2323/2323/2323 2328/2328/2328 2327/2327/2327
f 2324/2324/2324 2321/2321/2321 2325/2325/2325
f 2324/2324/2324 2325/2325/2325 2328/2328/2328
f 2324/2324/2324 2323/2323/2323 2322/2322/2322
f 2324/2324/2324 2322/2322/2322 2321/2321/2321
f 2325/2325/2325 2326/2326/2326 2327/2327/2327
f 2325/2325/2325 2327/2327/2327 2328/2328/2328
f 2329/2329/2329 2330/2330/2330 2334/2334/2334
f 2329/2329/2329 2334/2334/2334 2333/2333/2333
f 2330/2330/2330 2331/2331/2331 2335/2335/2335
f 2330/2330/2330 2335/2335/2335 2334/2334/2334
f 2331/2331/2331 2332/2332/2332 2336/2336/2336
f 2331/2331/2331 2336/2336/2336 2335/2335/2335
f 2332/2332/2332 2329/2329/2329 2333/2333/2333
f 2332/2332/2332 2333/2333/2333 2336/2336/2336
f 2332/2332/2332 2331/2331/2331 2330/2330/2330
f 2332/2332/2332 2330/2330/2330 2329/2329/2329
f 2333/2333/2333 2334/2334/2334 2335/2335/2335
f 2333/2333/2333 2335/2335/2335 2336/2336/2336
f 2337/2337/2337 2338/2338/2338 2342/2342/2342
f 2337/2337/2337 2342/2342/2342 2341/2341/2341
f 2338/2338/2338 2339/2339/2339 2343/2343/2343
f 2338/2338/2338 2343/2343/2343 2342/2342/2342
f 2339/2339/2339 2340/2340/2340 2344/2344/2344
f 2339/2339/2339 2344/2344/2344 2343/2343/2343
f 2340/2340/2340 2337/2337/2337 2341/2341/2341
f 2340/2340/2340 2341/2341/2341 2344/2344/2344
f 2340/2340/2340 2339/2339/2339 2338/2338/2338
f 2340/2340/2340 2338/2338/2338 2337/2337/2337
f 2341/2341/2341 2342/2342/2342 2343/2343/2343
f 2341/2341/2341 2343/2343/2343 2344/2344/2344
f 2345/2345/2345 2346/2346/2346 2350/2350/2350
f 2345/2345/2345 2350/2350/2350 2349/2349/2349
f 2346/2346/2346 2347/2347/2347 2351/2351/2351
f 2346/2346/2346 2351/2351/2351 2350/2350/2350
f 2347/2347/2347 2348/2348/2348 2352/2352/2352
f 2347/2347/2347 2352/2352/2352 2351/2351/2351
f 2348/2348/2348 2345/2345/2345 2349/2349/2349
f 2348/2348/2348 2349/2349/2349 2352/2352/2352
f 2348/2348/2348 2347/2347/2347 2346/2346/2346
f 2348/2348/2348 2346/2346/2346 2345/2345/2345
f 2349/2349/2349 2350/2350/2350 2351/2351/2351
f 2349/2349/2349 2351/2351/2351 2352/2352/2352
f 2353/2353/2353 2354/2354/2354 2358/2358/2358
f 2353/2353/2353 2358/2358/2358 2357/2357/2357
f 2354/2354/2354 2355/2355/2355 2359/2359/2359
f 2354/2354/2354 2359/2359/2359 2358/2358/2358
f 2355/2355/2355 2356/2356/2356 2360/2360/2360
f 2355/2355/2355 2360/2360/2360 2359/2359/2359
f 2356/2356/2356 2353/2353/2353 2357/2357/2357
f 2356/2356/2356 2357/2357/2357 2360/2360/2360
f 2356/2356/2356 2355/2355/2355 2354/2354/2354
f 2356/2356/2356 2354/2354/2354 2353/2353/2353
f 2357/2357/2357 2358/2358/2358 2359/2359/2359
f 2357/2357/2357 2359/2359/2359 2360/2360/2360
f 2361/2361/2361 2362/2362/2362 2366/2366/2366
f 2361/2361/2361 2366/2366/2366 2365/2365/2365
f 2362/2362/2362 2363/2363/2363 2367/2367/2367
f 2362/2362/2362 2367/2367/2367 2366/2366/2366
f 2363/2363/2363 2364/2364/2364 2368/2368/2368
f 2363/2363/2363 2368/2368/2368 2367/2367/2367
f 2364/2364/2364 2361/2361/2361 2365/2365/2365
f 2364/2364/2364 2365/2365/2365 2368/2368/2368
f 2364/2364/2364 2363/2363/2363 2362/2362/2362
f 2364/2364/2364 2362/2362/2362 2361/2361/2361
f 2365/2365/2365 2366/2366/2366 2367/2367/2367
f 2365/2365/2365 2367/2367/2367 2368/2368/2368
f 2369/2369/2369 2370/2370/2370 2374/2374/2374
f 2369/2369/2369 2374/2374/2374 2373/2373/2373
f 2370/2370/2370 2371/2371/2371 2375/2375/2375
f 2370/2370/2370 2375/2375/2375 2374/2374/2374
f 2371/2371/2371 2372/2372/2372 2376/2376/2376
f 2371/2371/2371 2376/2376/2376 2375/2375/2375
f 2372/2372/2372 2369/2369/2369 2373/2373/2373
f 2372/2372/2372 2373/2373/2373 2376/2376/2376
f 2372/2372/2372 2371/2371/2371 2370/2370/2370
f 2372/2372/2372 2370/2370/2370 2369/2369/2369
f 2373/2373/2373 2374/2374/2374 2375/2375/2375
f 2373/2373/2373 2375/2375/2375 2376/2376/2376
f 2377/2377/2377 2378/2378/2378 2382/2382/2382
f 2377/2377/2377 2382/2382/2382 2381/2381/2381
f 2378/2378/2378 2379/2379/2379 2383/2383/2383
f 2378/2378/2378 2383/2383/2383 2382/2382/2382
f 2379/2379/2379 2380/2380/2380 2384/2384/2384
f 2379/2379/2379 2384/2384/2384 2383/2383/2383
f 2380/2380/2380 2377/2377/2377 2381/2381/2381
f 2380/2380/2380 2381/2381/2381 2384/2384/2384
f 2380/2380/2380 2379/2379/2379 2378/2378/2378
f 2380/2380/2380 2378/2378/2378 2377/2377/2377
f 2381/2381/2381 2382/2382/2382 2383/2383/2383
f 2381/2381/2381 2383/2383/2383 2384/2384/2384
f 2385/2385/2385 2386/2386/2386 2390/2390/2390
f 2385/2385/2385 2390/2390/2390 2389/2389/2389
f 2386/2386/2386 2387/2387/2387 2391/2391/2391
f 2386/2386/2386 2391/2391/2391 2390/2390/2390
f 2387/2387/2387 2388/2388/2388 2392/2392/2392
f 2387/2387/2387 2392/2392/2392 2391/2391/2391
f 2388/2388/2388 2385/2385/2385 2389/2389/2389
f 2388/2388/2388 2389/2389/2389 2392/2392/2392
f 2388/2388/2388 2387/2387/2387 2386/2386/2386
f 2388/2388/2388 2386/2386/2386 2385/2385/2385
f 2389/2389/2389 2390/2390/2390 2391/2391/2391
f 2389/2389/2389 2391/2391/2391 2392/2392/2392
f 2393/2393/2393 2394/2394/2394 2398/2398/2398
f 2393/2393/2393 2398/2398/2398 2397/2397/2397
f 2394/2394/2394 2395/2395/2395 2399/2399/2399
f 2394/2394/2394 2399/2399/2399 2398/2398/2398
f 2395/2395/2395 2396/2396/2396 2400/2400/2400
f 2395/2395/2395 2400/2400/2400 2399/2399/2399
f 2396/2396/2396 2393/2393/2393 2397/2397/2397
f 2396/2396/2396 2397/2397/2397 2400/2400/2400
f 2396/2396/2396 2395/2395/2395 2394/2394/2394
f 2396/2396/2396 2394/2394/2394 2393/2393/2393
f 2397/2397/2397 2398/2398/2398 2399/2399/2399
f 2397/2397/2397 2399/2399/2399 2400/2400/2400
f 2401/2401/2401 2402/2402/2402 2406/2406/2406
f 2401/2401/2401 2406/2406/2406 2405/2405/2405
f 2402/2402/2402 2403/2403/2403 2407/2407/2407
f 2402/2402/2402 2407/2407/2407 2406/2406/2406
f 2403/2403/2403 2404/2404/2404 2408/2408/2408
f 2403/2403/2403 2408/2408/2408 2407/2407/2407
f 2404/2404/2404 2401/2401/2401 2405/2405/2405
f 2404/2404/2404 2405/2405/2405 2408/2408/2408
f 2404/2404/2404 2403/2403/2403 2402/2402/2402
f 2404/2404/2404 2402/2402/2402 2401/2401/2401
f 2405/2405/2405 2406/2406/2406 2407/2407/2407
f 2405/2405/2405 2407/2407/2407 2408/2408/2408
f 2409/2409/2409 2410/2410/2410 2414/2414/2414
f 2409/2409/2409 2414/2414/2414 2413/2413/2413
f 2410/2410/2410 2411/2411/2411 2415/2415/2415
f 2410/2410/2410 2415/2415/2415 2414/2414/2414
f 2411/2411/2411 2412/2412/2412 2416/2416/2416
f 2411/2411/2411 2416/2416/2416 2415/2415/2415
f 2412/2412/2412 2409/2409/2409 2413/2413/2413
f 2412/2412/2412 2413/2413/2413 2416/2416/2416
f 2412/2412/2412 2411/2411/2411 2410/2410/2410
f 2412/2412/2412 2410/2410/2410 2409/2409/2409
f 2413/2413/2413 2414/2414/2414 2415/2415/2415
f 2413/2413/2413 2415/2415/2415 2416/2416/2416
f 2417/2417/2417 2418/2418/2418 2422/2422/2422
f 2417/2417/2417 2422/2422/2422 2421/2421/2421
f 2418/2418/2418 2419/2419/2419 2423/2423/2423
f 2418/2418/2418 2423/2423/2423 2422/2422/2422
f 2419/2419/2419 2420/2420/2420 2424/2424/2424
f 2419/2419/2419 2424/2424/2424 2423/2423/2423
f 2420/2420/2420 2417/2417/2417 2421/2421/2421
f 2420/2420/2420 2421/2421/2421 2424/2424/2424
f 2420/2420/2420 2419/2419/2419 2418/2418/2418
f 2420/2420/2420 2418/2418/2418 2417/2417/2417
f 2421/2421/2421 2422/2422/2422 2423/2423/2423
f 2421/2421/2421 2423/2423/2423 2424/2424/2424
f 2425/2425/2425 2426/2426/2426 2430/2430/2430
f 2425/2425/2425 2430/2430/2430 2429/2429/2429
f 2426/2426/2426 2427/2427/2427 2431/2431/2431
f 2426/2426/2426 2431/2431/2431 2430/2430/2430
f 2427/2427/2427 2428/2428/2428 2432/2432/2432
f 2427/2427/2427 2432/2432/2432 2431/2431/2431
f 2428/2428/2428 2425/2425/2425 2429/2429/2429
f 2428/2428/2428 2429/2429/2429 2432/2432/2432
f 2428/2428/2428 2427/2427/2427 2426/2426/2426
f 2428/2428/2428 2426/2426/2426 2425/2425/2425
f 2429/2429/2429 2430/2430/2430 2431/2431/2431
f 2429/2429/2429 2431/2431/2431 2432/2432/2432
f 2433/2433/2433 2434/2434/2434 2438/2438/2438
f 2433/2433/2433 2438/2438/2438 2437/2437/2437
f 2434/2434/2434 2435/2435/2435 2439/2439/2439
f 2434/2434/2434 2439/2439/2439 2438/2438/2438
f 2435/2435/2435 2436/2436/2436 2440/2440/2440
f 2435/2435/2435 2440/2440/2440 2439/2439/2439
f 2436/2436/2436 2433/2433/2433 2437/2437/2437
f 2436/2436/2436 2437/2437/2437 2440/2440/2440
f 2436/2436/2436 2435/2435/2435 2434/2434/2434
f 2436/2436/2436 2434/2434/2434 2433/2433/2433
f 2437/2437/2437 2438/2438/2438 2439/2439/2439
f 2437/2437/2437 2439/2439/2439 2440/2440/2440
f 2441/2441/2441 2442/2442/2442 2446/2446/2446
f 2441/2441/2441 2446/2446/2446 2445/2445/2445
f 2442/2442/2442 2443/2443/2443 2447/2447/2447
f 2442/2442/2442 2447/2447/2447 2446/2446/2446
f 2443/2443/2443 2444/2444/2444 2448/2448/2448
f 2443/2443/2443 2448/2448/2448 2447/2447/2447
f 2444/2444/2444 2441/2441/2441 2445/2445/2445
f 2444/2444/2444 2445/2445/2445 2448/2448/2448
f 2444/2444/2444 2443/2443/2443 2442/2442/2442
f 2444/2444/2444 2442/2442/2442 2441/2441/2441
f 2445/2445/2445 2446/2446/2446 2447/2447/2447
f 2445/2445/2445 2447/2447/2447 2448/2448/2448
f 2449/2449/2449 2450/2450/2450 2454/2454/2454
f 2449/2449/2449 2454/2454/2454 2453/2453/2453
f 2450/2450/2450 2451/2451/2451 2455/2455/2455
f 2450/2450/2450 2455/2455/2455 2454/2454/2454
f 2451/2451/2451 2452/2452/2452 2456/2456/2456
f 2451/2451/2451 2456/2456/2456 2455/2455/2455
f 2452/2452/2452 2449/2449/2449 2453/2453/2453
f 2452/2452/2452 2453/2453/2453 2456/2456/2456
f 2452/2452/2452 2451/2451/2451 2450/2450/2450
f 2452/2452/2452 2450/2450/2450 2449/2449/2449
f 2453/2453/2453 2454/2454/2454 2455/2455/2455
f 2453/2453/2453 2455/2455/2455 2456/2456/2456
f 2457/2457/2457 2458/2458/2458 2462/2462/2462
f 2457/2457/2457 2462/2462/2462 2461/2461/2461
f 2458/2458/2458 2459/2459/2459 2463/2463/2463
f 2458/2458/2458 2463/2463/2463 2462/2462/2462
f 2459/2459/2459 2460/2460/2460 2464/2464/2464
f 2459/2459/2459 2464/2464/2464 2463/2463/2463
f 2460/2460/2460 2457/2457/2457 2461/2461/2461
f 2460/2460/2460 2461/2461/2461 2464/2464/2464
f 2460/2460/2460 2459/2459/2459 2458/2458/2458
f 2460/2460/2460 2458/2458/2458 2457/2457/2457
f 2461/2461/2461 2462/2462/2462 2463/2463/2463
f 2461/2461/2461 2463/2463/2463 2464/2464/2464
f 2465/2465/2465 2466/2466/2466 2470/2470/2470
f 2465/2465/2465 2470/2470/2470 2469/2469/2469
f 2466/2466/2466 2467/2467/2467 2471/2471/2471
f 2466/2466/2466 2471/2471/2471 2470/2470/2470
f 2467/2467/2467 2468/2468/2468 2472/2472/2472
f 2467/2467/2467 2472/2472/2472 2471/2471/2471
f 2468/2468/2468 2465/2465/2465 2469/2469/2469
f 2468/2468/2468 2469/2469/2469 2472/2472/2472
f 2468/2468/2468 2467/2467/2467 2466/2466/2466
f 2468/2468/2468 2466/2466/2466 2465/2465/2465
f 2469/2469/2469 2470/2470/2470 2471/2471/2471
f 2469/2469/2469 2471/2471/2471 2472/2472/2472
f 2473/2473/2473 2474/2474/2474 2478/2478/2478
f 2473/2473/2473 2478/2478/2478 2477/2477/2477
f 2474/2474/2474 2475/2475/2475 2479/2479/2479
f 2474/2474/2474 2479/2479/2479 2478/2478/2478
f 2475/2475/2475 2476/2476/2476 2480/2480/2480
f 2475/2475/2475 2480/2480/2480 2479/2479/2479
f 2476/2476/2476 2473/2473/2473 2477/2477/2477
f 2476/2476/2476 2477/2477/2477 2480/2480/2480
f 2476/2476/2476 2475/2475/2475 2474/2474/2474
f 2476/2476/2476 2474/2474/2474 2473/2473/2473
f 2477/2477/2477 2478/2478/2478 2479/2479/2479
f 2477/2477/2477 2479/2479/2479 2480/2480/2480
f 2481/2481/2481 2482/2482/2482 2486/2486/2486
f 2481/2481/2481 2486/2486/2486 2485/2485/2485
f 2482/2482/2482 2483/2483/2483 2487/2487/2487
f 2482/2482/2482 2487/2487/2487 2486/2486/2486
f 2483/2483/2483 2484/2484/2484 2488/2488/2488
f 2483/2483/2483 2488/2488/2488 2487/2487/2487
f 2484/2484/2484 2481/2481/2481 2485/2485/2485
f 2484/2484/2484 2485/2485/2485 2488/2488/2488
f 2484/2484/2484 2483/2483/2483 2482/2482/2482
f 2484/2484/2484 2482/2482/2482 2481/2481/2481
f 2485/2485/2485 2486/2486/2486 2487/2487/2487
f 2485/2485/2485 2487/2487/2487 2488/2488/2488
f 2489/2489/2489 2490/2490/2490 2494/2494/2494
f 2489/2489/2489 2494/2494/2494 2493/2493/2493
f 2490/2490/2490 2491/2491/2491 2495/2495/2495
f 2490/2490/2490 2495/2495/2495 2494/2494/2494
f 2491/2491/2491 2492/2492/2492 2496/2496/2496
f 2491/2491/2491 2496/2496/2496 2495/2495/2495
f 2492/2492/2492 2489/2489/2489 2493/2493/2493
f 2492/2492/2492 2493/2493/2493 2496/2496/2496
f 2492/2492/2492 2491/2491/2491 2490/2490/2490
f 2492/2492/2492 2490/2490/2490 2489/2489/2489
f 2493/2493/2493 2494/2494/2494 2495/2495/2495
f 2493/2493/2493 2495/2495/2495 2496/2496/2496
f 2497/2497/2497 2498/2498/2498 2502/2502/2502
f 2497/2497/2497 2502/2502/2502 2501/2501/2501
f 2498/2498/2498 2499/2499/2499 2503/2503/2503
f 2498/2498/2498 2503/2503/2503 2502/2502/2502
f 2499/2499/2499 2500/2500/2500 2504/2504/2504
f 2499/2499/2499 2504/2504/2504 2503/2503/2503
f 2500/2500/2500 2497/2497/2497 2501/2501/2501
f 2500/2500/2500 2501/2501/2501 2504/2504/2504
f 2500/2500/2500 2499/2499/2499 2498/2498/2498
f 2500/2500/2500 2498/2498/2498 2497/2497/2497
f 2501/2501/2501 2502/2502/2502 2503/2503/2503
f 2501/2501/2501 2503/2503/2503 2504/2504/2504
f 2505/2505/2505 2506/2506/2506 2510/2510/2510
f 2505/2505/2505 2510/2510/2510 2509/2509/2509
f 2506/2506/2506 2507/2507/2507 2511/2511/2511
f 2506/2506/2506 2511/2511/2511 2510/2510/2510
f 2507/2507/2507 2508/2508/2508 2512/2512/2512
f 2507/2507/2507 2512/2512/2512 2511/2511/2511
f 2508/2508/2508 2505/2505/2505 2509/2509/2509
f 2508/2508/2508 2509/2509/2509 2512/2512/2512
f 2508/2508/2508 2507/2507/2507 2506/2506/2506
f 2508/2508/2508 2506/2506/2506 2505/2505/2505
f 2509/2509/2509 2510/2510/2510 2511/2511/2511
f 2509/2509/2509 2511/2511/2511 2512/2512/2512
f 2513/2513/2513 2514/2514/2514 2518/2518/2518
f 2513/2513/2513 2518/2518/2518 2517/2517/2517
f 2514/2514/2514 2515/2515/2515 2519/2519/2519
f 2514/2514/2514 2519/2519/2519 2518/2518/2518
f 2515/2515/2515 2516/2516/2516 2520/2520/2520
f 2515/2515/2515 2520/2520/2520 2519/2519/2519
f 2516/2516/2516 2513/2513/2513 2517/2517/2517
f 2516/2516/2516 2517/2517/2517 2520/2520/2520
f 2516/2516/2516 2515/2515/2515 2514/2514/2514
f 2516/2516/2516 2514/2514/2514 2513/2513/2513
f 2517/2517/2517 2518/2518/2518 2519/2519/2519
f 2517/2517/2517 2519/2519/2519 2520/2520/2520
f 2521/2521/2521 2522/2522/2522 2526/2526/2526
f 2521/2521/2521 2526/2526/2526 2525/2525/2525
f 2522/2522/2522 2523/2523/2523 2527/2527/2527
f 2522/2522/2522 2527/2527/2527 2526/2526/2526
f 2523/2523/2523 2524/2524/2524 2528/2528/2528
f 2523/2523/2523 2528/2528/2528 2527/2527/2527
f 2524/2524/2524 2521/2521/2521 2525/2525/2525
f 2524/2524/2524 2525/2525/2525 2528/2528/2528
f 2524/2524/2524 2523/2523/2523 2522/2522/2522
f 2524/2524/2524 2522/2522/2522 2521/2521/2521
f 2525/2525/2525 2526/2526/2526 2527/2527/2527
f 2525/2525/2525 2527/2527/2527 2528/2528/2528
f 2529/2529/2529 2530/2530/2530 2534/2534/2534
f 2529/2529/2529 2534/2534/2534 2533/2533/2533
f 2530/2530/2530 2531/2531/2531 2535/2535/2535
f 2530/2530/2530 2535/2535/2535 2534/2534/2534
f 2531/2531/2531 2532/2532/2532 2536/2536/2536
f 2531/2531/2531 2536/2536/2536 2535/2535/2535
f 2532/2532/2532 2529/2529/2529 2533/2533/2533
f 2532/2532/2532 2533/2533/2533 2536/2536/2536
f 2532/2532/2532 2531/2531/2531 2530/2530/2530
f 2532/2532/2532 2530/2530/2530 2529/2529/2529
f 2533/2533/2533 2534/2534/2534 2535/2535/2535
f 2533/2533/2533 2535/2535/2535 2536/2536/2536
f 2537/2537/2537 2538/2538/2538 2542/2542/2542
f 2537/2537/2537 2542/2542/2542 2541/2541/2541
f 2538/2538/2538 2539/2539/2539 2543/2543/2543
f 2538/2538/2538 2543/2543/2543 2542/2542/2542
f 2539/2539/2539 2540/2540/2540 2544/2544/2544
f 2539/2539/2539 2544/2544/2544 2543/2543/2543
f 2540/2540/2540 2537/2537/2537 2541/2541/2541
f 2540/2540/2540 2541/2541/2541 2544/2544/2544
f 2540/2540/2540 2539/2539/2539 2538/2538/2538
f 2540/2540/2540 2538/2538/2538 2537/2537/2537
f 2541/2541/2541 2542/2542/2542 2543/2543/2543
f 2541/2541/2541 2543/2543/2543 2544/2544/2544
f 2545/2545/2545 2546/2546/2546 2550/2550/2550
f 2545/2545/2545 2550/2550/2550 2549/2549/2549
f 2546/2546/2546 2547/2547/2547 2551/2551/2551
f 2546/2546/2546 2551/2551/2551 2550/2550/2550
f 2547/2547/2547 2548/2548/2548 2552/2552/2552
f 2547/2547/2547 2552/2552/2552 2551/2551/2551
f 2548/2548/2548 2545/2545/2545 2549/2549/2549
f 2548/2548/2548 2549/2549/2549 2552/2552/2552
f 2548/2548/2548 2547/2547/2547 2546/2546/2546
f 2548/2548/2548 2546/2546/2546 2545/2545/2545
f 2549/2549/2549 2550/2550/2550 2551/2551/2551
f 2549/2549/2549 2551/2551/2551 2552/2552/2552
f 2553/2553/2553 2554/2554/2554 2558/2558/2558
f 2553/2553/2553 2558/2558/2558 2557/2557/2557
f 2554/2554/2554 2555/2555/2555 2559/2559/2559
f 2554/2554/2554 2559/2559/2559 2558/2558/2558
f 2555/2555/2555 2556/2556/2556 2560/2560/2560
f 2555/2555/2555 2560/2560/2560 2559/2559/2559
f 2556/2556/2556 2553/2553/2553 2557/2557/2557
f 2556/2556/2556 2557/2557/2557 2560/2560/2560
f 2556/2556/2556 2555/2555/2555 2554/2554/2554
f 2556/2556/2556 2554/2554/2554 2553/2553/2553
f 2557/2557/2557 2558/2558/2558 2559/2559/2559
f 2557/2557/2557 2559/2559/2559 2560/2560/2560
f 2561/2561/2561 2562/2562/2562 2566/2566/2566
f 2561/2561/2561 2566/2566/2566 2565/2565/2565
f 2562/2562/2562 2563/2563/2563 2567/2567/2567
f 2562/2562/2562 2567/2567/2567 2566/2566/2566
f 2563/2563/2563 2564/2564/2564 2568/2568/2568
f 2563/2563/2563 2568/2568/2568 2567/2567/2567
f 2564/2564/2564 2561/2561/2561 2565/2565/2565
f 2564/2564/2564 2565/2565/2565 2568/2568/2568
f 2564/2564/2564 2563/2563/2563 2562/2562/2562
f 2564/2564/2564 2562/2562/2562 2561/2561/2561
f 2565/2565/2565 2566/2566/2566 2567/2567/2567
f 2565/2565/2565 2567/2567/2567 2568/2568/2568
f 2569/2569/2569 2570/2570/2570 2574/2574/2574
f 2569/2569/2569 2574/2574/2574 2573/2573/2573
f 2570/2570/2570 2571/2571/2571 2575/2575/2575
f 2570/2570/2570 2575/2575/2575 2574/2574/2574
f 2571/2571/2571 2572/2572/2572 2576/2576/2576
f 2571/2571/2571 2576/2576/2576 2575/2575/2575
f 2572/2572/2572 2569/2569/2569 2573/2573/2573
f 2572/2572/2572 2573/2573/2573 2576/2576/2576
f 2572/2572/2572 2571/2571/2571 2570/2570/2570
f 2572/2572/2572 2570/2570/2570 2569/2569/2569
f 2573/2573/2573 2574/2574/2574 2575/2575/2575
f 2573/2573/2573 2575/2575/2575 2576/2576/2576
f 2577/2577/2577 2578/2578/2578 2582/2582/2582
f 2577/2577/2577 2582/2582/2582 2581/2581/2581
f 2578/2578/2578 2579/2579/2579 2583/2583/2583
f 2578/2578/2578 2583/2583/2583 2582/2582/2582
f 2579/2579/2579 2580/2580/2580 2584/2584/2584
f 2579/2579/2579 2584/2584/2584 2583/2583/2583
f 2580/2580/2580 2577/2577/2577 2581/2581/2581
f 2580/2580/2580 2581/2581/2581 2584/2584/2584
f 2580/2580/2580 2579/2579/2579 2578/2578/2578
f 2580/2580/2580 2578/2578/2578 2577/2577/2577
f 2581/2581/2581 2582/2582/2582 2583/2583/2583
f 2581/2581/2581 2583/2583/2583 2584/2584/2584
f 2585/2585/2585 2586/2586/2586 2590/2590/2590
f 2585/2585/2585 2590/2590/2590 2589/2589/2589
f 2586/2586/2586 2587/2587/2587 2591/2591/2591
f 2586/2586/2586 2591/2591/2591 2590/2590/2590
f 2587/2587/2587 2588/2588/2588 2592/2592/2592
f 2587/2587/2587 2592/2592/2592 2591/2591/2591
f 2588/2588/2588 2585/2585/2585 2589/2589/2589
f 2588/2588/2588 2589/2589/2589 2592/2592/2592
f 2588/2588/2588 2587/2587/2587 2586/2586/2586
f 2588/2588/2588 2586/2586/2586 2585/2585/2585
f 2589/2589/2589 2590/2590/2590 2591/2591/2591
f 2589/2589/2589 2591/2591/2591 2592/2592/2592
f 2593/2593/2593 2594/2594/2594 2598/2598/2598
f 2593/2593/2593 2598/2598/2598 2597/2597/2597
f 2594/2594/2594 2595/2595/2595 2599/2599/2599
f 2594/2594/2594 2599/2599/2599 2598/2598/2598
f 2595/2595/2595 2596/2596/2596 2600/2600/2600
f 2595/2595/2595 2600/2600/2600 2599/2599/2599
f 2596/2596/2596 2593/2593/2593 2597/2597/2597
f 2596/2596/2596 2597/2597/2597 2600/2600/2600
f 2596/2596/2596 2595/2595/2595 2594/2594/2594
f 2596/2596/2596 2594/2594/2594 2593/2593/2593
f 2597/2597/2597 2598/2598/2598 2599/2599/2599
f 2597/2597/2597 2599/2599/2599 2600/2600/2600
f 2601/2601/2601 2602/2602/2602 2606/2606/2606
f 2601/2601/2601 2606/2606/2606 2605/2605/2605
f 2602/2602/2602 2603/2603/2603 2607/2607/2607
f 2602/2602/2602 2607/2607/2607 2606/2606/2606
f 2603/2603/2603 2604/2604/2604 2608/2608/2608
f 2603/2603/2603 2608/2608/2608 2607/2607/2607
f 2604/2604/2604 2601/2601/2601 2605/2605/2605
f 2604/2604/2604 2605/2605/2605 2608/2608/2608
f 2604/2604/2604 2603/2603/2603 2602/2602/2602
f 2604/2604/2604 2602/2602/2602 2601/2601/2601
f 2605/2605/2605 2606/2606/2606 2607/2607/2607
f 2605/2605/2605 2607/2607/2607 2608/2608/2608
f 2609/2609/2609 2610/2610/2610 2614/2614/2614
f 2609/2609/2609 2614/2614/2614 2613/2613/2613
f 2610/2610/2610 2611/2611/2611 2615/2615/2615
f 2610/2610/2610 2615/2615/2615 2614/2614/2614
f 2611/2611/2611 2612/2612/2612 2616/2616/2616
f 2611/2611/2611 2616/2616/2616 2615/2615/2615
f 2612/2612/2612 2609/2609/2609 2613/2613/2613
f 2612/2612/2612 2613/2613/2613 2616/2616/2616
f 2612/2612/2612 2611/2611/2611 2610/2610/2610
f 2612/2612/2612 2610/2610/2610 2609/2609/2609
f 2613/2613/2613 2614/2614/2614 2615/2615/2615
f 2613/2613/2613 2615/2615/2615 2616/2616/2616
f 2617/2617/2617 2618/2618/2618 2622/2622/2622
f 2617/2617/2617 2622/2622/2622 2621/2621/2621
f 2618/2618/2618 2619/2619/2619 2623/2623/2623
f 2618/2618/2618 2623/2623/2623 2622/2622/2622
f 2619/2619/2619 2620/2620/2620 2624/2624/2624
f 2619/2619/2619 2624/2624/2624 2623/2623/2623
f 2620/2620/2620 2617/2617/2617 2621/2621/2621
f 2620/2620/2620 2621/2621/2621 2624/2624/2624
f 2620/2620/2620 2619/2619/2619 2618/2618/2618
f 2620/2620/2620 2618/2618/2618 2617/2617/2617
f 2621/2621/2621 2622/2622/2622 2623/2623/2623
f 2621/2621/2621 2623/2623/2623 2624/2624/2624
f 2625/2625/2625 2626/2626/2626 2630/2630/2630
f 2625/2625/2625 2630/2630/2630 2629/2629/2629
f 2626/2626/2626 2627/2627/2627 2631/2631/2631
f 2626/2626/2626 2631/2631/2631 2630/2630/2630
f 2627/2627/2627 2628/2628/2628 2632/2632/2632
f 2627/2627/2627 2632/2632/2632 2631/2631/2631
f 2628/2628/2628 2625/2625/2625 2629/2629/2629
f 2628/2628/2628 2629/2629/2629 2632/2632/2632
f 2628/2628/2628 2627/2627/2627 2626/2626/2626
f 2628/2628/2628 2626/2626/2626 2625/2625/2625
f 2629/2629/2629 2630/2630/2630 2631/2631/2631
f 2629/2629/2629 2631/2631/2631 2632/2632/2632
f 2633/2633/2633 2634/2634/2634 2638/2638/2638
f 2633/2633/2633 2638/2638/2638 2637/2637/2637
f 2634/2634/2634 2635/2635/2635 2639/2639/2639
f 2634/2634/2634 2639/2639/2639 2638/2638/2638
f 2635/2635/2635 2636/2636/2636 2640/2640/2640
f 2635/2635/2635 2640/2640/2640 2639/2639/2639
f 2636/2636/2636 2633/2633/2633 2637/2637/2637
f 2636/2636/2636 2637/2637/2637 2640/2640/2640
f 2636/2636/2636 2635/2635/2635 2634/2634/2634
f 2636/2636/2636 2634/2634/2634 2633/2633/2633
f 2637/2637/2637 2638/2638/2638 2639/2639/2639
f 2637/2637/2637 2639/2639/2639 2640/2640/2640
f 2641/2641/2641 2642/2642/2642 2646/2646/2646
f 2641/2641/2641 2646/2646/2646 2645/2645/2645
f 2642/2642/2642 2643/2643/2643 2647/2647/2647
f 2642/2642/2642 2647/2647/2647 2646/2646/2646
f 2643/2643/2643 2644/2644/2644 2648/2648/2648
f 2643/2643/2643 2648/2648/2648 2647/2647/2647
f 2644/2644/2644 2641/2641/2641 2645/2645/2645
f 2644/2644/2644 2645/2645/2645 2648/2648/2648
f 2644/2644/2644 2643/2643/2643 2642/2642/2642
f 2644/2644/2644 2642/2642/2642 2641/2641/2641
f 2645/2645/2645 2646/2646/2646 2647/2647/2647
f 2645/2645/2645 2647/2647/2647 2648/2648/2648
f 2649/2649/2649 2650/2650/2650 2654/2654/2654
f 2649/2649/2649 2654/2654/2654 2653/2653/2653
f 2650/2650/2650 2651/2651/2651 2655/2655/2655
f 2650/2650/2650 2655/2655/2655 2654/2654/2654
f 2651/2651/2651 2652/2652/2652 2656/2656/2656
f 2651/2651/2651 2656/2656/2656 2655/2655/2655
f 2652/2652/2652 2649/2649/2649 2653/2653/2653
f 2652/2652/2652 2653/2653/2653 2656/2656/2656
f 2652/2652/2652 2651/2651/2651 2650/2650/2650
f 2652/2652/2652 2650/2650/2650 2649/2649/2649
f 2653/2653/2653 2654/2654/2654 2655/2655/2655
f 2653/2653/2653 2655/2655/2655 2656/2656/2656
f 2657/2657/2657 2658/2658/2658 2662/2662/2662
f 2657/2657/2657 2662/2662/2662 2661/2661/2661
f 2658/2658/2658 2659/2659/2659 2663/2663/2663
f 2658/2658/2658 2663/2663/2663 2662/2662/2662
f 2659/2659/2659 2660/2660/2660 2664/2664/2664
f 2659/2659/2659 2664/2664/2664 2663/2663/2663
f 2660/2660/2660 2657/2657/2657 2661/2661/2661
f 2660/2660/2660 2661/2661/2661 2664/2664/2664
f 2660/2660/2660 2659/2659/2659 2658/2658/2658
f 2660/2660/2660 2658/2658/2658 2657/2657/2657
f 2661/2661/2661 2662/2662/2662 2663/2663/2663
f 2661/2661/2661 2663/2663/2663 2664/2664/2664
f 2665/2665/2665 2666/2666/2666 2667/2667/2667
f 2665/2665/2665 2667/2667/2667 2668/2668/2668
f 2669/2669/2669 2670/2670/2670 2671/2671/2671
f 2669/2669/2669 2671/2671/2671 2672/2672/2672
f 2673/2673/2673 2674/2674/2674 2675/2675/2675
f 2673/2673/2673 2675/2675/2675 2676/2676/2676
f 2677/2677/2677 2678/2678/2678 2679/2679/2679
f 2677/2677/2677 2679/2679/2679 2680/2680/2680
f 2681/2681/2681 2682/2682/2682 2683/2683/2683
f 2681/2681/2681 2683/2683/2683 2684/2684/2684
f 2685/2685/2685 2686/2686/2686 2687/2687/2687
f 2685/2685/2685 2687/2687/2687 2688/2688/2688
f 2689/2689/2689 2690/2690/2690 2691/2691/2691
f 2689/2689/2689 2691/2691/2691 2692/2692/2692
f 2693/2693/2693 2694/2694/2694 2695/2695/2695
f 2693/2693/2693 2695/2695/2695 2696/2696/2696
f 2697/2697/2697 2698/2698/2698 2699/2699/2699
f 2697/2697/2697 2699/2699/2699 2700/2700/2700
f 2701/2701/2701 2702/2702/2702 2703/2703/2703
f 2701/2701/2701 2703/2703/2703 2704/2704/2704
f 2705/2705/2705 2706/2706/2706 2707/2707/2707
f 2705/2705/2705 2707/2707/2707 2708/2708/2708
f 2709/2709/2709 2710/2710/2710 2711/2711/2711
f 2709/2709/2709 2711/2711/2711 2712/2712/2712
f 2713/2713/2713 2714/2714/2714 2715/2715/2715
f 2713/2713/2713 2715/2715/2715 2716/2716/2716
f 2717/2717/2717 2718/2718/2718 2719/2719/2719
f 2717/2717/2717 2719/2719/2719 2720/2720/2720
f 2721/2721/2721 2722/2722/2722 2723/2723/2723
f 2721/2721/2721 2723/2723/2723 2724/2724/2724
f 2725/2725/2725 2726/2726/2726 2727/2727/2727
f 2725/2725/2725 2727/2727/2727 2728/2728/2728
f 2729/2729/2729 2730/2730/2730 2731/2731/2731
f 2729/2729/2729 2731/2731/2731 2732/2732/2732
f 2733/2733/2733 2734/2734/2734 2735/2735/2735
f 2733/2733/2733 2735/2735/2735 2736/2736/2736
f 2737/2737/2737 2738/2738/2738 2739/2739/2739
f 2737/2737/2737 2739/2739/2739 2740/2740/2740
f 2741/2741/2741 2742/2742/2742 2743/2743/2743
f 2741/2741/2741 2743/2743/2743 2744/2744/2744
f 2745/2745/2745 2746/2746/2746 2747/2747/2747
f 2745/2745/2745 2747/2747/2747 2748/2748/2748
f 2749/2749/2749 2750/2750/2750 2751/2751/2751
f 2749/2749/2749 2751/2751/2751 2752/2752/2752
f 2753/2753/2753 2754/2754/2754 2755/2755/2755
f 2753/2753/2753 2755/2755/2755 2756/2756/2756
f 2757/2757/2757 2758/2758/2758 2759/2759/2759
f 2757/2757/2757 2759/2759/2759 2760/2760/2760
f 2761/2761/2761 2762/2762/2762 2763/2763/2763
f 2761/2761/2761 2763/2763/2763 2764/2764/2764
f 2765/2765/2765 2766/2766/2766 2767/2767/2767
f 2765/2765/2765 2767/2767/2767 2768/2768/2768
f 2769/2769/2769 2770/2770/2770 2771/2771/2771
f 2769/2769/2769 2771/2771/2771 2772/2772/2772
f 2773/2773/2773 2774/2774/2774 2775/2775/2775
f 2773/2773/2773 2775/2775/2775 2776/2776/2776
f 2777/2777/2777 2778/2778/2778 2779/2779/2779
f 2777/2777/2777 2779/2779/2779 2780/2780/2780
f 2781/2781/2781 2782/2782/2782 2783/2783/2783
f 2781/2781/2781 2783/2783/2783 2784/2784/2784
f 2785/2785/2785 2786/2786/2786 2787/2787/2787
f 2785/2785/2785 2787/2787/2787 2788/2788/2788
f 2789/2789/2789 2790/2790/2790 2791/2791/2791
f 2789/2789/2789 2791/2791/2791 2792/2792/2792
f 2793/2793/2793 2794/2794/2794 2795/2795/2795
f 2793/2793/2793 2795/2795/2795 2796/2796/2796
f 2797/2797/2797 2798/2798/2798 2799/2799/2799
f 2797/2797/2797 2799/2799/2799 2800/2800/2800
f 2801/2801/2801 2802/2802/2802 2803/2803/2803
f 2801/2801/2801 2803/2803/2803 2804/2804/2804
f 2805/2805/2805 2806/2806/2806 2807/2807/2807
f 2805/2805/2805 2807/2807/2807 2808/2808/2808
f 2809/2809/2809 2810/2810/2810 2811/2811/2811
f 2809/2809/2809 2811/2811/2811 2812/2812/2812
f 2813/2813/2813 2814/2814/2814 2815/2815/2815
f 2813/2813/2813 2815/2815/2815 2816/2816/2816
f 2817/2817/2817 2818/2818/2818 2819/2819/2819
f 2817/2817/2817 2819/2819/2819 2820/2820/2820
f 2821/2821/2821 2822/2822/2822 2823/2823/2823
f 2821/2821/2821 2823/2823/2823 2824/2824/2824
f 2825/2825/2825 2826/2826/2826 2827/2827/2827
f 2825/2825/2825 2827/2827/2827 2828/2828/2828
f 2829/2829/2829 2830/2830/2830 2831/2831/2831
f 2829/2829/2829 2831/2831/2831 2832/2832/2832
f 2833/2833/2833 2834/2834/2834 2835/2835/2835
f 2833/2833/2833 2835/2835/2835 2836/2836/2836
f 2837/2837/2837 2838/2838/2838 2839/2839/2839
f 2837/2837/2837 2839/2839/2839 2840/2840/2840
f 2841/2841/2841 2842/2842/2842 2843/2843/2843
f 2841/2841/2841 2843/2843/2843 2844/2844/2844
f 2845/2845/2845 2846/2846/2846 2847/2847/2847
f 2845/2845/2845 2847/2847/2847 2848/2848/2848
f 2849/2849/2849 2850/2850/2850 2851/2851/2851
f 2849/2849/2849 2851/2851/2851 2852/2852/2852
f 2853/2853/2853 2854/2854/2854 2855/2855/2855
f 2853/2853/2853 2855/2855/2855 2856/2856/2856
f 2857/2857/2857 2858/2858/2858 2859/2859/2859
f 2857/2857/2857 2859/2859/2859 2860/2860/2860
f 2861/2861/2861 2862/2862/2862 2863/2863/2863
f 2861/2861/2861 2863/2863/2863 2864/2864/2864
f 2865/2865/2865 2866/2866/2866 2867/2867/2867
f 2865/2865/2865 2867/2867/2867 2868/2868/2868
f 2869/2869/2869 2870/2870/2870 2871/2871/2871
f 2869/2869/2869 2871/2871/2871 2872/2872/2872
f 2873/2873/2873 2874/2874/2874 2875/2875/2875
f 2873/2873/2873 2875/2875/2875 2876/2876/2876
f 2877/2877/2877 2878/2878/2878 2879/2879/2879
f 2877/2877/2877 2879/2879/2879 2880/2880/2880
f 2881/2881/2881 2882/2882/2882 2883/2883/2883
f 2881/2881/2881 2883/2883/2883 2884/2884/2884
f 2885/2885/2885 2886/2886/2886 2887/2887/2887
f 2885/2885/2885 2887/2887/2887 2888/2888/2888
f 2889/2889/2889 2890/2890/2890 2891/2891/2891
f 2889/2889/2889 2891/2891/2891 2892/2892/2892
f 2893/2893/2893 2894/2894/2894 2895/2895/2895
f 2893/2893/2893 2895/2895/2895 2896/2896/2896
f 2897/2897/2897 2898/2898/2898 2899/2899/2899
f 2897/2897/2897 2899/2899/2899 2900/2900/2900
f 2901/2901/2901 2902/2902/2902 2903/2903/2903
f 2901/2901/2901 2903/2903/2903 2904/2904/2904
f 2905/2905/2905 2906/2906/2906 2907/2907/2907
f 2905/2905/2905 2907/2907/2907 2908/2908/2908
f 2909/2909/2909 2910/2910/2910 2911/2911/2911
f 2909/2909/2909 2911/2911/2911 2912/2912/2912
f 2913/2913/2913 2914/2914/2914 2915/2915/2915
f 2913/2913/2913 2915/2915/2915 2916/2916/2916
f 2917/2917/2917 2918/2918/2918 2919/2919/2919
f 2917/2917/2917 2919/2919/2919 2920/2920/2920
f 2921/2921/2921 2922/2922/2922 2923/2923/2923
f 2921/2921/2921 2923/2923/2923 2924/2924/2924
f 2925/2925/2925 2926/2926/2926 2927/2927/2927
f 2925/2925/2925 2927/2927/2927 2928/2928/2928
f 2929/2929/2929 2930/2930/2930 2931/2931/2931
f 2929/2929/2929 2931/2931/2931 2932/2932/2932
f 2933/2933/2933 2934/2934/2934 2935/2935/2935
f 2933/2933/2933 2935/2935/2935 2936/2936/2936
f 2937/2937/2937 2938/2938/2938 2939/2939/2939
f 2937/2937/2937 2939/2939/2939 2940/2940/2940
f 2941/2941/2941 2942/2942/2942 2943/2943/2943
f 2941/2941/2941 2943/2943/2943 2944/2944/2944
f 2945/2945/2945 2946/2946/2946 2947/2947/2947
f 2945/2945/2945 2947/2947/2947 2948/2948/2948
f 2949/2949/2949 2950/2950/2950 2951/2951/2951
f 2949/2949/2949 2951/2951/2951 2952/2952/2952
f 2953/2953/2953 2954/2954/2954 2955/2955/2955
f 2953/2953/2953 2955/2955/2955 2956/2956/2956
f 2957/2957/2957 2958/2958/2958 2959/2959/2959
f 2957/2957/2957 2959/2959/2959 2960/2960/2960
f 2961/2961/2961 2962/2962/2962 2963/2963/2963
f 2961/2961/2961 2963/2963/2963 2964/2964/2964
f 2965/2965/2965 2966/2966/2966 2967/2967/2967
f 2965/2965/2965 2967/2967/2967 2968/2968/2968
f 2969/2969/2969 2970/2970/2970 2971/2971/2971
f 2969/2969/2969 2971/2971/2971 2972/2972/2972
f 2973/2973/2973 2974/2974/2974 2975/2975/2975
f 2973/2973/2973 2975/2975/2975 2976/2976/2976
f 2977/2977/2977 2978/2978/2978 2979/2979/2979
f 2977/2977/2977 2979/2979/2979 2980/2980/2980
f 2981/2981/2981 2982/2982/2982 2983/2983/2983
f 2981/2981/2981 2983/2983/2983 2984/2984/2984
f 2985/2985/2985 2986/2986/2986 2987/2987/2987
f 2985/2985/2985 2987/2987/2987 2988/2988/2988
f 2989/2989/2989 2990/2990/2990 2991/2991/2991
f 2989/2989/2989 2991/2991/2991 2992/2992/2992
f 2993/2993/2993 2994/2994/2994 2995/2995/2995
f 2993/2993/2993 2995/2995/2995 2996/2996/2996
f 2997/2997/2997 2998/2998/2998 2999/2999/2999
f 2997/2997/2997 2999/2999/2999 3000/3000/3000
f 3001/3001/3001 3002/3002/3002 3003/3003/3003
f 3001/3001/3001 3003/3003/3003 3004/3004/3004
f 3005/3005/3005 3006/3006/3006 3007/3007/3007
f 3005/3005/3005 3007/3007/3007 3008/3008/3008
f 3009/3009/3009 3010/3010/3010 3011/3011/3011
f 3009/3009/3009 3011/3011/3011 3012/3012/3012
f 3013/3013/3013 3014/3014/3014 3015/3015/3015
f 3013/3013/3013 3015/3015/3015 3016/3016/3016
f 3017/3017/3017 3018/3018/3018 3019/3019/3019
f 3017/3017/3017 3019/3019/3019 3020/3020/3020
f 3021/3021/3021 3022/3022/3022 3023/3023/3023
f 3021/3021/3021 3023/3023/3023 3024/3024/3024
f 3025/3025/3025 3026/3026/3026 3027/3027/3027
f 3025/3025/3025 3027/3027/3027 3028/3028/3028
f 3029/3029/3029 3030/3030/3030 3031/3031/3031
f 3029/3029/3029 3031/3031/3031 3032/3032/3032
f 3033/3033/3033 3034/3034/3034 3035/3035/3035
f 3033/3033/3033 3035/3035/3035 3036/3036/3036
f 3037/3037/3037 3038/3038/3038 3039/3039/3039
f 3037/3037/3037 3039/3039/3039 3040/3040/3040
f 3041/3041/3041 3042/3042/3042 3043/3043/3043
f 3041/3041/3041 3043/3043/3043 3044/3044/3044
f 3045/3045/3045 3046/3046/3046 3047/3047/3047
f 3045/3045/3045 3047/3047/3047 3048/3048/3048
f 3049/3049/3049 3050/3050/3050 3051/3051/3051
f 3049/3049/3049 3051/3051/3051 3052/3052/3052
f 3053/3053/3053 3054/3054/3054 3055/3055/3055
f 3053/3053/3053 3055/3055/3055 3056/3056/3056
f 3057/3057/3057 3058/3058/3058 3059/3059/3059
f 3057/3057/3057 3059/3059/3059 3060/3060/3060
f 3061/3061/3061 3062/3062/3062 3063/3063/3063
f 3061/3061/3061 3063/3063/3063 3064/3064/3064
f 3065/3065/3065 3066/3066/3066 3067/3067/3067
f 3065/3065/3065 3067/3067/3067 3068/3068/3068
f 3069/3069/3069 3070/3070/3070 3071/3071/3071
f 3069/3069/3069 3071/3071/3071 3072/3072/3072
f 3073/3073/3073 3074/3074/3074 3075/3075/3075
f 3073/3073/3073 3075/3075/3075 3076/3076/3076
f 3077/3077/3077 3078/3078/3078 3079/3079/3079
f 3077/3077/3077 3079/3079/3079 3080/3080/3080
f 3081/3081/3081 3082/3082/3082 3083/3083/3083
f 3081/3081/3081 3083/3083/3083 3084/3084/3084
f 3085/3085/3085 3086/3086/3086 3087/3087/3087
f 3085/3085/3085 3087/3087/3087 3088/3088/3088
f 3089/3089/3089 3090/3090/3090 3091/3091/3091
f 3089/3089/3089 3091/3091/3091 3092/3092/3092
f 3093/3093/3093 3094/3094/3094 3095/3095/3095
f 3093/3093/3093 3095/3095/3095 3096/3096/3096
f 3097/3097/3097 3098/3098/3098 3099/3099/3099
f 3097/3097/3097 3099/3099/3099 3100/3100/3100
f 3101/3101/3101 3102/3102/3102 3103/3103/3103
f 3101/3101/3101 3103/3103/3103 3104/3104/3104
f 3105/3105/3105 3106/3106/3106 3107/3107/3107
f 3105/3105/3105 3107/3107/3107 3108/3108/3108
f 3109/3109/3109 3110/3110/3110 3111/3111/3111
f 3109/3109/3109 3111/3111/3111 3112/3112/3112
f 3113/3113/3113 3114/3114/3114 3115/3115/3115
f 3113/3113/3113 3115/3115/3115 3116/3116/3116
f 3117/3117/3117 3118/3118/3118 3119/3119/3119
f 3117/3117/3117 3119/3119/3119 3120/3120/3120
f 3121/3121/3121 3122/3122/3122 3123/3123/3123
f 3121/3121/3121 3123/3123/3123 3124/3124/3124
f 3125/3125/3125 3126/3126/3126 3127/3127/3127
f 3125/3125/3125 3127/3127/3127 3128/3128/3128
f 3129/3129/3129 3130/3130/3130 3131/3131/3131
f 3129/3129/3129 3131/3131/3131 3132/3132/3132
f 3133/3133/3133 3134/3134/3134 3135/3135/3135
f 3133/3133/3133 3135/3135/3135 3136/3136/3136
f 3137/3137/3137 3138/3138/3138 3139/3139/3139
f 3137/3137/3137 3139/3139/3139 3140/3140/3140
f 3141/3141/3141 3142/3142/3142 3143/3143/3143
f 3141/3141/3141 3143/3143/3143 3144/3144/3144
f 3145/3145/3145 3146/3146/3146 3147/3147/3147
f 3145/3145/3145 3147/3147/3147 3148/3148/3148
f 3149/3149/3149 3150/3150/3150 3151/3151/3151
f 3149/3149/3149 3151/3151/3151 3152/3152/3152
f 3153/3153/3153 3154/3154/3154 3155/3155/3155
f 3153/3153/3153 3155/3155/3155 3156/3156/3156
f 3157/3157/3157 3158/3158/3158 3159/3159/3159
f 3157/3157/3157 3159/3159/3159 3160/3160/3160
f 3161/3161/3161 3162/3162/3162 3163/3163/3163
f 3161/3161/3161 3163/3163/3163 3164/3164/3164
f 3165/3165/3165 3166/3166/3166 3167/3167/3167
f 3165/3165/3165 3167/3167/3167 3168/3168/3168
f 3169/3169/3169 3170/3170/3170 3171/3171/3171
f 3169/3169/3169 3171/3171/3171 3172/3172/3172
f 3173/3173/3173 3174/3174/3174 3175/3175/3175
f 3173/3173/3173 3175/3175/3175 3176/3176/3176
f 3177/3177/3177 3178/3178/3178 3179/3179/3179
f 3177/3177/3177 3179/3179/3179 3180/3180/3180
f 3181/3181/3181 3182/3182/3182 3183/3183/3183
f 3181/3181/3181 3183/3183/3183 3184/3184/3184
f 3185/3185/3185 3186/3186/3186 3187/3187/3187
f 3185/3185/3185 3187/3187/3187 3188/3188/3188
f 3189/3189/3189 3190/3190/3190 3191/3191/3191
f 3189/3189/3189 3191/3191/3191 3192/3192/3192
f 3193/3193/3193 3194/3194/3194 3195/3195/3195
f 3193/3193/3193 3195/3195/3195 3196/3196/3196
f 3197/3197/3197 3198/3198/3198 3199/3199/3199
f 3197/3197/3197 3199/3199/3199 3200/3200/3200
f 3201/3201/3201 3202/3202/3202 3203/3203/3203
f 3201/3201/3201 3203/3203/3203 3204/3204/3204
f 3205/3205/3205 3206/3206/3206 3207/3207/3207
f 3205/3205/3205 3207/3207/3207 3208/3208/3208
f 3209/3209/3209 3210/3210/3210 3211/3211/3211
f 3209/3209/3209 3211/3211/3211 3212/3212/3212
f 3213/3213/3213 3214/3214/3214 3215/3215/3215
f 3213/3213/3213 3215/3215/3215 3216/3216/3216
f 3217/3217/3217 3218/3218/3218 3219/3219/3219
f 3217/3217/3217 3219/3219/3219 3220/3220/3220
f 3221/3221/3221 3222/3222/3222 3223/3223/3223
f 3221/3221/3221 3223/3223/3223 3224/3224/3224
f 3225/3225/3225 3226/3226/3226 3227/3227/3227
f 3225/3225/3225 3227/3227/3227 3228/3228/3228
f 3229/3229/3229 3230/3230/3230 3231/3231/3231
f 3229/3229/3229 3231/3231/3231 3232/3232/3232
f 3233/3233/3233 3234/3234/3234 3235/3235/3235
f 3233/3233/3233 3235/3235/3235 3236/3236/3236
f 3237/3237/3237 3238/3238/3238 3239/3239/3239
f 3237/3237/3237 3239/3239/3239 3240/3240/3240
f 3241/3241/3241 3242/3242/3242 3243/3243/3243
f 3241/3241/3241 3243/3243/3243 3244/3244/3244
f 3245/3245/3245 3246/3246/3246 3247/3247/3247
f 3245/3245/3245 3247/3247/3247 3248/3248/3248
f 3249/3249/3249 3250/3250/3250 3251/3251/3251
f 3249/3249/3249 3251/3251/3251 3252/3252/3252
f 3253/3253/3253 3254/3254/3254 3255/3255/3255
f 3253/3253/3253 3255/3255/3255 3256/3256/3256
f 3257/3257/3257 3258/3258/3258 3259/3259/3259
f 3257/3257/3257 3259/3259/3259 3260/3260/3260
f 3261/3261/3261 3262/3262/3262 3263/3263/3263
f 3261/3261/3261 3263/3263/3263 3264/3264/3264
f 3265/3265/3265 3266/3266/3266 3270/3270/3270
f 3265/3265/3265 3270/3270/3270 3269/3269/3269
f 3266/3266/3266 3267/3267/3267 3271/3271/3271
f 3266/3266/3266 3271/3271/3271 3270/3270/3270
f 3267/3267/3267 3268/3268/3268 3272/3272/3272
f 3267/3267/3267 3272/3272/3272 3271/3271/3271
f 3268/3268/3268 3265/3265/3265 3269/3269/3269
f 3268/3268/3268 3269/3269/3269 3272/3272/3272
f 3268/3268/3268 3267/3267/3267 3266/3266/3266
f 3268/3268/3268 3266/3266/3266 3265/3265/3265
f 3269/3269/3269 3270/3270/3270 3271/3271/3271
f 3269/3269/3269 3271/3271/3271 3272/3272/3272
f 3273/3273/3273 3274/3274/3274 3278/3278/3278
f 3273/3273/3273 3278/3278/3278 3277/3277/3277
f 3274/3274/3274 3275/3275/3275 3279/3279/3279
f 3274/3274/3274 3279/3279/3279 3278/3278/3278
f 3275/3275/3275 3276/3276/3276 3280/3280/3280
f 3275/3275/3275 3280/3280/3280 3279/3279/3279
f 3276/3276/3276 3273/3273/3273 3277/3277/3277
f 3276/3276/3276 3277/3277/3277 3280/3280/3280
f 3276/3276/3276 3275/3275/3275 3274/3274/3274
f 3276/3276/3276 3274/3274/3274 3273/3273/3273
f 3277/3277/3277 3278/3278/3278 3279/3279/3279
f 3277/3277/3277 3279/3279/3279 3280/3280/3280
f 3281/3281/3281 3282/3282/3282 3286/3286/3286
f 3281/3281/3281 3286/3286/3286 3285/3285/3285
f 3282/3282/3282 3283/3283/3283 3287/3287/3287
f 3282/3282/3282 3287/3287/3287 3286/3286/3286
f 3283/3283/3283 3284/3284/3284 3288/3288/3288
f 3283/3283/3283 3288/3288/3288 3287/3287/3287
f 3284/3284/3284 3281/3281/3281 3285/3285/3285
f 3284/3284/3284 3285/3285/3285 3288/3288/3288
f 3284/3284/3284 3283/3283/3283 3282/3282/3282
f 3284/3284/3284 3282/3282/3282 3281/3281/3281
f 3285/3285/3285 3286/3286/3286 3287/3287/3287
f 3285/3285/3285 3287/3287/3287 3288/3288/3288
f 3289/3289/3289 3290/3290/3290 3294/3294/3294
f 3289/3289/3289 3294/3294/3294 3293/3293/3293
f 3290/3290/3290 3291/3291/3291 3295/3295/3295
f 3290/3290/3290 3295/3295/3295 3294/3294/3294
f 3291/3291/3291 3292/3292/3292 3296/3296/3296
f 3291/3291/3291 3296/3296/3296 3295/3295/3295
f 3292/3292/3292 3289/3289/3289 3293/3293/3293
f 3292/3292/3292 3293/3293/3293 3296/3296/3296
f 3292/3292/3292 3291/3291/3291 3290/3290/3290
f 3292/3292/3292 3290/3290/3290 3289/3289/3289
f 3293/3293/3293 3294/3294/3294 3295/3295/3295
f 3293/3293/3293 3295/3295/3295 3296/3296/3296
f 3297/3297/3297 3298/3298/3298 3302/3302/3302
f 3297/3297/3297 3302/3302/3302 3301/3301/3301
f 3298/3298/3298 3299/3299/3299 3303/3303/3303
f 3298/3298/3298 3303/3303/3303 3302/3302/3302
f 3299/3299/3299 3300/3300/3300 3304/3304/3304
f 3299/3299/3299 3304/3304/3304 3303/3303/3303
f 3300/3300/3300 3297/3297/3297 3301/3301/3301
f 3300/3300/3300 3301/3301/3301 3304/3304/3304
f 3300/3300/3300 3299/3299/3299 3298/3298/3298
f 3300/3300/3300 3298/3298/3298 3297/3297/3297
f 3301/3301/3301 3302/3302/3302 3303/3303/3303
f 3301/3301/3301 3303/3303/3303 3304/3304/3304
f 3305/3305/3305 3306/3306/3306 3310/3310/3310
f 3305/3305/3305 3310/3310/3310 3309/3309/3309
f 3306/3306/3306 3307/3307/3307 3311/3311/3311
f 3306/3306/3306 3311/3311/3311 3310/3310/3310
f 3307/3307/3307 3308/3308/3308 3312/3312/3312
f 3307/3307/3307 3312/3312/3312 3311/3311/3311
f 3308/3308/3308 3305/3305/3305 3309/3309/3309
f 3308/3308/3308 3309/3309/3309 3312/3312/3312
f 3308/3308/3308 3307/3307/3307 3306/3306/3306
f 3308/3308/3308 3306/3306/3306 3305/3305/3305
f 3309/3309/3309 3310/3310/3310 3311/3311/3311
f 3309/3309/3309 3311/3311/3311 3312/3312/3312
f 3313/3313/3313 3314/3314/3314 3318/3318/3318
f 3313/3313/3313 3318/3318/3318 3317/3317/3317
f 3314/3314/3314 3315/3315/3315 3319/3319/3319
f 3314/3314/3314 3319/3319/3319 3318/3318/3318
f 3315/3315/3315 3316/3316/3316 3320/3320/3320
f 3315/3315/3315 3320/3320/3320 3319/3319/3319
f 3316/3316/3316 3313/3313/3313 3317/3317/3317
f 3316/3316/3316 3317/3317/3317 3320/3320/3320
f 3316/3316/3316 3315/3315/3315 3314/3314/3314
f 3316/3316/3316 3314/3314/3314 3313/3313/3313
f 3317/3317/3317 3318/3318/3318 3319/3319/3319
f 3317/3317/3317 3319/3319/3319 3320/3320/3320
f 3321/3321/3321 3322/3322/3322 3326/3326/3326
f 3321/3321/3321 3326/3326/3326 3325/3325/3325
f 3322/3322/3322 3323/3323/3323 3327/3327/3327
f 3322/3322/3322 3327/3327/3327 3326/3326/3326
f 3323/3323/3323 3324/3324/3324 3328/3328/3328
f 3323/3323/3323 3328/3328/3328 3327/3327/3327
f 3324/3324/3324 3321/3321/3321 3325/3325/3325
f 3324/3324/3324 3325/3325/3325 3328/3328/3328
f 3324/3324/3324 3323/3323/3323 3322/3322/3322
f 3324/3324/3324 3322/3322/3322 3321/3321/3321
f 3325/3325/3325 3326/3326/3326 3327/3327/3327
f 3325/3325/3325 3327/3327/3327 3328/3328/3328
f 3329/3329/3329 3330/3330/3330 3334/3334/3334
f 3329/3329/3329 3334/3334/3334 3333/3333/3333
f 3330/3330/3330 3331/3331/3331 3335/3335/3335
f 3330/3330/3330 3335/3335/3335 3334/3334/3334
f 3331/3331/3331 3332/3332/3332 3336/3336/3336
f 3331/3331/3331 3336/3336/3336 3335/3335/3335
f 3332/3332/3332 3329/3329/3329 3333/3333/3333
f 3332/3332/3332 3333/3333/3333 3336/3336/3336
f 3332/3332/3332 3331/3331/3331 3330/3330/3330
f 3332/3332/3332 3330/3330/3330 3329/3329/3329
f 3333/3333/3333 3334/3334/3334 3335/3335/3335
f 3333/3333/3333 3335/3335/3335 3336/3336/3336
f 3337/3337/3337 3338/3338/3338 3342/3342/3342
f 3337/3337/3337 3342/3342/3342 3341/3341/3341
f 3338/3338/3338 3339/3339/3339 3343/3343/3343
f 3338/3338/3338 3343/3343/3343 3342/3342/3342
f 3339/3339/3339 3340/3340/3340 3344/3344/3344
f 3339/3339/3339 3344/3344/3344 3343/3343/3343
f 3340/3340/3340 3337/3337/3337 3341/3341/3341
f 3340/3340/3340 3341/3341/3341 3344/3344/3344
f 3340/3340/3340 3339/3339/3339 3338/3338/3338
f 3340/3340/3340 3338/3338/3338 3337/3337/3337
f 3341/3341/3341 3342/3342/3342 3343/3343/3343
f 3341/3341/3341 3343/3343/3343 3344/3344/3344
f 3345/3345/3345 3346/3346/3346 3350/3350/3350
f 3345/3345/3345 3350/3350/3350 3349/3349/3349
f 3346/3346/3346 3347/3347/3347 3351/3351/3351
f 3346/3346/3346 3351/3351/3351 3350/3350/3350
f 3347/3347/3347 3348/3348/3348 3352/3352/3352
f 3347/3347/3347 3352/3352/3352 3351/3351/3351
f 3348/3348/3348 3345/3345/3345 3349/3349/3349
f 3348/3348/3348 3349/3349/3349 3352/3352/3352
f 3348/3348/3348 3347/3347/3347 3346/3346/3346
f 3348/3348/3348 3346/3346/3346 3345/3345/3345
f 3349/3349/3349 3350/3350/3350 3351/3351/3351
f 3349/3349/3349 3351/3351/3351 3352/3352/3352
f 3353/3353/3353 3354/3354/3354 3358/3358/3358
f 3353/3353/3353 3358/3358/3358 3357/3357/3357
f 3354/3354/3354 3355/3355/3355 3359/3359/3359
f 3354/3354/3354 3359/3359/3359 3358/3358/3358
f 3355/3355/3355 3356/3356/3356 3360/3360/3360
f 3355/3355/3355 3360/3360/3360 3359/3359/3359
f 3356/3356/3356 3353/3353/3353 3357/3357/3357
f 3356/3356/3356 3357/3357/3357 3360/3360/3360
f 3356/3356/3356 3355/3355/3355 3354/3354/3354
f 3356/3356/3356 3354/3354/3354 3353/3353/3353
f 3357/3357/3357 3358/3358/3358 3359/3359/3359
f 3357/3357/3357 3359/3359/3359 3360/3360/3360
f 3361/3361/3361 3362/3362/3362 3366/3366/3366
f 3361/3361/3361 3366/3366/3366 3365/3365/3365
f 3362/3362/3362 3363/3363/3363 3367/3367/3367
f 3362/3362/3362 3367/3367/3367 3366/3366/3366
f 3363/3363/3363 3364/3364/3364 3368/3368/3368
f 3363/3363/3363 3368/3368/3368 3367/3367/3367
f 3364/3364/3364 3361/3361/3361 3365/3365/3365
f 3364/3364/3364 3365/3365/3365 3368/3368/3368
f 3364/3364/3364 3363/3363/3363 3362/3362/3362
f 3364/3364/3364 3362/3362/3362 3361/3361/3361
f 3365/3365/3365 3366/3366/3366 3367/3367/3367
f 3365/3365/3365 3367/3367/3367 3368/3368/3368
f 3369/3369/3369 3370/3370/3370 3374/3374/3374
f 3369/3369/3369 3374/3374/3374 3373/3373/3373
f 3370/3370/3370 3371/3371/3371 3375/3375/3375
f 3370/3370/3370 3375/3375/3375 3374/3374/3374
f 3371/3371/3371 3372/3372/3372 3376/3376/3376
f 3371/3371/3371 3376/3376/3376 3375/3375/3375
f 3372/3372/3372 3369/3369/3369 3373/3373/3373
f 3372/3372/3372 3373/3373/3373 3376/3376/3376
f 3372/3372/3372 3371/3371/3371 3370/3370/3370
f 3372/3372/3372 3370/3370/3370 3369/3369/3369
f 3373/3373/3373 3374/3374/3374 3375/3375/3375
f 3373/3373/3373 3375/3375/3375 3376/3376/3376
f 3377/3377/3377 3378/3378/3378 3382/3382/3382
f 3377/3377/3377 3382/3382/3382 3381/3381/3381
f 3378/3378/3378 3379/3379/3379 3383/3383/3383
f 3378/3378/3378 3383/3383/3383 3382/3382/3382
f 3379/3379/3379 3380/3380/3380 3384/3384/3384
f 3379/3379/3379 3384/3384/3384 3383/3383/3383
f 3380/3380/3380 3377/3377/3377 3381/3381/3381
f 3380/3380/3380 3381/3381/3381 3384/3384/3384
f 3380/3380/3380 3379/3379/3379 3378/3378/3378
f 3380/3380/3380 3378/3378/3378 3377/3377/3377
f 3381/3381/3381 3382/3382/3382 3383/3383/3383
f 3381/3381/3381 3383/3383/3383 3384/3384/3384
f 3385/3385/3385 3386/3386/3386 3390/3390/3390
f 3385/3385/3385 3390/3390/3390 3389/3389/3389
f 3386/3386/3386 3387/3387/3387 3391/3391/3391
f 3386/3386/3386 3391/3391/3391 3390/3390/3390
f 3387/3387/3387 3388/3388/3388 3392/3392/3392
f 3387/3387/3387 3392/3392/3392 3391/3391/3391
f 3388/3388/3388 3385/3385/3385 3389/3389/3389
f 3388/3388/3388 3389/3389/3389 3392/3392/3392
f 3388/3388/3388 3387/3387/3387 3386/3386/3386
f 3388/3388/3388 3386/3386/3386 3385/3385/3385
f 3389/3389/3389 3390/3390/3390 3391/3391/3391
f 3389/3389/3389 3391/3391/3391 3392/3392/3392
f 3393/3393/3393 3394/3394/3394 3398/3398/3398
f 3393/3393/3393 3398/3398/3398 3397/3397/3397
f 3394/3394/3394 3395/3395/3395 3399/3399/3399
f 3394/3394/3394 3399/3399/3399 3398/3398/3398
f 3395/3395/3395 3396/3396/3396 3400/3400/3400
f 3395/3395/3395 3400/3400/3400 3399/3399/3399
f 3396/3396/3396 3393/3393/3393 3397/3397/3397
f 3396/3396/3396 3397/3397/3397 3400/3400/3400
f 3396/3396/3396 3395/3395/3395 3394/3394/3394
f 3396/3396/3396 3394/3394/3394 3393/3393/3393
f 3397/3397/3397 3398/3398/3398 3399/3399/3399
f 3397/3397/3397 3399/3399/3399 3400/3400/3400
f 3401/3401/3401 3402/3402/3402 3406/3406/3406
f 3401/3401/3401 3406/3406/3406 3405/3405/3405
f 3402/3402/3402 3403/3403/3403 3407/3407/3407
f 3402/3402/3402 3407/3407/3407 3406/3406/3406
f 3403/3403/3403 3404/3404/3404 3408/3408/3408
f 3403/3403/3403 3408/3408/3408 3407/3407/3407
f 3404/3404/3404 3401/3401/3401 3405/3405/3405
f 3404/3404/3404 3405/3405/3405 3408/3408/3408
f 3404/3404/3404 3403/3403/3403 3402/3402/3402
f 3404/3404/3404 3402/3402/3402 3401/3401/3401
f 3405/3405/3405 3406/3406/3406 3407/3407/3407
f 3405/3405/3405 3407/3407/3407 3408/3408/3408
f 3409/3409/3409 3410/3410/3410 3414/3414/3414
f 3409/3409/3409 3414/3414/3414 3413/3413/3413
f 3410/3410/3410 3411/3411/3411 3415/3415/3415
f 3410/3410/3410 3415/3415/3415 3414/3414/3414
f 3411/3411/3411 3412/3412/3412 3416/3416/3416
f 3411/3411/3411 3416/3416/3416 3415/3415/3415
f 3412/3412/3412 3409/3409/3409 3413/3413/3413
f 3412/3412/3412 3413/3413/3413 3416/3416/3416
f 3412/3412/3412 3411/3411/3411 3410/3410/3410
f 3412/3412/3412 3410/3410/3410 3409/3409/3409
f 3413/3413/3413 3414/3414/3414 3415/3415/3415
f 3413/3413/3413 3415/3415/3415 3416/3416/3416
f 3417/3417/3417 3418/3418/3418 3422/3422/3422
f 3417/3417/3417 3422/3422/3422 3421/3421/3421
f 3418/3418/3418 3419/3419/3419 3423/3423/3423
f 3418/3418/3418 3423/3423/3423 3422/3422/3422
f 3419/3419/3419 3420/3420/3420 3424/3424/3424
f 3419/3419/3419 3424/3424/3424 3423/3423/3423
f 3420/3420/3420 3417/3417/3417 3421/3421/3421
f 3420/3420/3420 3421/3421/3421 3424/3424/3424
f 3420/3420/3420 3419/3419/3419 3418/3418/3418
f 3420/3420/3420 3418/3418/3418 3417/3417/3417
f 3421/3421/3421 3422/3422/3422 3423/3423/3423
f 3421/3421/3421 3423/3423/3423 3424/3424/3424
f 3425/3425/3425 3426/3426/3426 3430/3430/3430
f 3425/3425/3425 3430/3430/3430 3429/3429/3429
f 3426/3426/3426 3427/3427/3427 3431/3431/3431
f 3426/3426/3426 3431/3431/3431 3430/3430/3430
f 3427/3427/3427 3428/3428/3428 3432/3432/3432
f 3427/3427/3427 3432/3432/3432 3431/3431/3431
f 3428/3428/3428 3425/3425/3425 3429/3429/3429
f 3428/3428/3428 3429/3429/3429 3432/3432/3432
f 3428/3428/3428 3427/3427/3427 3426/3426/3426
f 3428/3428/3428 3426/3426/3426 3425/3425/3425
f 3429/3429/3429 3430/3430/3430 3431/3431/3431
f 3429/3429/3429 3431/3431/3431 3432/3432/3432
f 3433/3433/3433 3434/3434/3434 3438/3438/3438
f 3433/3433/3433 3438/3438/3438 3437/3437/3437
f 3434/3434/3434 3435/3435/3435 3439/3439/3439
f 3434/3434/3434 3439/3439/3439 3438/3438/3438
f 3435/3435/3435 3436/3436/3436 3440/3440/3440
f 3435/3435/3435 3440/3440/3440 3439/3439/3439
f 3436/3436/3436 3433/3433/3433 3437/3437/3437
f 3436/3436/3436 3437/3437/3437 3440/3440/3440
f 3436/3436/3436 3435/3435/3435 3434/3434/3434
f 3436/3436/3436 3434/3434/3434 3433/3433/3433
f 3437/3437/3437 3438/3438/3438 3439/3439/3439
f 3437/3437/3437 3439/3439/3439 3440/3440/3440
f 3441/3441/3441 3442/3442/3442 3446/3446/3446
f 3441/3441/3441 3446/3446/3446 3445/3445/3445
f 3442/3442/3442 3443/3443/3443 3447/3447/3447
f 3442/3442/3442 3447/3447/3447 3446/3446/3446
f 3443/3443/3443 3444/3444/3444 3448/3448/3448
f 3443/3443/3443 3448/3448/3448 3447/3447/3447
f 3444/3444/3444 3441/3441/3441 3445/3445/3445
f 3444/3444/3444 3445/3445/3445 3448/3448/3448
f 3444/3444/3444 3443/3443/3443 3442/3442/3442
f 3444/3444/3444 3442/3442/3442 3441/3441/3441
f 3445/3445/3445 3446/3446/3446 3447/3447/3447
f 3445/3445/3445 3447/3447/3447 3448/3448/3448
f 3449/3449/3449 3450/3450/3450 3454/3454/3454
f 3449/3449/3449 3454/3454/3454 3453/3453/3453
f 3450/3450/3450 3451/3451/3451 3455/3455/3455
f 3450/3450/3450 3455/3455/3455 3454/3454/3454
f 3451/3451/3451 3452/3452/3452 3456/3456/3456
f 3451/3451/3451 3456/3456/3456 3455/3455/3455
f 3452/3452/3452 3449/3449/3449 3453/3453/3453
f 3452/3452/3452 3453/3453/3453 3456/3456/3456
f 3452/3452/3452 3451/3451/3451 3450/3450/3450
f 3452/3452/3452 3450/3450/3450 3449/3449/3449
f 3453/3453/3453 3454/3454/3454 3455/3455/3455
f 3453/3453/3453 3455/3455/3455 3456/3456/3456
f 3457/3457/3457 3458/3458/3458 3462/3462/3462
f 3457/3457/3457 3462/3462/3462 3461/3461/3461
f 3458/3458/3458 3459/3459/3459 3463/3463/3463
f 3458/3458/3458 3463/3463/3463 3462/3462/3462
f 3459/3459/3459 3460/3460/3460 3464/3464/3464
f 3459/3459/3459 3464/3464/3464 3463/3463/3463
f 3460/3460/3460 3457/3457/3457 3461/3461/3461
f 3460/3460/3460 3461/3461/3461 3464/3464/3464
f 3460/3460/3460 3459/3459/3459 3458/3458/3458
f 3460/3460/3460 3458/3458/3458 3457/3457/3457
f 3461/3461/3461 3462/3462/3462 3463/3463/3463
f 3461/3461/3461 3463/3463/3463 3464/3464/3464
f 3465/3465/3465 3466/3466/3466 3470/3470/3470
f 3465/3465/3465 3470/3470/3470 3469/3469/3469
f 3466/3466/3466 3467/3467/3467 3471/3471/3471
f 3466/3466/3466 3471/3471/3471 3470/3470/3470
f 3467/3467/3467 3468/3468/3468 3472/3472/3472
f 3467/3467/3467 3472/3472/3472 3471/3471/3471
f 3468/3468/3468 3465/3465/3465 3469/3469/3469
f 3468/3468/3468 3469/3469/3469 3472/3472/3472
f 3468/3468/3468 3467/3467/3467 3466/3466/3466
f 3468/3468/3468 3466/3466/3466 3465/3465/3465
f 3469/3469/3469 3470/3470/3470 3471/3471/3471
f 3469/3469/3469 3471/3471/3471 3472/3472/3472
f 3473/3473/3473 3474/3474/3474 3478/3478/3478
f 3473/3473/3473 3478/3478/3478 3477/3477/3477
f 3474/3474/3474 3475/3475/3475 3479/3479/3479
f 3474/3474/3474 3479/3479/3479 3478/3478/3478
f 3475/3475/3475 3476/3476/3476 3480/3480/3480
f 3475/3475/3475 3480/3480/3480 3479/3479/3479
f 3476/3476/3476 3473/3473/3473 3477/3477/3477
f 3476/3476/3476 3477/3477/3477 3480/3480/3480
f 3476/3476/3476 3475/3475/3475 3474/3474/3474
f 3476/3476/3476 3474/3474/3474 3473/3473/3473
f 3477/3477/3477 3478/3478/3478 3479/3479/3479
f 3477/3477/3477 3479/3479/3479 3480/3480/3480
f 3481/3481/3481 3482/3482/3482 3486/3486/3486
f 3481/3481/3481 3486/3486/3486 3485/3485/3485
f 3482/3482/3482 3483/3483/3483 3487/3487/3487
f 3482/3482/3482 3487/3487/3487 3486/3486/3486
f 3483/3483/3483 3484/3484/3484 3488/3488/3488
f 3483/3483/3483 3488/3488/3488 3487/3487/3487
f 3484/3484/3484 3481/3481/3481 3485/3485/3485
f 3484/3484/3484 3485/3485/3485 3488/3488/3488
f 3484/3484/3484 3483/3483/3483 3482/3482/3482
f 3484/3484/3484 3482/3482/3482 3481/3481/3481
f 3485/3485/3485 3486/3486/3486 3487/3487/3487
f 3485/3485/3485 3487/3487/3487 3488/3488/3488
f 3489/3489/3489 3490/3490/3490 3494/3494/3494
f 3489/3489/3489 3494/3494/3494 3493/3493/3493
f 3490/3490/3490 3491/3491/3491 3495/3495/3495
f 3490/3490/3490 3495/3495/3495 3494/3494/3494
f 3491/3491/3491 3492/3492/3492 3496/3496/3496
f 3491/3491/3491 3496/3496/3496 3495/3495/3495
f 3492/3492/3492 3489/3489/3489 3493/3493/3493
f 3492/3492/3492 3493/3493/3493 3496/3496/3496
f 3492/3492/3492 3491/3491/3491 3490/3490/3490
f 3492/3492/3492 3490/3490/3490 3489/3489/3489
f 3493/3493/3493 3494/3494/3494 3495/3495/3495
f 3493/3493/3493 3495/3495/3495 3496/3496/3496
f 3497/3497/3497 3498/3498/3498 3502/3502/3502
f 3497/3497/3497 3502/3502/3502 3501/3501/3501
f 3498/3498/3498 3499/3499/3499 3503/3503/3503
f 3498/3498/3498 3503/3503/3503 3502/3502/3502
f 3499/3499/3499 3500/3500/3500 3504/3504/3504
f 3499/3499/3499 3504/3504/3504 3503/3503/3503
f 3500/3500/3500 3497/3497/3497 3501/3501/3501
f 3500/3500/3500 3501/3501/3501 3504/3504/3504
f 3500/3500/3500 3499/3499/3499 3498/3498/3498
f 3500/3500/3500 3498/3498/3498 3497/3497/3497
f 3501/3501/3501 3502/3502/3502 3503/3503/3503
f 3501/3501/3501 3503/3503/3503 3504/3504/3504
f 3505/3505/3505 3506/3506/3506 3510/3510/3510
f 3505/3505/3505 3510/3510/3510 3509/3509/3509
f 3506/3506/3506 3507/3507/3507 3511/3511/3511
f 3506/3506/3506 3511/3511/3511 3510/3510/3510
f 3507/3507/3507 3508/3508/3508 3512/3512/3512
f 3507/3507/3507 3512/3512/3512 3511/3511/3511
f 3508/3508/3508 3505/3505/3505 3509/3509/3509
f 3508/3508/3508 3509/3509/3509 3512/3512/3512
f 3508/3508/3508 3507/3507/3507 3506/3506/3506
f 3508/3508/3508 3506/3506/3506 3505/3505/3505
f 3509/3509/3509 3510/3510/3510 3511/3511/3511
f 3509/3509/3509 3511/3511/3511 3512/3512/3512
f 3513/3513/3513 3514/3514/3514 3518/3518/3518
f 3513/3513/3513 3518/3518/3518 3517/3517/3517
f 3514/3514/3514 3515/3515/3515 3519/3519/3519
f 3514/3514/3514 3519/3519/3519 3518/3518/3518
f 3515/3515/3515 3516/3516/3516 3520/3520/3520
f 3515/3515/3515 3520/3520/3520 3519/3519/3519
f 3516/3516/3516 3513/3513/3513 3517/3517/3517
f 3516/3516/3516 3517/3517/3517 3520/3520/3520
f 3516/3516/3516 3515/3515/3515 3514/3514/3514
f 3516/3516/3516 3514/3514/3514 3513/3513/3513
f 3517/3517/3517 3518/3518/3518 3519/3519/3519
f 3517/3517/3517 3519/3519/3519 3520/3520/3520
f 3521/3521/3521 3522/3522/3522 3526/3526/3526
f 3521/3521/3521 3526/3526/3526 3525/3525/3525
f 3522/3522/3522 3523/3523/3523 3527/3527/3527
f 3522/3522/3522 3527/3527/3527 3526/3526/3526
f 3523/3523/3523 3524/3524/3524 3528/3528/3528
f 3523/3523/3523 3528/3528/3528 3527/3527/3527
f 3524/3524/3524 3521/3521/3521 3525/3525/3525
f 3524/3524/3524 3525/3525/3525 3528/3528/3528
f 3524/3524/3524 3523/3523/3523 3522/3522/3522
f 3524/3524/3524 3522/3522/3522 3521/3521/3521
f 3525/3525/3525 3526/3526/3526 3527/3527/3527
f 3525/3525/3525 3527/3527/3527 3528/3528/3528
f 3529/3529/3529 3530/3530/3530 3534/3534/3534
f 3529/3529/3529 3534/3534/3534 3533/3533/3533
f 3530/3530/3530 3531/3531/3531 3535/3535/3535
f 3530/3530/3530 3535/3535/3535 3534/3534/3534
f 3531/3531/3531 3532/3532/3532 3536/3536/3536
f 3531/3531/3531 3536/3536/3536 3535/3535/3535
f 3532/3532/3532 3529/3529/3529 3533/3533/3533
f 3532/3532/3532 3533/3533/3533 3536/3536/3536
f 3532/3532/3532 3531/3531/3531 3530/3530/3530
f 3532/3532/3532 3530/3530/3530 3529/3529/3529
f 3533/3533/3533 3534/3534/3534 3535/3535/3535
f 3533/3533/3533 3535/3535/3535 3536/3536/3536
f 3537/3537/3537 3538/3538/3538 3539/3539/3539
f 3537/3537/3537 3539/3539/3539 3540/3540/3540
f 3541/3541/3541 3542/3542/3542 3543/3543/3543
f 3541/3541/3541 3543/3543/3543 3544/3544/3544
f 3545/3545/3545 3546/3546/3546 3547/3547/3547
f 3545/3545/3545 3547/3547/3547 3548/3548/3548
f 3549/3549/3549 3550/3550/3550 3551/3551/3551
f 3549/3549/3549 3551/3551/3551 3552/3552/3552
f 3553/3553/3553 3554/3554/3554 3555/3555/3555
f 3553/3553/3553 3555/3555/3555 3556/3556/3556
f 3557/3557/3557 3558/3558/3558 3559/3559/3559
f 3557/3557/3557 3559/3559/3559 3560/3560/3560
f 3561/3561/3561 3562/3562/3562 3563/3563/3563
f 3561/3561/3561 3563/3563/3563 3564/3564/3564
f 3565/3565/3565 3566/3566/3566 3567/3567/3567
f 3565/3565/3565 3567/3567/3567 3568/3568/3568
f 3569/3569/3569 3570/3570/3570 3571/3571/3571
f 3569/3569/3569 3571/3571/3571 3572/3572/3572
f 3573/3573/3573 3574/3574/3574 3575/3575/3575
f 3573/3573/3573 3575/3575/3575 3576/3576/3576
f 3577/3577/3577 3578/3578/3578 3579/3579/3579
f 3577/3577/3577 3579/3579/3579 3580/3580/3580
f 3581/3581/3581 3582/3582/3582 3583/3583/3583
f 3581/3581/3581 3583/3583/3583 3584/3584/3584
f 3585/3585/3585 3586/3586/3586 3590/3590/3590
f 3585/3585/3585 3590/3590/3590 3589/3589/3589
f 3586/3586/3586 3587/3587/3587 3591/3591/3591
f 3586/3586/3586 3591/3591/3591 3590/3590/3590
f 3587/3587/3587 3588/3588/3588 3592/3592/3592
f 3587/3587/3587 3592/3592/3592 3591/3591/3591
f 3588/3588/3588 3585/3585/3585 3589/3589/3589
f 3588/3588/3588 3589/3589/3589 3592/3592/3592
f 3588/3588/3588 3587/3587/3587 3586/3586/3586
f 3588/3588/3588 3586/3586/3586 3585/3585/3585
f 3589/3589/3589 3590/3590/3590 3591/3591/3591
f 3589/3589/3589 3591/3591/3591 3592/3592/3592
f 3593/3593/3593 3594/3594/3594 3598/3598/3598
f 3593/3593/3593 3598/3598/3598 3597/3597/3597
f 3594/3594/3594 3595/3595/3595 3599/3599/3599
f 3594/3594/3594 3599/3599/3599 3598/3598/3598
f 3595/3595/3595 3596/3596/3596 3600/3600/3600
f 3595/3595/3595 3600/3600/3600 3599/3599/3599
f 3596/3596/3596 3593/3593/3593 3597/3597/3597
f 3596/3596/3596 3597/3597/3597 3600/3600/3600
f 3596/3596/3596 3595/3595/3595 3594/3594/3594
f 3596/3596/3596 3594/3594/3594 3593/3593/3593
f 3597/3597/3597 3598/3598/3598 3599/3599/3599
f 3597/3597/3597 3599/3599/3599 3600/3600/3600
f 3601/3601/3601 3602/3602/3602 3606/3606/3606
f 3601/3601/3601 3606/3606/3606 3605/3605/3605
f 3602/3602/3602 3603/3603/3603 3607/3607/3607
f 3602/3602/3602 3607/3607/3607 3606/3606/3606
f 3603/3603/3603 3604/3604/3604 3608/3608/3608
f 3603/3603/3603 3608/3608/3608 3607/3607/3607
f 3604/3604/3604 3601/3601/3601 3605/3605/3605
f 3604/3604/3604 3605/3605/3605 3608/3608/3608
f 3604/3604/3604 3603/3603/3603 3602/3602/3602
f 3604/3604/3604 3602/3602/3602 3601/3601/3601
f 3605/3605/3605 3606/3606/3606 3607/3607/3607
f 3605/3605/3605 3607/3607/3607 3608/3608/3608
f 3609/3609/3609 3610/3610/3610 3614/3614/3614
f 3609/3609/3609 3614/3614/3614 3613/3613/3613
f 3610/3610/3610 3611/3611/3611 3615/3615/3615
f 3610/3610/3610 3615/3615/3615 3614/3614/3614
f 3611/3611/3611 3612/3612/3612 3616/3616/3616
f 3611/3611/3611 3616/3616/3616 3615/3615/3615
f 3612/3612/3612 3609/3609/3609 3613/3613/3613
f 3612/3612/3612 3613/3613/3613 3616/3616/3616
f 3612/3612/3612 3611/3611/3611 3610/3610/3610
f 3612/3612/3612 3610/3610/3610 3609/3609/3609
f 3613/3613/3613 3614/3614/3614 3615/3615/3615
f 3613/3613/3613 3615/3615/3615 3616/3616/3616
f 3617/3617/3617 3618/3618/3618 3622/3622/3622
f 3617/3617/3617 3622/3622/3622 3621/3621/3621
f 3618/3618/3618 3619/3619/3619 3623/3623/3623
f 3618/3618/3618 3623/3623/3623 3622/3622/3622
f 3619/3619/3619 3620/3620/3620 3624/3624/3624
f 3619/3619/3619 3624/3624/3624 3623/3623/3623
f 3620/3620/3620 3617/3617/3617 3621/3621/3621
f 3620/3620/3620 3621/3621/3621 3624/3624/3624
f 3620/3620/3620 3619/3619/3619 3618/3618/3618
f 3620/3620/3620 3618/3618/3618 3617/3617/3617
f 3621/3621/3621 3622/3622/3622 3623/3623/3623
f 3621/3621/3621 3623/3623/3623 3624/3624/3624
f 3625/3625/3625 3626/3626/3626 3630/3630/3630
f 3625/3625/3625 3630/3630/3630 3629/3629/3629
f 3626/3626/3626 3627/3627/3627 3631/3631/3631
f 3626/3626/3626 3631/3631/3631 3630/3630/3630
f 3627/3627/3627 3628/3628/3628 3632/3632/3632
f 3627/3627/3627 3632/3632/3632 3631/3631/3631
f 3628/3628/3628 3625/3625/3625 3629/3629/3629
f 3628/3628/3628 3629/3629/3629 3632/3632/3632
f 3628/3628/3628 3627/3627/3627 3626/3626/3626
f 3628/3628/3628 3626/3626/3626 3625/3625/3625
f 3629/3629/3629 3630/3630/3630 3631/3631/3631
f 3629/3629/3629 3631/3631/3631 3632/3632/3632
f 3633/3633/3633 3634/3634/3634 3638/3638/3638
f 3633/3633/3633 3638/3638/3638 3637/3637/3637
f 3634/3634/3634 3635/3635/3635 3639/3639/3639
f 3634/3634/3634 3639/3639/3639 3638/3638/3638
f 3635/3635/3635 3636/3636/3636 3640/3640/3640
f 3635/3635/3635 3640/3640/3640 3639/3639/3639
f 3636/3636/3636 3633/3633/3633 3637/3637/3637
f 3636/3636/3636 3637/3637/3637 3640/3640/3640
f 3636/3636/3636 3635/3635/3635 3634/3634/3634
f 3636/3636/3636 3634/3634/3634 3633/3633/3633
f 3637/3637/3637 3638/3638/3638 3639/3639/3639
f 3637/3637/3637 3639/3639/3639 3640/3640/3640
f 3641/3641/3641 3642/3642/3642 3646/3646/3646
f 3641/3641/3641 3646/3646/3646 3645/3645/3645
f 3642/3642/3642 3643/3643/3643 3647/3647/3647
f 3642/3642/3642 3647/3647/3647 3646/3646/3646
f 3643/3643/3643 3644/3644/3644 3648/3648/3648
f 3643/3643/3643 3648/3648/3648 3647/3647/3647
f 3644/3644/3644 3641/3641/3641 3645/3645/3645
f 3644/3644/3644 3645/3645/3645 3648/3648/3648
f 3644/3644/3644 3643/3643/3643 3642/3642/3642
f 3644/3644/3644 3642/3642/3642 3641/3641/3641
f 3645/3645/3645 3646/3646/3646 3647/3647/3647
f 3645/3645/3645 3647/3647/3647 3648/3648/3648
f 3649/3649/3649 3650/3650/3650 3654/3654/3654
f 3649/3649/3649 3654/3654/3654 3653/3653/3653
f 3650/3650/3650 3651/3651/3651 3655/3655/3655
f 3650/3650/3650 3655/3655/3655 3654/3654/3654
f 3651/3651/3651 3652/3652/3652 3656/3656/3656
f 3651/3651/3651 3656/3656/3656 3655/3655/3655
f 3652/3652/3652 3649/3649/3649 3653/3653/3653
f 3652/3652/3652 3653/3653/3653 3656/3656/3656
f 3652/3652/3652 3651/3651/3651 3650/3650/3650
f 3652/3652/3652 3650/3650/3650 3649/3649/3649
f 3653/3653/3653 3654/3654/3654 3655/3655/3655
f 3653/3653/3653 3655/3655/3655 3656/3656/3656
f 3657/3657/3657 3658/3658/3658 3662/3662/3662
f 3657/3657/3657 3662/3662/3662 3661/3661/3661
f 3658/3658/3658 3659/3659/3659 3663/3663/3663
f 3658/3658/3658 3663/3663/3663 3662/3662/3662
f 3659/3659/3659 3660/3660/3660 3664/3664/3664
f 3659/3659/3659 3664/3664/3664 3663/3663/3663
f 3660/3660/3660 3657/3657/3657 3661/3661/3661
f 3660/3660/3660 3661/3661/3661 3664/3664/3664
f 3660/3660/3660 3659/3659/3659 3658/3658/3658
f 3660/3660/3660 3658/3658/3658 3657/3657/3657
f 3661/3661/3661 3662/3662/3662 3663/3663/3663
f 3661/3661/3661 3663/3663/3663 3664/3664/3664
f 3665/3665/3665 3666/3666/3666 3670/3670/3670
f 3665/3665/3665 3670/3670/3670 3669/3669/3669
f 3666/3666/3666 3667/3667/3667 3671/3671/3671
f 3666/3666/3666 3671/3671/3671 3670/3670/3670
f 3667/3667/3667 3668/3668/3668 3672/3672/3672
f 3667/3667/3667 3672/3672/3672 3671/3671/3671
f 3668/3668/3668 3665/3665/3665 3669/3669/3669
f 3668/3668/3668 3669/3669/3669 3672/3672/3672
f 3668/3668/3668 3667/3667/3667 3666/3666/3666
f 3668/3668/3668 3666/3666/3666 3665/3665/3665
f 3669/3669/3669 3670/3670/3670 3671/3671/3671
f 3669/3669/3669 3671/3671/3671 3672/3672/3672
f 3673/3673/3673 3674/3674/3674 3678/3678/3678
f 3673/3673/3673 3678/3678/3678 3677/3677/3677
f 3674/3674/3674 3675/3675/3675 3679/3679/3679
f 3674/3674/3674 3679/3679/3679 3678/3678/3678
f 3675/3675/3675 3676/3676/3676 3680/3680/3680
f 3675/3675/3675 3680/3680/3680 3679/3679/3679
f 3676/3676/3676 3673/3673/3673 3677/3677/3677
f 3676/3676/3676 3677/3677/3677 3680/3680/3680
f 3676/3676/3676 3675/3675/3675 3674/3674/3674
f 3676/3676/3676 3674/3674/3674 3673/3673/3673
f 3677/3677/3677 3678/3678/3678 3679/3679/3679
f 3677/3677/3677 3679/3679/3679 3680/3680/3680
f 3681/3681/3681 3682/3682/3682 3686/3686/3686
f 3681/3681/3681 3686/3686/3686 3685/3685/3685
f 3682/3682/3682 3683/3683/3683 3687/3687/3687
f 3682/3682/3682 3687/3687/3687 3686/3686/3686
f 3683/3683/3683 3684/3684/3684 3688/3688/3688
f 3683/3683/3683 3688/3688/3688 3687/3687/3687
f 3684/3684/3684 3681/3681/3681 3685/3685/3685
f 3684/3684/3684 3685/3685/3685 3688/3688/3688
f 3684/3684/3684 3683/3683/3683 3682/3682/3682
f 3684/3684/3684 3682/3682/3682 3681/3681/3681
f 3685/3685/3685 3686/3686/3686 3687/3687/3687
f 3685/3685/3685 3687/3687/3687 3688/3688/3688
f 3689/3689/3689 3690/3690/3690 3694/3694/3694
f 3689/3689/3689 3694/3694/3694 3693/3693/3693
f 3690/3690/3690 3691/3691/3691 3695/3695/3695
f 3690/3690/3690 3695/3695/3695 3694/3694/3694
f 3691/3691/3691 3692/3692/3692 3696/3696/3696
f 3691/3691/3691 3696/3696/3696 3695/3695/3695
f 3692/3692/3692 3689/3689/3689 3693/3693/3693
f 3692/3692/3692 3693/3693/3693 3696/3696/3696
f 3692/3692/3692 3691/3691/3691 3690/3690/3690
f 3692/3692/3692 3690/3690/3690 3689/3689/3689
f 3693/3693/3693 3694/3694/3694 3695/3695/3695
f 3693/3693/3693 3695/3695/3695 3696/3696/3696
f 3697/3697/3697 3698/3698/3698 3702/3702/3702
f 3697/3697/3697 3702/3702/3702 3701/3701/3701
f 3698/3698/3698 3699/3699/3699 3703/3703/3703
f 3698/3698/3698 3703/3703/3703 3702/3702/3702
f 3699/3699/3699 3700/3700/3700 3704/3704/3704
f 3699/3699/3699 3704/3704/3704 3703/3703/3703
f 3700/3700/3700 3697/3697/3697 3701/3701/3701
f 3700/3700/3700 3701/3701/3701 3704/3704/3704
f 3700/3700/3700 3699/3699/3699 3698/3698/3698
f 3700/3700/3700 3698/3698/3698 3697/3697/3697
f 3701/3701/3701 3702/3702/3702 3703/3703/3703
f 3701/3701/3701 3703/3703/3703 3704/3704/3704
f 3705/3705/3705 3706/3706/3706 3710/3710/3710
f 3705/3705/3705 3710/3710/3710 3709/3709/3709
f 3706/3706/3706 3707/3707/3707 3711/3711/3711
f 3706/3706/3706 3711/3711/3711 3710/3710/3710
f 3707/3707/3707 3708/3708/3708 3712/3712/3712
f 3707/3707/3707 3712/3712/3712 3711/3711/3711
f 3708/3708/3708 3705/3705/3705 3709/3709/3709
f 3708/3708/3708 3709/3709/3709 3712/3712/3712
f 3708/3708/3708 3707/3707/3707 3706/3706/3706
f 3708/3708/3708 3706/3706/3706 3705/3705/3705
f 3709/3709/3709 3710/3710/3710 3711/3711/3711
f 3709/3709/3709 3711/3711/3711 3712/3712/3712
f 3713/3713/3713 3714/3714/3714 3718/3718/3718
f 3713/3713/3713 3718/3718/3718 3717/3717/3717
f 3714/3714/3714 3715/3715/3715 3719/3719/3719
f 3714/3714/3714 3719/3719/3719 3718/3718/3718
f 3715/3715/3715 3716/3716/3716 3720/3720/3720
f 3715/3715/3715 3720/3720/3720 3719/3719/3719
f 3716/3716/3716 3713/3713/3713 3717/3717/3717
f 3716/3716/3716 3717/3717/3717 3720/3720/3720
f 3716/3716/3716 3715/3715/3715 3714/3714/3714
f 3716/3716/3716 3714/3714/3714 3713/3713/3713
f 3717/3717/3717 3718/3718/3718 3719/3719/3719
f 3717/3717/3717 3719/3719/3719 3720/3720/3720
f 3721/3721/3721 3722/3722/3722 3726/3726/3726
f 3721/3721/3721 3726/3726/3726 3725/3725/3725
f 3722/3722/3722 3723/3723/3723 3727/3727/3727
f 3722/3722/3722 3727/3727/3727 3726/3726/3726
f 3723/3723/3723 3724/3724/3724 3728/3728/3728
f 3723/3723/3723 3728/3728/3728 3727/3727/3727
f 3724/3724/3724 3721/3721/3721 3725/3725/3725
f 3724/3724/3724 3725/3725/3725 3728/3728/3728
f 3724/3724/3724 3723/3723/3723 3722/3722/3722
f 3724/3724/3724 3722/3722/3722 3721/3721/3721
f 3725/3725/3725 3726/3726/3726 3727/3727/3727
f 3725/3725/3725 3727/3727/3727 3728/3728/3728
f 3729/3729/3729 3730/3730/3730 3734/3734/3734
f 3729/3729/3729 3734/3734/3734 3733/3733/3733
f 3730/3730/3730 3731/3731/3731 3735/3735/3735
f 3730/3730/3730 3735/3735/3735 3734/3734/3734
f 3731/3731/3731 3732/3732/3732 3736/3736/3736
f 3731/3731/3731 3736/3736/3736 3735/3735/3735
f 3732/3732/3732 3729/3729/3729 3733/3733/3733
f 3732/3732/3732 3733/3733/3733 3736/3736/3736
f 3732/3732/3732 3731/3731/3731 3730/3730/3730
f 3732/3732/3732 3730/3730/3730 3729/3729/3729
f 3733/3733/3733 3734/3734/3734 3735/3735/3735
f 3733/3733/3733 3735/3735/3735 3736/3736/3736
f 3737/3737/3737 3738/3738/3738 3742/3742/3742
f 3737/3737/3737 3742/3742/3742 3741/3741/3741
f 3738/3738/3738 3739/3739/3739 3743/3743/3743
f 3738/3738/3738 3743/3743/3743 3742/3742/3742
f 3739/3739/3739 3740/3740/3740 3744/3744/3744
f 3739/3739/3739 3744/3744/3744 3743/3743/3743
f 3740/3740/3740 3737/3737/3737 3741/3741/3741
f 3740/3740/3740 3741/3741/3741 3744/3744/3744
f 3740/3740/3740 3739/3739/3739 3738/3738/3738
f 3740/3740/3740 3738/3738/3738 3737/3737/3737
f 3741/3741/3741 3742/3742/3742 3743/3743/3743
f 3741/3741/3741 3743/3743/3743 3744/3744/3744
f 3745/3745/3745 3746/3746/3746 3750/3750/3750
f 3745/3745/3745 3750/3750/3750 3749/3749/3749
f 3746/3746/3746 3747/3747/3747 3751/3751/3751
f 3746/3746/3746 3751/3751/3751 3750/3750/3750
f 3747/3747/3747 3748/3748/3748 3752/3752/3752
f 3747/3747/3747 3752/3752/3752 3751/3751/3751
f 3748/3748/3748 3745/3745/3745 3749/3749/3749
f 3748/3748/3748 3749/3749/3749 3752/3752/3752
f 3748/3748/3748 3747/3747/3747 3746/3746/3746
f 3748/3748/3748 3746/3746/3746 3745/3745/3745
f 3749/3749/3749 3750/3750/3750 3751/3751/3751
f 3749/3749/3749 3751/3751/3751 3752/3752/3752
f 3753/3753/3753 3754/3754/3754 3758/3758/3758
f 3753/3753/3753 3758/3758/3758 3757/3757/3757
f 3754/3754/3754 3755/3755/3755 3759/3759/3759
f 3754/3754/3754 3759/3759/3759 3758/3758/3758
f 3755/3755/3755 3756/3756/3756 3760/3760/3760
f 3755/3755/3755 3760/3760/3760 3759/3759/3759
f 3756/3756/3756 3753/3753/3753 3757/3757/3757
f 3756/3756/3756 3757/3757/3757 3760/3760/3760
f 3756/3756/3756 3755/3755/3755 3754/3754/3754
f 3756/3756/3756 3754/3754/3754 3753/3753/3753
f 3757/3757/3757 3758/3758/3758 3759/3759/3759
f 3757/3757/3757 3759/3759/3759 3760/3760/3760
f 3761/3761/3761 3762/3762/3762 3766/3766/3766
f 3761/3761/3761 3766/3766/3766 3765/3765/3765
f 3762/3762/3762 3763/3763/3763 3767/3767/3767
f 3762/3762/3762 3767/3767/3767 3766/3766/3766
f 3763/3763/3763 3764/3764/3764 3768/3768/3768
f 3763/3763/3763 3768/3768/3768 3767/3767/3767
f 3764/3764/3764 3761/3761/3761 3765/3765/3765
f 3764/3764/3764 3765/3765/3765 3768/3768/3768
f 3764/3764/3764 3763/3763/3763 3762/3762/3762
f 3764/3764/3764 3762/3762/3762 3761/3761/3761
f 3765/3765/3765 3766/3766/3766 3767/3767/3767
f 3765/3765/3765 3767/3767/3767 3768/3768/3768
f 3769/3769/3769 3770/3770/3770 3774/3774/3774
f 3769/3769/3769 3774/3774/3774 3773/3773/3773
f 3770/3770/3770 3771/3771/3771 3775/3775/3775
f 3770/3770/3770 3775/3775/3775 3774/3774/3774
f 3771/3771/3771 3772/3772/3772 3776/3776/3776
f 3771/3771/3771 3776/3776/3776 3775/3775/3775
f 3772/3772/3772 3769/3769/3769 3773/3773/3773
f 3772/3772/3772 3773/3773/3773 3776/3776/3776
f 3772/3772/3772 3771/3771/3771 3770/3770/3770
f 3772/3772/3772 3770/3770/3770 3769/3769/3769
f 3773/3773/3773 3774/3774/3774 3775/3775/3775
f 3773/3773/3773 3775/3775/3775 3776/3776/3776
f 3777/3777/3777 3778/3778/3778 3782/3782/3782
f 3777/3777/3777 3782/3782/3782 3781/3781/3781
f 3778/3778/3778 3779/3779/3779 3783/3783/3783
f 3778/3778/3778 3783/3783/3783 3782/3782/3782
f 3779/3779/3779 3780/3780/3780 3784/3784/3784
f 3779/3779/3779 3784/3784/3784 3783/3783/3783
f 3780/3780/3780 3777/3777/3777 3781/3781/3781
f 3780/3780/3780 3781/3781/3781 3784/3784/3784
f 3780/3780/3780 3779/3779/3779 3778/3778/3778
f 3780/3780/3780 3778/3778/3778 3777/3777/3777
f 3781/3781/3781 3782/3782/3782 3783/3783/3783
f 3781/3781/3781 3783/3783/3783 3784/3784/3784
f 3785/3785/3785 3786/3786/3786 3790/3790/3790
f 3785/3785/3785 3790/3790/3790 3789/3789/3789
f 3786/3786/3786 3787/3787/3787 3791/3791/3791
f 3786/3786/3786 3791/3791/3791 3790/3790/3790
f 3787/3787/3787 3788/3788/3788 3792/3792/3792
f 3787/3787/3787 3792/3792/3792 3791/3791/3791
f 3788/3788/3788 3785/3785/3785 3789/3789/3789
f 3788/3788/3788 3789/3789/3789 3792/3792/3792
f 3788/3788/3788 3787/3787/3787 3786/3786/3786
f 3788/3788/3788 3786/3786/3786 3785/3785/3785
f 3789/3789/3789 3790/3790/3790 3791/3791/3791
f 3789/3789/3789 3791/3791/3791 3792/3792/3792
f 3793/3793/3793 3794/3794/3794 3798/3798/3798
f 3793/3793/3793 3798/3798/3798 3797/3797/3797
f 3794/3794/3794 3795/3795/3795 3799/3799/3799
f 3794/3794/3794 3799/3799/3799 3798/3798/3798
f 3795/3795/3795 3796/3796/3796 3800/3800/3800
f 3795/3795/3795 3800/3800/3800 3799/3799/3799
f 3796/3796/3796 3793/3793/3793 3797/3797/3797
f 3796/3796/3796 3797/3797/3797 3800/3800/3800
f 3796/3796/3796 3795/3795/3795 3794/3794/3794
f 3796/3796/3796 3794/3794/3794 3793/3793/3793
f 3797/3797/3797 3798/3798/3798 3799/3799/3799
f 3797/3797/3797 3799/3799/3799 3800/3800/3800
f 3801/3801/3801 3802/3802/3802 3806/3806/3806
f 3801/3801/3801 3806/3806/3806 3805/3805/3805
f 3802/3802/3802 3803/3803/3803 3807/3807/3807
f 3802/3802/3802 3807/3807/3807 3806/3806/3806
f 3803/3803/3803 3804/3804/3804 3808/3808/3808
f 3803/3803/3803 3808/3808/3808 3807/3807/3807
f 3804/3804/3804 3801/3801/3801 3805/3805/3805
f 3804/3804/3804 3805/3805/3805 3808/3808/3808
f 3804/3804/3804 3803/3803/3803 3802/3802/3802
f 3804/3804/3804 3802/3802/3802 3801/3801/3801
f 3805/3805/3805 3806/3806/3806 3807/3807/3807
f 3805/3805/3805 3807/3807/3807 3808/3808/3808
f 3809/3809/3809 3810/3810/3810 3814/3814/3814
f 3809/3809/3809 3814/3814/3814 3813/3813/3813
f 3810/3810/3810 3811/3811/3811 3815/3815/3815
f 3810/3810/3810 3815/3815/3815 3814/3814/3814
f 3811/3811/3811 3812/3812/3812 3816/3816/3816
f 3811/3811/3811 3816/3816/3816 3815/3815/3815
f 3812/3812/3812 3809/3809/3809 3813/3813/3813
f 3812/3812/3812 3813/3813/3813 3816/3816/3816
f 3812/3812/3812 3811/3811/3811 3810/3810/3810
f 3812/3812/3812 3810/3810/3810 3809/3809/3809
f 3813/3813/3813 3814/3814/3814 3815/3815/3815
f 3813/3813/3813 3815/3815/3815 3816/3816/3816
f 3817/3817/3817 3818/3818/3818 3822/3822/3822
f 3817/3817/3817 3822/3822/3822 3821/3821/3821
f 3818/3818/3818 3819/3819/3819 3823/3823/3823
f 3818/3818/3818 3823/3823/3823 3822/3822/3822
f 3819/3819/3819 3820/3820/3820 3824/3824/3824
f 3819/3819/3819 3824/3824/3824 3823/3823/3823
f 3820/3820/3820 3817/3817/3817 3821/3821/3821
f 3820/3820/3820 3821/3821/3821 3824/3824/3824
f 3820/3820/3820 3819/3819/3819 3818/3818/3818
f 3820/3820/3820 3818/3818/3818 3817/3817/3817
f 3821/3821/3821 3822/3822/3822 3823/3823/3823
f 3821/3821/3821 3823/3823/3823 3824/3824/3824
f 3825/3825/3825 3826/3826/3826 3830/3830/3830
f 3825/3825/3825 3830/3830/3830 3829/3829/3829
f 3826/3826/3826 3827/3827/3827 3831/3831/3831
f 3826/3826/3826 3831/3831/3831 3830/3830/3830
f 3827/3827/3827 3828/3828/3828 3832/3832/3832
f 3827/3827/3827 3832/3832/3832 3831/3831/3831
f 3828/3828/3828 3825/3825/3825 3829/3829/3829
f 3828/3828/3828 3829/3829/3829 3832/3832/3832
f 3828/3828/3828 3827/3827/3827 3826/3826/3826
f 3828/3828/3828 3826/3826/3826 3825/3825/3825
f 3829/3829/3829 3830/3830/3830 3831/3831/3831
f 3829/3829/3829 3831/3831/3831 3832/3832/3832
f 3833/3833/3833 3834/3834/3834 3838/3838/3838
f 3833/3833/3833 3838/3838/3838 3837/3837/3837
f 3834/3834/3834 3835/3835/3835 3839/3839/3839
f 3834/3834/3834 3839/3839/3839 3838/3838/3838
f 3835/3835/3835 3836/3836/3836 3840/3840/3840
f 3835/3835/3835 3840/3840/3840 3839/3839/3839
f 3836/3836/3836 3833/3833/3833 3837/3837/3837
f 3836/3836/3836 3837/3837/3837 3840/3840/3840
f 3836/3836/3836 3835/3835/3835 3834/3834/3834
f 3836/3836/3836 3834/3834/3834 3833/3833/3833
f 3837/3837/3837 3838/3838/3838 3839/3839/3839
f 3837/3837/3837 3839/3839/3839 3840/3840/3840
f 3841/3841/3841 3842/3842/3842 3846/3846/3846
f 3841/3841/3841 3846/3846/3846 3845/3845/3845
f 3842/3842/3842 3843/3843/3843 3847/3847/3847
f 3842/3842/3842 3847/3847/3847 3846/3846/3846
f 3843/3843/3843 3844/3844/3844 3848/3848/3848
f 3843/3843/3843 3848/3848/3848 3847/3847/3847
f 3844/3844/3844 3841/3841/3841 3845/3845/3845
f 3844/3844/3844 3845/3845/3845 3848/3848/3848
f 3844/3844/3844 3843/3843/3843 3842/3842/3842
f 3844/3844/3844 3842/3842/3842 3841/3841/3841
f 3845/3845/3845 3846/3846/3846 3847/3847/3847
f 3845/3845/3845 3847/3847/3847 3848/3848/3848
f 3849/3849/3849 3850/3850/3850 3854/3854/3854
f 3849/3849/3849 3854/3854/3854 3853/3853/3853
f 3850/3850/3850 3851/3851/3851 3855/3855/3855
f 3850/3850/3850 3855/3855/3855 3854/3854/3854
f 3851/3851/3851 3852/3852/3852 3856/3856/3856
f 3851/3851/3851 3856/3856/3856 3855/3855/3855
f 3852/3852/3852 3849/3849/3849 3853/3853/3853
f 3852/3852/3852 3853/3853/3853 3856/3856/3856
f 3852/3852/3852 3851/3851/3851 3850/3850/3850
f 3852/3852/3852 3850/3850/3850 3849/3849/3849
f 3853/3853/3853 3854/3854/3854 3855/3855/3855
f 3853/3853/3853 3855/3855/3855 3856/3856/3856
f 3857/3857/3857 3858/3858/3858 3862/3862/3862
f 3857/3857/3857 3862/3862/3862 3861/3861/3861
f 3858/3858/3858 3859/3859/3859 3863/3863/3863
f 3858/3858/3858 3863/3863/3863 3862/3862/3862
f 3859/3859/3859 3860/3860/3860 3864/3864/3864
f 3859/3859/3859 3864/3864/3864 3863/3863/3863
f 3860/3860/3860 3857/3857/3857 3861/3861/3861
f 3860/3860/3860 3861/3861/3861 3864/3864/3864
f 3860/3860/3860 3859/3859/3859 3858/3858/3858
f 3860/3860/3860 3858/3858/3858 3857/3857/3857
f 3861/3861/3861 3862/3862/3862 3863/3863/3863
f 3861/3861/3861 3863/3863/3863 3864/3864/3864
f 3865/3865/3865 3866/3866/3866 3870/3870/3870
f 3865/3865/3865 3870/3870/3870 3869/3869/3869
f 3866/3866/3866 3867/3867/3867 3871/3871/3871
f 3866/3866/3866 3871/3871/3871 3870/3870/3870
f 3867/3867/3867 3868/3868/3868 3872/3872/3872
f 3867/3867/3867 3872/3872/3872 3871/3871/3871
f 3868/3868/3868 3865/3865/3865 3869/3869/3869
f 3868/3868/3868 3869/3869/3869 3872/3872/3872
f 3868/3868/3868 3867/3867/3867 3866/3866/3866
f 3868/3868/3868 3866/3866/3866 3865/3865/3865
f 3869/3869/3869 3870/3870/3870 3871/3871/3871
f 3869/3869/3869 3871/3871/3871 3872/3872/3872
f 3873/3873/3873 3874/3874/3874 3878/3878/3878
f 3873/3873/3873 3878/3878/3878 3877/3877/3877
f 3874/3874/3874 3875/3875/3875 3879/3879/3879
f 3874/3874/3874 3879/3879/3879 3878/3878/3878
f 3875/3875/3875 3876/3876/3876 3880/3880/3880
f 3875/3875/3875 3880/3880/3880 3879/3879/3879
f 3876/3876/3876 3873/3873/3873 3877/3877/3877
f 3876/3876/3876 3877/3877/3877 3880/3880/3880
f 3876/3876/3876 3875/3875/3875 3874/3874/3874
f 3876/3876/3876 3874/3874/3874 3873/3873/3873
f 3877/3877/3877 3878/3878/3878 3879/3879/3879
f 3877/3877/3877 3879/3879/3879 3880/3880/3880
f 3881/3881/3881 3882/3882/3882 3886/3886/3886
f 3881/3881/3881 3886/3886/3886 3885/3885/3885
f 3882/3882/3882 3883/3883/3883 3887/3887/3887
f 3882/3882/3882 3887/3887/3887 3886/3886/3886
f 3883/3883/3883 3884/3884/3884 3888/3888/3888
f 3883/3883/3883 3888/3888/3888 3887/3887/3887
f 3884/3884/3884 3881/3881/3881 3885/3885/3885
f 3884/3884/3884 3885/3885/3885 3888/3888/3888
f 3884/3884/3884 3883/3883/3883 3882/3882/3882
f 3884/3884/3884 3882/3882/3882 3881/3881/3881
f 3885/3885/3885 3886/3886/3886 3887/3887/3887
f 3885/3885/3885 3887/3887/3887 3888/3888/3888
f 3889/3889/3889 3890/3890/3890 3894/3894/3894
f 3889/3889/3889 3894/3894/3894 3893/3893/3893
f 3890/3890/3890 3891/3891/3891 3895/3895/3895
f 3890/3890/3890 3895/3895/3895 3894/3894/3894
f 3891/3891/3891 3892/3892/3892 3896/3896/3896
f 3891/3891/3891 3896/3896/3896 3895/3895/3895
f 3892/3892/3892 3889/3889/3889 3893/3893/3893
f 3892/3892/3892 3893/3893/3893 3896/3896/3896
f 3892/3892/3892 3891/3891/3891 3890/3890/3890
f 3892/3892/3892 3890/3890/3890 3889/3889/3889
f 3893/3893/3893 3894/3894/3894 3895/3895/3895
f 3893/3893/3893 3895/3895/3895 3896/3896/3896
f 3897/3897/3897 3898/3898/3898 3902/3902/3902
f 3897/3897/3897 3902/3902/3902 3901/3901/3901
f 3898/3898/3898 3899/3899/3899 3903/3903/3903
f 3898/3898/3898 3903/3903/3903 3902/3902/3902
f 3899/3899/3899 3900/3900/3900 3904/3904/3904
f 3899/3899/3899 3904/3904/3904 3903/3903/3903
f 3900/3900/3900 3897/3897/3897 3901/3901/3901
f 3900/3900/3900 3901/3901/3901 3904/3904/3904
f 3900/3900/3900 3899/3899/3899 3898/3898/3898
f 3900/3900/3900 3898/3898/3898 3897/3897/3897
f 3901/3901/3901 3902/3902/3902 3903/3903/3903
f 3901/3901/3901 3903/3903/3903 3904/3904/3904
f 3905/3905/3905 3906/3906/3906 3910/3910/3910
f 3905/3905/3905 3910/3910/3910 3909/3909/3909
f 3906/3906/3906 3907/3907/3907 3911/3911/3911
f 3906/3906/3906 3911/3911/3911 3910/3910/3910
f 3907/3907/3907 3908/3908/3908 3912/3912/3912
f 3907/3907/3907 3912/3912/3912 3911/3911/3911
f 3908/3908/3908 3905/3905/3905 3909/3909/3909
f 3908/3908/3908 3909/3909/3909 3912/3912/3912
f 3908/3908/3908 3907/3907/3907 3906/3906/3906
f 3908/3908/3908 3906/3906/3906 3905/3905/3905
f 3909/3909/3909 3910/3910/3910 3911/3911/3911
f 3909/3909/3909 3911/3911/3911 3912/3912/3912
f 3913/3913/3913 3914/3914/3914 3918/3918/3918
f 3913/3913/3913 3918/3918/3918 3917/3917/3917
f 3914/3914/3914 3915/3915/3915 3919/3919/3919
f 3914/3914/3914 3919/3919/3919 3918/3918/3918
f 3915/3915/3915 3916/3916/3916 3920/3920/3920
f 3915/3915/3915 3920/3920/3920 3919/3919/3919
f 3916/3916/3916 3913/3913/3913 3917/3917/3917
f 3916/3916/3916 3917/3917/3917 3920/3920/3920
f 3916/3916/3916 3915/3915/3915 3914/3914/3914
f 3916/3916/3916 3914/3914/3914 3913/3913/3913
f 3917/3917/3917 3918/3918/3918 3919/3919/3919
f 3917/3917/3917 3919/3919/3919 3920/3920/3920
f 3921/3921/3921 3922/3922/3922 3926/3926/3926
f 3921/3921/3921 3926/3926/3926 3925/3925/3925
f 3922/3922/3922 3923/3923/3923 3927/3927/3927
f 3922/3922/3922 3927/3927/3927 3926/3926/3926
f 3923/3923/3923 3924/3924/3924 3928/3928/3928
f 3923/3923/3923 3928/3928/3928 3927/3927/3927
f 3924/3924/3924 3921/3921/3921 3925/3925/3925
f 3924/3924/3924 3925/3925/3925 3928/3928/3928
f 3924/3924/3924 3923/3923/3923 3922/3922/3922
f 3924/3924/3924 3922/3922/3922 3921/3921/3921
f 3925/3925/3925 3926/3926/3926 3927/3927/3927
f 3925/3925/3925 3927/3927/3927 3928/3928/3928
